
"C:/lscc/radiant/2023.2/tcltk/windows/bin/tclsh" "FPGA_Intan_Driver_impl_1_synthesize.tcl"

cpe -f FPGA_Intan_Driver_impl_1.cprj PLL_SPI.cprj FIFO_MEM.cprj -a iCE40UP -o FPGA_Intan_Driver_impl_1_cpe.ldc
WARNING <35831026> - No user LDC/SDC file specified in the project.
WARNING <35935050> - input port TRIM9 is not connected on this instance. VDB-5050
WARNING <35935050> - input port TRIM8 is not connected on this instance. VDB-5050
WARNING <35935050> - input port TRIM7 is not connected on this instance. VDB-5050
WARNING <35935050> - input port TRIM6 is not connected on this instance. VDB-5050
WARNING <35935050> - input port TRIM5 is not connected on this instance. VDB-5050
WARNING <35935050> - input port TRIM4 is not connected on this instance. VDB-5050
WARNING <35935050> - input port TRIM3 is not connected on this instance. VDB-5050
WARNING <35935050> - input port TRIM2 is not connected on this instance. VDB-5050
WARNING <35935050> - input port TRIM1 is not connected on this instance. VDB-5050
WARNING <35935050> - input port TRIM0 is not connected on this instance. VDB-5050
WARNING <35935050> - input port I is not connected on this instance. VDB-5050
Top module name (Verilog): PLL_SPI
INFO <35901018> - C:/Users/david/Desktop/WiFi Headstage/WiFiHeadstage V2/FPGA/FPGA_RHS_Driver/PLL_SPI/rtl/PLL_SPI.v(11): compiling module PLL_SPI. VERI-1018
INFO <35901018> - C:/Users/david/Desktop/WiFi Headstage/WiFiHeadstage V2/FPGA/FPGA_RHS_Driver/PLL_SPI/rtl/PLL_SPI.v(105): compiling module PLL_SPI_ipgen_lscc_pll(DIVR=&quot;0&quot;,DIVF=&quot;63&quot;,DIVQ=&quot;4&quot;,FILTER_RANGE=&quot;1&quot;,PLLOUT_SELECT_PORTA=&quot;GENCLK&quot;,PLLOUT_SELECT_PORTB=&quot;GENCLK&quot;,FREQUENCY_PIN_REFERENCECLK=&quot;12.000000&quot;). VERI-1018
INFO <35901018> - C:/lscc/radiant/2023.2/ispfpga/../cae_library/synthesis/verilog/iCE40UP.v(428): compiling module PLL_B(PLLOUT_SELECT_PORTA=&quot;GENCLK&quot;,PLLOUT_SELECT_PORTB=&quot;GENCLK&quot;,DIVF=&quot;63&quot;,DIVQ=&quot;4&quot;,FILTER_RANGE=&quot;1&quot;,FREQUENCY_PIN_REFERENCECLK=&quot;12.000000&quot;). VERI-1018
WARNING <35935049> - input port sclk_i remains unconnected for this instance. VDB-5049
WARNING <35935049> - input port sdi_i remains unconnected for this instance. VDB-5049
Last elaborated design is PLL_SPI()
Source compile complete.
WARNING <35935050> - input port TRIM9 is not connected on this instance. VDB-5050
WARNING <35935050> - input port TRIM8 is not connected on this instance. VDB-5050
WARNING <35935050> - input port TRIM7 is not connected on this instance. VDB-5050
WARNING <35935050> - input port TRIM6 is not connected on this instance. VDB-5050
WARNING <35935050> - input port TRIM5 is not connected on this instance. VDB-5050
WARNING <35935050> - input port TRIM4 is not connected on this instance. VDB-5050
WARNING <35935050> - input port TRIM3 is not connected on this instance. VDB-5050
WARNING <35935050> - input port TRIM2 is not connected on this instance. VDB-5050
WARNING <35935050> - input port TRIM1 is not connected on this instance. VDB-5050
WARNING <35935050> - input port TRIM0 is not connected on this instance. VDB-5050
WARNING <35935050> - input port I is not connected on this instance. VDB-5050
Top module name (Verilog): FIFO_MEM
INFO <35901018> - C:/Users/david/Desktop/WiFi Headstage/WiFiHeadstage V2/FPGA/FPGA_RHS_Driver/FIFO_MEM/rtl/FIFO_MEM.v(11): compiling module FIFO_MEM. VERI-1018
INFO <35901018> - C:/Users/david/Desktop/WiFi Headstage/WiFiHeadstage V2/FPGA/FPGA_RHS_Driver/FIFO_MEM/rtl/FIFO_MEM.v(121): compiling module FIFO_MEM_ipgen_lscc_fifo(ADDRESS_DEPTH=256,ADDRESS_WIDTH=8,DATA_WIDTH=32,ALMOST_FULL_ASSERT_LVL=255,ALMOST_FULL_DEASSERT_LVL=254,ALMOST_EMPTY_DEASSERT_LVL=2,ENABLE_DATA_COUNT=&quot;TRUE&quot;,FAMILY=&quot;iCE40UP&quot;). VERI-1018
INFO <35901018> - C:/Users/david/Desktop/WiFi Headstage/WiFiHeadstage V2/FPGA/FPGA_RHS_Driver/FIFO_MEM/rtl/FIFO_MEM.v(273): compiling module FIFO_MEM_ipgen_lscc_fifo_main(ADDRESS_DEPTH=256,ADDRESS_WIDTH=8,DATA_WIDTH=32,ALMOST_FULL_ASSERT_LVL=255,ALMOST_FULL_DEASSERT_LVL=254,ALMOST_EMPTY_DEASSERT_LVL=2,ENABLE_DATA_COUNT=&quot;TRUE&quot;,FAMILY=&quot;iCE40UP&quot;). VERI-1018
INFO <35901018> - C:/Users/david/Desktop/WiFi Headstage/WiFiHeadstage V2/FPGA/FPGA_RHS_Driver/FIFO_MEM/rtl/FIFO_MEM.v(2590): compiling module FIFO_MEM_ipgen_lscc_soft_fifo(ADDRESS_DEPTH=256,ADDRESS_WIDTH=8,DATA_WIDTH=32,ALMOST_FULL_ASSERT_LVL=255,ALMOST_FULL_DEASSERT_LVL=254,ALMOST_EMPTY_DEASSERT_LVL=2,ENABLE_DATA_COUNT=&quot;TRUE&quot;,FAMILY=&quot;iCE40UP&quot;). VERI-1018
Last elaborated design is FIFO_MEM()
Source compile complete.
SDC Initialization for FIFO_MEM finished.
SDC Distribution for FIFO_MEM finished.
INFO <35831038> - Setting top_level as top module.
WARNING <35831026> - No user LDC/SDC file specified in the project.
WARNING <35935050> - input port TRIM9 is not connected on this instance. VDB-5050
WARNING <35935050> - input port TRIM8 is not connected on this instance. VDB-5050
WARNING <35935050> - input port TRIM7 is not connected on this instance. VDB-5050
WARNING <35935050> - input port TRIM6 is not connected on this instance. VDB-5050
WARNING <35935050> - input port TRIM5 is not connected on this instance. VDB-5050
WARNING <35935050> - input port TRIM4 is not connected on this instance. VDB-5050
WARNING <35935050> - input port TRIM3 is not connected on this instance. VDB-5050
WARNING <35935050> - input port TRIM2 is not connected on this instance. VDB-5050
WARNING <35935050> - input port TRIM1 is not connected on this instance. VDB-5050
WARNING <35935050> - input port TRIM0 is not connected on this instance. VDB-5050
WARNING <35935050> - input port I is not connected on this instance. VDB-5050
Analyzing Verilog file c:/lscc/radiant/2023.2/ip/pmi/pmi_ice40up.v. VERI-1482
Analyzing Verilog file pll_spi.v. VERI-1482
Analyzing Verilog file fifo_mem.v. VERI-1482
Top module language type = VHDL.
INFO <35901018> - fifo_mem.v(63): compiling module FIFO_MEM. VERI-1018
WARNING <35935049> - input port i_RHS_STIM_START remains unconnected for this instance. VDB-5049
WARNING <35935049> - input port i_NUM_CHANNEL_SEL remains unconnected for this instance. VDB-5049
WARNING <35935049> - input port i_CH_BANK_SEL remains unconnected for this instance. VDB-5049
WARNING <35935049> - input port i_BLE_SYNC remains unconnected for this instance. VDB-5049
INFO <35901018> - pll_spi.v(63): compiling module PLL_SPI. VERI-1018
Top module name (VHDL, mixed language): top_level
Source compile complete.
Starting IP constraint check for FIFO_MEM.
Starting IP constraint check for #    set_false_path -from [get_ports rst_i].
Starting IP constraint check for #    set_false_path -from [get_ports rst_i].
Starting IP constraint check for PLL_SPI.
Writing output files.
CPE Completed. FPGA_Intan_Driver_impl_1_cpe.ldc and CPEReport.txt produced.



synthesis -f FPGA_Intan_Driver_impl_1_lattice.synproj
synthesis:  version Radiant Software (64-bit) 2023.2.1.288.0

Copyright (c) 1991-1994 by NeoCAD Inc. All rights reserved.
Copyright (c) 1995 AT&T Corp.   All rights reserved.
Copyright (c) 1995-2001 Lucent Technologies Inc.  All rights reserved.
Copyright (c) 2001 Agere Systems   All rights reserved.
Copyright (c) 2002-2023 Lattice Semiconductor Corporation,  All rights reserved.
Fri Aug  7 15:17:34 2026


Command Line:  C:\lscc\radiant\2023.2\ispfpga\bin\nt64\synthesis.exe -f FPGA_Intan_Driver_impl_1_lattice.synproj -gui -msgset C:/Users/david/Desktop/WiFi Headstage/WiFiHeadstage V2/FPGA/FPGA_RHS_Driver/promote.xml 

INFO <35002000> - synthesis: Lattice Synthesis Engine Launched.
Synthesis options:
The -a option is iCE40UP.
The -t option is SG48.
The -sp option is High-Performance_1.2V.
The -p option is iCE40UP5K.
                                                          


##########################################################


### Lattice Family     : iCE40UP


### Device             : iCE40UP5K


### Package            : SG48


### Performance Grade  : High-Performance_1.2V


                                                         


INFO <35001786> - User-Selected Strategy Settings
Optimization goal = Area
Top-level module name = top_level.
Target frequency = 200.000000 MHz.
Maximum fanout = 1000.
Timing path count = 3 (default)
RWCheckOnRam = 0

BRAM utilization = 100.000000 %
DSP usage = true
DSP utilization = 100.000000 %
fsm_encoding_style = auto
resolve_mixed_drivers = 0
fix_gated_clocks = 1


Mux style = auto (Default)
Use Carry Chain = true
carry_chain_length = 0
Loop Limit = 1950.
Use IO Insertion = TRUE
Use IO Reg = AUTO

Resource Sharing = TRUE
Propagate Constants = TRUE
Remove Duplicate Registers = TRUE
Output HDL file name = FPGA_Intan_Driver_impl_1.vm.
ROM style = auto
RAM style = auto
The -comp option is FALSE.
The -syn option is FALSE.
-sdc option: SDC file input is FPGA_Intan_Driver_impl_1_cpe.ldc.
-path C:/Users/david/Desktop/WiFi Headstage/WiFiHeadstage V2/FPGA/FPGA_RHS_Driver (searchpath added)
-path C:/Users/david/Desktop/WiFi Headstage/WiFiHeadstage V2/FPGA/FPGA_RHS_Driver/FIFO_MEM (searchpath added)
-path C:/Users/david/Desktop/WiFi Headstage/WiFiHeadstage V2/FPGA/FPGA_RHS_Driver/PLL_SPI (searchpath added)
-path C:/Users/david/Desktop/WiFi Headstage/WiFiHeadstage V2/FPGA/FPGA_RHS_Driver/impl_1 (searchpath added)
-path C:/lscc/radiant/2023.2/ispfpga/ice40tp/data (searchpath added)
Mixed language design
Verilog design file = C:/lscc/radiant/2023.2/ip/pmi/pmi_iCE40UP.v
Verilog design file = C:/Users/david/Desktop/WiFi Headstage/WiFiHeadstage V2/FPGA/FPGA_RHS_Driver/PLL_SPI/rtl/PLL_SPI.v
Verilog design file = C:/Users/david/Desktop/WiFi Headstage/WiFiHeadstage V2/FPGA/FPGA_RHS_Driver/FIFO_MEM/rtl/FIFO_MEM.v
VHDL library = pmi
VHDL design file = C:/lscc/radiant/2023.2/ip/pmi/pmi_iCE40UP.vhd
VHDL library = work
VHDL design file = C:/Users/david/Desktop/WiFi Headstage/WiFiHeadstage V2/FPGA/FPGA_RHS_Driver/source/impl_1/Controller_RHD_Sampling_tb.vhd
VHDL library = work
VHDL design file = C:/Users/david/Desktop/WiFi Headstage/WiFiHeadstage V2/FPGA/FPGA_RHS_Driver/source/impl_1/top_level.vhd
VHDL library = work
VHDL design file = C:/Users/david/Desktop/WiFi Headstage/WiFiHeadstage V2/FPGA/FPGA_RHS_Driver/source/impl_1/Controller_RHD_Sampling.vhd
VHDL library = work
VHDL design file = C:/Users/david/Desktop/WiFi Headstage/WiFiHeadstage V2/FPGA/FPGA_RHS_Driver/source/impl_1/Controller_RHD_FIFO.vhd
VHDL library = work
VHDL design file = C:/Users/david/Desktop/WiFi Headstage/WiFiHeadstage V2/FPGA/FPGA_RHS_Driver/source/impl_1/SPI_Master_CS.vhd
VHDL library = work
VHDL design file = C:/Users/david/Desktop/WiFi Headstage/WiFiHeadstage V2/FPGA/FPGA_RHS_Driver/source/impl_1/SPI_Master.vhd
The -r option is OFF. [ Remove LOC Properties is OFF. ]
WARNING <35935050> - input port TRIM9 is not connected on this instance. VDB-5050
WARNING <35935050> - input port TRIM8 is not connected on this instance. VDB-5050
WARNING <35935050> - input port TRIM7 is not connected on this instance. VDB-5050
WARNING <35935050> - input port TRIM6 is not connected on this instance. VDB-5050
WARNING <35935050> - input port TRIM5 is not connected on this instance. VDB-5050
WARNING <35935050> - input port TRIM4 is not connected on this instance. VDB-5050
WARNING <35935050> - input port TRIM3 is not connected on this instance. VDB-5050
WARNING <35935050> - input port TRIM2 is not connected on this instance. VDB-5050
WARNING <35935050> - input port TRIM1 is not connected on this instance. VDB-5050
WARNING <35935050> - input port TRIM0 is not connected on this instance. VDB-5050
WARNING <35935050> - input port I is not connected on this instance. VDB-5050
Compile design.
Compile Design Begin
Analyzing Verilog file c:/lscc/radiant/2023.2/ip/pmi/pmi_ice40up.v. VERI-1482
INFO <35901328> - c:/lscc/radiant/2023.2/ip/pmi/pmi_ice40up.v(1): analyzing included file c:/lscc/radiant/2023.2/ip/pmi/pmi_addsub.v. VERI-1328
INFO <35901328> - c:/lscc/radiant/2023.2/ip/pmi/pmi_addsub.v(40): analyzing included file c:/lscc/radiant/2023.2/ip/pmi/../common/adder_subtractor/rtl/lscc_add_sub.v. VERI-1328
INFO <35901328> - c:/lscc/radiant/2023.2/ip/pmi/pmi_ice40up.v(2): analyzing included file c:/lscc/radiant/2023.2/ip/pmi/pmi_add.v. VERI-1328
INFO <35901328> - c:/lscc/radiant/2023.2/ip/pmi/pmi_add.v(50): analyzing included file c:/lscc/radiant/2023.2/ip/pmi/../common/adder/rtl/lscc_adder.v. VERI-1328
INFO <35901328> - c:/lscc/radiant/2023.2/ip/pmi/pmi_ice40up.v(3): analyzing included file c:/lscc/radiant/2023.2/ip/pmi/pmi_complex_mult.v. VERI-1328
INFO <35901328> - c:/lscc/radiant/2023.2/ip/pmi/pmi_complex_mult.v(52): analyzing included file c:/lscc/radiant/2023.2/ip/pmi/../common/complex_mult/rtl/lscc_complex_mult.v. VERI-1328
INFO <35901328> - c:/lscc/radiant/2023.2/ip/pmi/pmi_ice40up.v(4): analyzing included file c:/lscc/radiant/2023.2/ip/pmi/pmi_counter.v. VERI-1328
INFO <35901328> - c:/lscc/radiant/2023.2/ip/pmi/pmi_counter.v(39): analyzing included file c:/lscc/radiant/2023.2/ip/pmi/../common/counter/rtl/lscc_cntr.v. VERI-1328
INFO <35901328> - c:/lscc/radiant/2023.2/ip/pmi/pmi_ice40up.v(5): analyzing included file c:/lscc/radiant/2023.2/ip/pmi/pmi_fifo.v. VERI-1328
INFO <35901328> - c:/lscc/radiant/2023.2/ip/pmi/pmi_fifo.v(44): analyzing included file c:/lscc/radiant/2023.2/ip/pmi/../avant/fifo/rtl/lscc_fifo.v. VERI-1328
INFO <35901328> - c:/lscc/radiant/2023.2/ip/pmi/pmi_ice40up.v(6): analyzing included file c:/lscc/radiant/2023.2/ip/pmi/pmi_fifo_dc.v. VERI-1328
INFO <35901328> - c:/lscc/radiant/2023.2/ip/pmi/pmi_fifo_dc.v(47): analyzing included file c:/lscc/radiant/2023.2/ip/pmi/../avant/fifo_dc/rtl/lscc_fifo_dc.v. VERI-1328
INFO <35901328> - c:/lscc/radiant/2023.2/ip/pmi/pmi_ice40up.v(7): analyzing included file c:/lscc/radiant/2023.2/ip/pmi/pmi_mac.v. VERI-1328
INFO <35901328> - c:/lscc/radiant/2023.2/ip/pmi/pmi_mac.v(52): analyzing included file c:/lscc/radiant/2023.2/ip/pmi/../common/mult_accumulate/rtl/lscc_mult_accumulate.v. VERI-1328
INFO <35901328> - c:/lscc/radiant/2023.2/ip/pmi/pmi_ice40up.v(8): analyzing included file c:/lscc/radiant/2023.2/ip/pmi/pmi_multaddsubsum.v. VERI-1328
INFO <35901328> - c:/lscc/radiant/2023.2/ip/pmi/pmi_multaddsubsum.v(53): analyzing included file c:/lscc/radiant/2023.2/ip/pmi/../common/mult_add_sub_sum/rtl/lscc_mult_add_sub_sum.v. VERI-1328
INFO <35901328> - c:/lscc/radiant/2023.2/ip/pmi/pmi_ice40up.v(9): analyzing included file c:/lscc/radiant/2023.2/ip/pmi/pmi_multaddsub.v. VERI-1328
INFO <35901328> - c:/lscc/radiant/2023.2/ip/pmi/pmi_multaddsub.v(52): analyzing included file c:/lscc/radiant/2023.2/ip/pmi/../common/mult_add_sub/rtl/lscc_mult_add_sub.v. VERI-1328
INFO <35901328> - c:/lscc/radiant/2023.2/ip/pmi/pmi_ice40up.v(10): analyzing included file c:/lscc/radiant/2023.2/ip/pmi/pmi_mult.v. VERI-1328
INFO <35901328> - c:/lscc/radiant/2023.2/ip/pmi/pmi_mult.v(51): analyzing included file c:/lscc/radiant/2023.2/ip/pmi/../common/multiplier/rtl/lscc_multiplier.v. VERI-1328
INFO <35901328> - c:/lscc/radiant/2023.2/ip/pmi/pmi_ice40up.v(11): analyzing included file c:/lscc/radiant/2023.2/ip/pmi/pmi_ram_dp.v. VERI-1328
INFO <35901328> - c:/lscc/radiant/2023.2/ip/pmi/pmi_ram_dp.v(48): analyzing included file c:/lscc/radiant/2023.2/ip/pmi/../avant/ram_dp/rtl/lscc_ram_dp.v. VERI-1328
INFO <35901328> - c:/lscc/radiant/2023.2/ip/pmi/pmi_ice40up.v(12): analyzing included file c:/lscc/radiant/2023.2/ip/pmi/pmi_ram_dq.v. VERI-1328
INFO <35901328> - c:/lscc/radiant/2023.2/ip/pmi/pmi_ram_dq.v(45): analyzing included file c:/lscc/radiant/2023.2/ip/pmi/../avant/ram_dq/rtl/lscc_ram_dq.v. VERI-1328
INFO <35901328> - c:/lscc/radiant/2023.2/ip/pmi/pmi_ice40up.v(13): analyzing included file c:/lscc/radiant/2023.2/ip/pmi/pmi_rom.v. VERI-1328
INFO <35901328> - c:/lscc/radiant/2023.2/ip/pmi/pmi_rom.v(45): analyzing included file c:/lscc/radiant/2023.2/ip/pmi/../avant/rom/rtl/lscc_rom.v. VERI-1328
INFO <35901328> - c:/lscc/radiant/2023.2/ip/pmi/pmi_ice40up.v(14): analyzing included file c:/lscc/radiant/2023.2/ip/pmi/pmi_sub.v. VERI-1328
INFO <35901328> - c:/lscc/radiant/2023.2/ip/pmi/pmi_sub.v(50): analyzing included file c:/lscc/radiant/2023.2/ip/pmi/../common/subtractor/rtl/lscc_subtractor.v. VERI-1328
INFO <35901328> - c:/lscc/radiant/2023.2/ip/pmi/pmi_ice40up.v(15): analyzing included file c:/lscc/radiant/2023.2/ip/pmi/pmi_ram_dp_be.v. VERI-1328
INFO <35901328> - c:/lscc/radiant/2023.2/ip/pmi/pmi_ram_dp_be.v(49): analyzing included file c:/lscc/radiant/2023.2/ip/pmi/../avant/ram_dp/rtl/lscc_ram_dp.v. VERI-1328
INFO <35901328> - c:/lscc/radiant/2023.2/ip/pmi/pmi_ice40up.v(16): analyzing included file c:/lscc/radiant/2023.2/ip/pmi/pmi_ram_dq_be.v. VERI-1328
INFO <35901328> - c:/lscc/radiant/2023.2/ip/pmi/pmi_ram_dq_be.v(45): analyzing included file c:/lscc/radiant/2023.2/ip/pmi/../avant/ram_dq/rtl/lscc_ram_dq.v. VERI-1328
INFO <35901328> - c:/lscc/radiant/2023.2/ip/pmi/pmi_ice40up.v(17): analyzing included file c:/lscc/radiant/2023.2/ip/pmi/pmi_dsp.v. VERI-1328
Analyzing Verilog file c:/users/david/desktop/wifi headstage/wifiheadstage v2/fpga/fpga_rhs_driver/pll_spi/rtl/pll_spi.v. VERI-1482
Analyzing Verilog file c:/users/david/desktop/wifi headstage/wifiheadstage v2/fpga/fpga_rhs_driver/fifo_mem/rtl/fifo_mem.v. VERI-1482
Analyzing VHDL file c:/lscc/radiant/2023.2/ip/pmi/pmi_ice40up.vhd. VHDL-1481
Analyzing VHDL file c:/lscc/radiant/2023.2/ip/pmi/pmi_ice40up.vhd

INFO <35921014> - c:/lscc/radiant/2023.2/ip/pmi/pmi_ice40up.vhd(4): analyzing package components. VHDL-1014
Analyzing VHDL file c:/users/david/desktop/wifi headstage/wifiheadstage v2/fpga/fpga_rhs_driver/source/impl_1/controller_rhd_fifo.vhd. VHDL-1481
Analyzing VHDL file c:/users/david/desktop/wifi headstage/wifiheadstage v2/fpga/fpga_rhs_driver/source/impl_1/controller_rhd_fifo.vhd

INFO <35921012> - c:/users/david/desktop/wifi headstage/wifiheadstage v2/fpga/fpga_rhs_driver/source/impl_1/controller_rhd_fifo.vhd(6): analyzing entity controller_rhd_fifo. VHDL-1012
INFO <35921010> - c:/users/david/desktop/wifi headstage/wifiheadstage v2/fpga/fpga_rhs_driver/source/impl_1/controller_rhd_fifo.vhd(50): analyzing architecture rtl. VHDL-1010
Analyzing VHDL file c:/users/david/desktop/wifi headstage/wifiheadstage v2/fpga/fpga_rhs_driver/source/impl_1/spi_master.vhd. VHDL-1481
Analyzing VHDL file c:/users/david/desktop/wifi headstage/wifiheadstage v2/fpga/fpga_rhs_driver/source/impl_1/spi_master.vhd

INFO <35921012> - c:/users/david/desktop/wifi headstage/wifiheadstage v2/fpga/fpga_rhs_driver/source/impl_1/spi_master.vhd(6): analyzing entity spi_master. VHDL-1012
INFO <35921010> - c:/users/david/desktop/wifi headstage/wifiheadstage v2/fpga/fpga_rhs_driver/source/impl_1/spi_master.vhd(34): analyzing architecture rtl. VHDL-1010
Analyzing VHDL file c:/users/david/desktop/wifi headstage/wifiheadstage v2/fpga/fpga_rhs_driver/source/impl_1/spi_master_cs.vhd. VHDL-1481
Analyzing VHDL file c:/users/david/desktop/wifi headstage/wifiheadstage v2/fpga/fpga_rhs_driver/source/impl_1/spi_master_cs.vhd

INFO <35921012> - c:/users/david/desktop/wifi headstage/wifiheadstage v2/fpga/fpga_rhs_driver/source/impl_1/spi_master_cs.vhd(44): analyzing entity spi_master_cs. VHDL-1012
INFO <35921010> - c:/users/david/desktop/wifi headstage/wifiheadstage v2/fpga/fpga_rhs_driver/source/impl_1/spi_master_cs.vhd(75): analyzing architecture rtl. VHDL-1010
Analyzing VHDL file c:/users/david/desktop/wifi headstage/wifiheadstage v2/fpga/fpga_rhs_driver/source/impl_1/controller_rhd_sampling.vhd. VHDL-1481
Analyzing VHDL file c:/users/david/desktop/wifi headstage/wifiheadstage v2/fpga/fpga_rhs_driver/source/impl_1/controller_rhd_sampling.vhd

INFO <35921012> - c:/users/david/desktop/wifi headstage/wifiheadstage v2/fpga/fpga_rhs_driver/source/impl_1/controller_rhd_sampling.vhd(5): analyzing entity controller_rhd_sampling. VHDL-1012
INFO <35921010> - c:/users/david/desktop/wifi headstage/wifiheadstage v2/fpga/fpga_rhs_driver/source/impl_1/controller_rhd_sampling.vhd(115): analyzing architecture rtl. VHDL-1010
Analyzing VHDL file c:/users/david/desktop/wifi headstage/wifiheadstage v2/fpga/fpga_rhs_driver/source/impl_1/controller_rhd_sampling_tb.vhd. VHDL-1481
Analyzing VHDL file c:/users/david/desktop/wifi headstage/wifiheadstage v2/fpga/fpga_rhs_driver/source/impl_1/controller_rhd_sampling_tb.vhd

INFO <35921012> - c:/users/david/desktop/wifi headstage/wifiheadstage v2/fpga/fpga_rhs_driver/source/impl_1/controller_rhd_sampling_tb.vhd(5): analyzing entity controller_rhd_sampling_tb. VHDL-1012
INFO <35921010> - c:/users/david/desktop/wifi headstage/wifiheadstage v2/fpga/fpga_rhs_driver/source/impl_1/controller_rhd_sampling_tb.vhd(8): analyzing architecture testbench. VHDL-1010
INFO <35929000> - c:/users/david/desktop/wifi headstage/wifiheadstage v2/fpga/fpga_rhs_driver/source/impl_1/controller_rhd_sampling_tb.vhd(265): input pin i_rhs_stim_start has no actual or default value. VHDL-9000
INFO <35921259> - c:/users/david/desktop/wifi headstage/wifiheadstage v2/fpga/fpga_rhs_driver/source/impl_1/controller_rhd_sampling.vhd(34): i_rhs_stim_start is declared here. VHDL-1259
INFO <35929000> - c:/users/david/desktop/wifi headstage/wifiheadstage v2/fpga/fpga_rhs_driver/source/impl_1/controller_rhd_sampling_tb.vhd(265): input pin i_num_channel_sel has no actual or default value. VHDL-9000
INFO <35921259> - c:/users/david/desktop/wifi headstage/wifiheadstage v2/fpga/fpga_rhs_driver/source/impl_1/controller_rhd_sampling.vhd(35): i_num_channel_sel is declared here. VHDL-1259
INFO <35929000> - c:/users/david/desktop/wifi headstage/wifiheadstage v2/fpga/fpga_rhs_driver/source/impl_1/controller_rhd_sampling_tb.vhd(265): input pin i_ch_bank_sel has no actual or default value. VHDL-9000
INFO <35921259> - c:/users/david/desktop/wifi headstage/wifiheadstage v2/fpga/fpga_rhs_driver/source/impl_1/controller_rhd_sampling.vhd(36): i_ch_bank_sel is declared here. VHDL-1259
INFO <35929000> - c:/users/david/desktop/wifi headstage/wifiheadstage v2/fpga/fpga_rhs_driver/source/impl_1/controller_rhd_sampling_tb.vhd(265): input pin i_ble_sync has no actual or default value. VHDL-9000
INFO <35921259> - c:/users/david/desktop/wifi headstage/wifiheadstage v2/fpga/fpga_rhs_driver/source/impl_1/controller_rhd_sampling.vhd(38): i_ble_sync is declared here. VHDL-1259
Analyzing VHDL file c:/users/david/desktop/wifi headstage/wifiheadstage v2/fpga/fpga_rhs_driver/source/impl_1/top_level.vhd. VHDL-1481
Analyzing VHDL file c:/users/david/desktop/wifi headstage/wifiheadstage v2/fpga/fpga_rhs_driver/source/impl_1/top_level.vhd

INFO <35921012> - c:/users/david/desktop/wifi headstage/wifiheadstage v2/fpga/fpga_rhs_driver/source/impl_1/top_level.vhd(5): analyzing entity top_level. VHDL-1012
INFO <35921010> - c:/users/david/desktop/wifi headstage/wifiheadstage v2/fpga/fpga_rhs_driver/source/impl_1/top_level.vhd(82): analyzing architecture rtl. VHDL-1010
INFO <35921504> - The default VHDL library search path is now "C:/Users/david/Desktop/WiFi Headstage/WiFiHeadstage V2/FPGA/FPGA_RHS_Driver/impl_1". VHDL-1504
Top module language type = VHDL.
WARNING <35935049> - input port i_RHS_STIM_START remains unconnected for this instance. VDB-5049
WARNING <35935049> - input port i_NUM_CHANNEL_SEL remains unconnected for this instance. VDB-5049
WARNING <35935049> - input port i_CH_BANK_SEL remains unconnected for this instance. VDB-5049
WARNING <35935049> - input port i_BLE_SYNC remains unconnected for this instance. VDB-5049
WARNING <35935049> - input port sclk_i remains unconnected for this instance. VDB-5049
WARNING <35935049> - input port sdi_i remains unconnected for this instance. VDB-5049
Top module name (VHDL, mixed language): top_level
                                                         


### Number of Logic Cells: 5280


### Number of RAM Blocks: 30


### Number of DSP Blocks: 8


### Number of PLLs: 1


### Number of IO Pins: 56


##########################################################


                                                         


WARNING <35001771> - Initial value found on net rgb_sig_red will be ignored due to unrecognized driver type
WARNING <35001771> - Initial value found on net rgb_sig_green will be ignored due to unrecognized driver type
WARNING <35001771> - Initial value found on net rgb_sig_blue will be ignored due to unrecognized driver type
WARNING <35001771> - Initial value found on net NUM_DATA[31] will be ignored due to unrecognized driver type
WARNING <35001771> - Initial value found on net NUM_DATA[30] will be ignored due to unrecognized driver type
WARNING <35001771> - Initial value found on net NUM_DATA[29] will be ignored due to unrecognized driver type
WARNING <35001771> - Initial value found on net NUM_DATA[28] will be ignored due to unrecognized driver type
WARNING <35001771> - Initial value found on net NUM_DATA[27] will be ignored due to unrecognized driver type
WARNING <35001771> - Initial value found on net NUM_DATA[26] will be ignored due to unrecognized driver type
WARNING <35001771> - Initial value found on net NUM_DATA[25] will be ignored due to unrecognized driver type
WARNING <35001771> - Initial value found on net NUM_DATA[24] will be ignored due to unrecognized driver type
WARNING <35001771> - Initial value found on net NUM_DATA[23] will be ignored due to unrecognized driver type
WARNING <35001771> - Initial value found on net NUM_DATA[22] will be ignored due to unrecognized driver type
WARNING <35001771> - Initial value found on net NUM_DATA[21] will be ignored due to unrecognized driver type
WARNING <35001771> - Initial value found on net NUM_DATA[20] will be ignored due to unrecognized driver type
WARNING <35001771> - Initial value found on net NUM_DATA[19] will be ignored due to unrecognized driver type
WARNING <35001771> - Initial value found on net NUM_DATA[18] will be ignored due to unrecognized driver type
WARNING <35001771> - Initial value found on net NUM_DATA[17] will be ignored due to unrecognized driver type
WARNING <35001771> - Initial value found on net NUM_DATA[16] will be ignored due to unrecognized driver type
WARNING <35001771> - Initial value found on net NUM_DATA[15] will be ignored due to unrecognized driver type
WARNING <35001771> - Initial value found on net NUM_DATA[14] will be ignored due to unrecognized driver type
WARNING <35001771> - Initial value found on net NUM_DATA[13] will be ignored due to unrecognized driver type
WARNING <35001771> - Initial value found on net NUM_DATA[12] will be ignored due to unrecognized driver type
WARNING <35001771> - Initial value found on net NUM_DATA[11] will be ignored due to unrecognized driver type
WARNING <35001771> - Initial value found on net NUM_DATA[10] will be ignored due to unrecognized driver type
WARNING <35001771> - Initial value found on net NUM_DATA[9] will be ignored due to unrecognized driver type
WARNING <35001771> - Initial value found on net NUM_DATA[8] will be ignored due to unrecognized driver type
WARNING <35001771> - Initial value found on net NUM_DATA[7] will be ignored due to unrecognized driver type
WARNING <35001771> - Initial value found on net NUM_DATA[6] will be ignored due to unrecognized driver type
WARNING <35001771> - Initial value found on net NUM_DATA[5] will be ignored due to unrecognized driver type
WARNING <35001771> - Initial value found on net NUM_DATA[4] will be ignored due to unrecognized driver type
WARNING <35001771> - Initial value found on net NUM_DATA[3] will be ignored due to unrecognized driver type
WARNING <35001771> - Initial value found on net NUM_DATA[2] will be ignored due to unrecognized driver type
WARNING <35001771> - Initial value found on net NUM_DATA[1] will be ignored due to unrecognized driver type
WARNING <35001771> - Initial value found on net NUM_DATA[0] will be ignored due to unrecognized driver type
WARNING <35001771> - Initial value found on net stim_ch[31] will be ignored due to unrecognized driver type
WARNING <35001771> - Initial value found on net stim_ch[4] will be ignored due to unrecognized driver type
WARNING <35001771> - Initial value found on net stim_ch[3] will be ignored due to unrecognized driver type
WARNING <35001771> - Initial value found on net stim_ch[2] will be ignored due to unrecognized driver type
WARNING <35001771> - Initial value found on net stim_ch[1] will be ignored due to unrecognized driver type
WARNING <35001771> - Initial value found on net stim_ch[0] will be ignored due to unrecognized driver type
WARNING <35931038> - c:/users/david/desktop/wifi headstage/wifiheadstage v2/fpga/fpga_rhs_driver/source/impl_1/controller_rhd_sampling.vhd(408): ram channel_array_STIM_original_ramnet has no write-port on it. VDB-1038
WARNING <35931038> - c:/users/david/desktop/wifi headstage/wifiheadstage v2/fpga/fpga_rhs_driver/source/impl_1/controller_rhd_sampling.vhd(502): ram rhd_array_16_original_ramnet has no write-port on it. VDB-1038
WARNING <35931038> - c:/users/david/desktop/wifi headstage/wifiheadstage v2/fpga/fpga_rhs_driver/source/impl_1/controller_rhd_sampling.vhd(571): ram rhd_array_8_original_ramnet has no write-port on it. VDB-1038
WARNING <35935040> - Register int_BOOST_ENABLE clock is stuck at One. VDB-5040
WARNING <35935049> - input port sclk_i remains unconnected for this instance. VDB-5049
WARNING <35935049> - input port sdi_i remains unconnected for this instance. VDB-5049
######## Converting I/O port i_STM32_SPI4_MISO to output.
CRITICAL <35002028> - I/O Port i_RHS_SEL 's net has no driver and is unused.
WARNING <35931002> - c:/users/david/desktop/wifi headstage/wifiheadstage v2/fpga/fpga_rhs_driver/source/impl_1/top_level.vhd(125): net int_RHS_TOP_SPI_CS_n_2 does not have a driver. VDB-1002
WARNING <35931002> - c:/users/david/desktop/wifi headstage/wifiheadstage v2/fpga/fpga_rhs_driver/pll_spi/rtl/pll_spi.v(139): net \pll_inst/lscc_pll_inst/sclk_i does not have a driver. VDB-1002
WARNING <35931002> - c:/users/david/desktop/wifi headstage/wifiheadstage v2/fpga/fpga_rhs_driver/pll_spi/rtl/pll_spi.v(140): net \pll_inst/lscc_pll_inst/sdi_i does not have a driver. VDB-1002
######## Missing driver on net int_RHS_TOP_SPI_CS_n_2. Patching with GND.
######## Missing driver on net \pll_inst/lscc_pll_inst/sclk_i. Patching with GND.
######## Missing driver on net \pll_inst/lscc_pll_inst/sdi_i. Patching with GND.
INFO <35001774> - Extracted state machine for register '\Controller_inst/rhd_state' with one-hot encoding
State machine has 3 reachable states with original encodings of:

 000 

 001 

 010 

original encoding -> new encoding (one-hot encoding)

 000 -> 001

 001 -> 010

 010 -> 100

INFO <35001774> - Extracted state machine for register '\Controller_inst/SPI_Master_CS_STM32_1/r_SM_CS' with one-hot encoding
State machine has 3 reachable states with original encodings of:

 00 

 01 

 10 

original encoding -> new encoding (one-hot encoding)

 00 -> 001

 01 -> 010

 10 -> 100

INFO <35001774> - Extracted state machine for register '\Controller_inst/Controller_RHD_FIFO_2/SPI_Master_CS_1/r_SM_CS' with one-hot encoding
State machine has 3 reachable states with original encodings of:

 00 

 01 

 10 

original encoding -> new encoding (one-hot encoding)

 00 -> 001

 01 -> 010

 10 -> 100

INFO <35001774> - Extracted state machine for register '\Controller_inst/Controller_RHD_FIFO_1/SPI_Master_CS_1/r_SM_CS' with one-hot encoding
State machine has 3 reachable states with original encodings of:

 00 

 01 

 10 

original encoding -> new encoding (one-hot encoding)

 00 -> 001

 01 -> 010

 10 -> 100




CRITICAL <35001747> - Bit(s) of register \Controller_inst/SPI_Master_CS_STM32_1/r_SM_CS_FSM stuck at '0': 3
CRITICAL <35001747> - Bit(s) of register \Controller_inst/Controller_RHD_FIFO_1/SPI_Master_CS_1/r_SM_CS_FSM stuck at '0': 3
CRITICAL <35001747> - Bit(s) of register \Controller_inst/Controller_RHD_FIFO_2/SPI_Master_CS_1/r_SM_CS_FSM stuck at '0': 3
CRITICAL <35001747> - Bit(s) of register driving \Controller_inst/stim_delay_target[31:0] stuck at '0': 31, 30, 29, 28, 27, 26
CRITICAL <35001747> - Bit(s) of register driving \Controller_inst/stim_return_state[3:0] stuck at '0': 3, 2, 1, 0
######## Found 1 RTL RAMs in the design.
######## Mapping RTL RAM \Controller_inst/Controller_RHD_FIFO_1/FIFO_1/lscc_fifo_inst/fifo0/_FABRIC.u_fifo/mem_EBR.mem to 2 EBR blocks in PSEUDO_DUAL_PORT Mode

CRITICAL <35002028> - I/O Port i_RHS_TOP_SPI_MISO_2 's net has no driver and is unused.
CRITICAL <35002028> - I/O Port i_RHS_BOTTOM_SPI_MISO_2 's net has no driver and is unused.
CRITICAL <35002028> - I/O Port i_RHS_SEL 's net has no driver and is unused.
WARNING <35935040> - Register \Controller_inst/stim_delay_target__i22 clock is stuck at Zero. VDB-5040
WARNING <35935040> - Register \Controller_inst/stim_delay_target__i1 clock is stuck at Zero. VDB-5040
WARNING <35935040> - Register \Controller_inst/int_RHS_READ_TX_Byte_i0_i0 clock is stuck at Zero. VDB-5040
WARNING <35935040> - Register \Controller_inst/stim_delay_target__i6 clock is stuck at Zero. VDB-5040
WARNING <35935040> - Register \Controller_inst/stim_delay_target__i5 clock is stuck at Zero. VDB-5040
WARNING <35935040> - Register \Controller_inst/stim_delay_target__i4 clock is stuck at Zero. VDB-5040
WARNING <35935040> - Register \Controller_inst/stim_delay_target__i3 clock is stuck at Zero. VDB-5040
WARNING <35935040> - Register \Controller_inst/Controller_RHD_FIFO_1/SPI_Master_CS_1/SPI_Master_1/r_TX_Byte_i0_i0 clock is stuck at Zero. VDB-5040
WARNING <35935040> - Register \Controller_inst/stim_delay_target__i2 clock is stuck at Zero. VDB-5040
WARNING <35935040> - Register \Controller_inst/stm32_state_i0_i31 clock is stuck at Zero. VDB-5040
WARNING <35935040> - Register \Controller_inst/stm32_state_i0_i30 clock is stuck at Zero. VDB-5040
WARNING <35935040> - Register \Controller_inst/stm32_state_i0_i29 clock is stuck at Zero. VDB-5040
WARNING <35935040> - Register \Controller_inst/stm32_state_i0_i28 clock is stuck at Zero. VDB-5040
WARNING <35935040> - Register \Controller_inst/stm32_state_i0_i27 clock is stuck at Zero. VDB-5040
WARNING <35935040> - Register \Controller_inst/stm32_state_i0_i26 clock is stuck at Zero. VDB-5040
WARNING <35935040> - Register \Controller_inst/stm32_state_i0_i25 clock is stuck at Zero. VDB-5040
WARNING <35935040> - Register \Controller_inst/stm32_state_i0_i24 clock is stuck at Zero. VDB-5040
WARNING <35935040> - Register \Controller_inst/stm32_state_i0_i23 clock is stuck at Zero. VDB-5040
WARNING <35935040> - Register \Controller_inst/stm32_state_i0_i22 clock is stuck at Zero. VDB-5040
WARNING <35935040> - Register \Controller_inst/stm32_state_i0_i21 clock is stuck at Zero. VDB-5040
WARNING <35935040> - Register \Controller_inst/stm32_state_i0_i20 clock is stuck at Zero. VDB-5040
WARNING <35935040> - Register \Controller_inst/stm32_state_i0_i19 clock is stuck at Zero. VDB-5040
WARNING <35935040> - Register \Controller_inst/stm32_state_i0_i18 clock is stuck at Zero. VDB-5040
WARNING <35935040> - Register \Controller_inst/stm32_state_i0_i17 clock is stuck at Zero. VDB-5040
WARNING <35935040> - Register \Controller_inst/stm32_state_i0_i16 clock is stuck at Zero. VDB-5040
WARNING <35935040> - Register \Controller_inst/stm32_state_i0_i15 clock is stuck at Zero. VDB-5040
WARNING <35935040> - Register \Controller_inst/stm32_state_i0_i14 clock is stuck at Zero. VDB-5040
WARNING <35935040> - Register \Controller_inst/stm32_state_i0_i13 clock is stuck at Zero. VDB-5040
WARNING <35935040> - Register \Controller_inst/stm32_state_i0_i12 clock is stuck at Zero. VDB-5040
WARNING <35935040> - Register \Controller_inst/stm32_state_i0_i11 clock is stuck at Zero. VDB-5040
WARNING <35935040> - Register \Controller_inst/stm32_state_i0_i10 clock is stuck at Zero. VDB-5040
WARNING <35935040> - Register \Controller_inst/stm32_state_i0_i9 clock is stuck at Zero. VDB-5040
WARNING <35935040> - Register \Controller_inst/stm32_state_i0_i8 clock is stuck at Zero. VDB-5040
WARNING <35935040> - Register \Controller_inst/stm32_state_i0_i7 clock is stuck at Zero. VDB-5040
WARNING <35935040> - Register \Controller_inst/stm32_state_i0_i6 clock is stuck at Zero. VDB-5040
WARNING <35935040> - Register \Controller_inst/stm32_state_i0_i5 clock is stuck at Zero. VDB-5040
WARNING <35935040> - Register \Controller_inst/stm32_state_i0_i4 clock is stuck at Zero. VDB-5040
WARNING <35935040> - Register \Controller_inst/int_RHS_READ_TX_Byte_i0_i15 clock is stuck at Zero. VDB-5040
WARNING <35935040> - Register \Controller_inst/int_RHS_READ_TX_Byte_i0_i14 clock is stuck at Zero. VDB-5040
WARNING <35935040> - Register \Controller_inst/int_RHS_READ_TX_Byte_i0_i13 clock is stuck at Zero. VDB-5040
WARNING <35935040> - Register \Controller_inst/int_RHS_READ_TX_Byte_i0_i12 clock is stuck at Zero. VDB-5040
WARNING <35935040> - Register \Controller_inst/int_RHS_READ_TX_Byte_i0_i7 clock is stuck at Zero. VDB-5040
WARNING <35935040> - Register \Controller_inst/int_RHS_READ_TX_Byte_i0_i6 clock is stuck at Zero. VDB-5040
WARNING <35935040> - Register \Controller_inst/int_RHS_READ_TX_Byte_i0_i5 clock is stuck at Zero. VDB-5040
WARNING <35935040> - Register \Controller_inst/int_RHS_READ_TX_Byte_i0_i4 clock is stuck at Zero. VDB-5040
WARNING <35935040> - Register \Controller_inst/int_RHS_READ_TX_Byte_i0_i3 clock is stuck at Zero. VDB-5040
WARNING <35935040> - Register \Controller_inst/int_RHS_READ_TX_Byte_i0_i2 clock is stuck at Zero. VDB-5040
WARNING <35935040> - Register \Controller_inst/int_RHS_READ_TX_Byte_i0_i1 clock is stuck at Zero. VDB-5040
WARNING <35935040> - Register \Controller_inst/Controller_RHD_FIFO_1/SPI_Master_CS_1/SPI_Master_1/r_TX_Byte_i0_i1 clock is stuck at Zero. VDB-5040
WARNING <35935040> - Register \Controller_inst/Controller_RHD_FIFO_1/SPI_Master_CS_1/SPI_Master_1/r_TX_Byte_i0_i2 clock is stuck at Zero. VDB-5040
WARNING <35935040> - Register \Controller_inst/Controller_RHD_FIFO_1/SPI_Master_CS_1/SPI_Master_1/r_TX_Byte_i0_i3 clock is stuck at Zero. VDB-5040
WARNING <35935040> - Register \Controller_inst/Controller_RHD_FIFO_1/SPI_Master_CS_1/SPI_Master_1/r_TX_Byte_i0_i4 clock is stuck at Zero. VDB-5040
WARNING <35935040> - Register \Controller_inst/Controller_RHD_FIFO_1/SPI_Master_CS_1/SPI_Master_1/r_TX_Byte_i0_i5 clock is stuck at Zero. VDB-5040
WARNING <35935040> - Register \Controller_inst/Controller_RHD_FIFO_1/SPI_Master_CS_1/SPI_Master_1/r_TX_Byte_i0_i6 clock is stuck at Zero. VDB-5040
WARNING <35935040> - Register \Controller_inst/Controller_RHD_FIFO_1/SPI_Master_CS_1/SPI_Master_1/r_TX_Byte_i0_i7 clock is stuck at Zero. VDB-5040
WARNING <35935040> - Register \Controller_inst/Controller_RHD_FIFO_1/SPI_Master_CS_1/SPI_Master_1/r_TX_Byte_i0_i12 clock is stuck at Zero. VDB-5040
WARNING <35935040> - Register \Controller_inst/Controller_RHD_FIFO_1/SPI_Master_CS_1/SPI_Master_1/r_TX_Byte_i0_i13 clock is stuck at Zero. VDB-5040
WARNING <35935040> - Register \Controller_inst/Controller_RHD_FIFO_1/SPI_Master_CS_1/SPI_Master_1/r_TX_Byte_i0_i14 clock is stuck at Zero. VDB-5040
WARNING <35935040> - Register \Controller_inst/Controller_RHD_FIFO_1/SPI_Master_CS_1/SPI_Master_1/r_TX_Byte_i0_i15 clock is stuck at Zero. VDB-5040
Combinational loop found : 1

 Net \Controller_inst/NUM_DATA[0] 

 Instance \Controller_inst/NUM_DATA_0__I_0 

Combinational loop found : 2

 Net \Controller_inst/NUM_DATA[31] 

 Instance \Controller_inst/NUM_DATA_31__I_0 

Combinational loop found : 3

 Net \Controller_inst/NUM_DATA[30] 

 Instance \Controller_inst/NUM_DATA_30__I_0 

Combinational loop found : 4

 Net \Controller_inst/NUM_DATA[29] 

 Instance \Controller_inst/NUM_DATA_29__I_0 

Combinational loop found : 5

 Net \Controller_inst/NUM_DATA[28] 

 Instance \Controller_inst/NUM_DATA_28__I_0 

Combinational loop found : 6

 Net \Controller_inst/NUM_DATA[27] 

 Instance \Controller_inst/NUM_DATA_27__I_0 

Combinational loop found : 7

 Net \Controller_inst/NUM_DATA[26] 

 Instance \Controller_inst/NUM_DATA_26__I_0 

Combinational loop found : 8

 Net \Controller_inst/NUM_DATA[25] 

 Instance \Controller_inst/NUM_DATA_25__I_0 

Combinational loop found : 9

 Net \Controller_inst/NUM_DATA[24] 

 Instance \Controller_inst/NUM_DATA_24__I_0 

Combinational loop found : 10

 Net \Controller_inst/NUM_DATA[23] 

 Instance \Controller_inst/NUM_DATA_23__I_0 

Combinational loop found : 11

 Net \Controller_inst/NUM_DATA[22] 

 Instance \Controller_inst/NUM_DATA_22__I_0 

Combinational loop found : 12

 Net \Controller_inst/NUM_DATA[21] 

 Instance \Controller_inst/NUM_DATA_21__I_0 

Combinational loop found : 13

 Net \Controller_inst/NUM_DATA[20] 

 Instance \Controller_inst/NUM_DATA_20__I_0 

Combinational loop found : 14

 Net \Controller_inst/NUM_DATA[19] 

 Instance \Controller_inst/NUM_DATA_19__I_0 

Combinational loop found : 15

 Net \Controller_inst/NUM_DATA[18] 

 Instance \Controller_inst/NUM_DATA_18__I_0 

Combinational loop found : 16

 Net \Controller_inst/NUM_DATA[17] 

 Instance \Controller_inst/NUM_DATA_17__I_0 

Combinational loop found : 17

 Net \Controller_inst/NUM_DATA[16] 

 Instance \Controller_inst/NUM_DATA_16__I_0 

Combinational loop found : 18

 Net \Controller_inst/NUM_DATA[15] 

 Instance \Controller_inst/NUM_DATA_15__I_0 

Combinational loop found : 19

 Net \Controller_inst/NUM_DATA[14] 

 Instance \Controller_inst/NUM_DATA_14__I_0 

Combinational loop found : 20

 Net \Controller_inst/NUM_DATA[13] 

 Instance \Controller_inst/NUM_DATA_13__I_0 

Combinational loop found : 21

 Net \Controller_inst/NUM_DATA[12] 

 Instance \Controller_inst/NUM_DATA_12__I_0 

Combinational loop found : 22

 Net \Controller_inst/NUM_DATA[11] 

 Instance \Controller_inst/NUM_DATA_11__I_0 

Combinational loop found : 23

 Net \Controller_inst/NUM_DATA[10] 

 Instance \Controller_inst/NUM_DATA_10__I_0 

Combinational loop found : 24

 Net \Controller_inst/NUM_DATA[9] 

 Instance \Controller_inst/NUM_DATA_9__I_0 

Combinational loop found : 25

 Net \Controller_inst/NUM_DATA[8] 

 Instance \Controller_inst/NUM_DATA_8__I_0 

Combinational loop found : 26

 Net \Controller_inst/NUM_DATA[7] 

 Instance \Controller_inst/NUM_DATA_7__I_0 

Combinational loop found : 27

 Net \Controller_inst/NUM_DATA[6] 

 Instance \Controller_inst/NUM_DATA_6__I_0 

Combinational loop found : 28

 Net \Controller_inst/NUM_DATA[5] 

 Instance \Controller_inst/NUM_DATA_5__I_0 

Combinational loop found : 29

 Net \Controller_inst/NUM_DATA[4] 

 Instance \Controller_inst/NUM_DATA_4__I_0 

Combinational loop found : 30

 Net \Controller_inst/NUM_DATA[3] 

 Instance \Controller_inst/NUM_DATA_3__I_0 

Combinational loop found : 31

 Net \Controller_inst/NUM_DATA[2] 

 Instance \Controller_inst/NUM_DATA_2__I_0 

Combinational loop found : 32

 Net \Controller_inst/NUM_DATA[1] 

 Instance \Controller_inst/NUM_DATA_1__I_0 

Combinational loop found : 33

 Net int_RHS_TOP_SPI_MISO_1 

 Instance int_RHS_TOP_SPI_MISO_1_I_0 

 Net int_RHS_TOP_SPI_MISO_1_N_2180 

 Instance i36 

Combinational loop found : 34

 Net o_RHS_BOTTOM_SPI_CS_n_2_c 

 Instance o_RHS_BOTTOM_SPI_CS_n_2_c_I_0 

 Net o_RHS_BOTTOM_SPI_CS_n_2_c_N_2167 

 Instance i12 

Combinational loop found : 35

 Net o_RHS_BOTTOM_SPI_CS_n_1_c 

 Instance o_RHS_BOTTOM_SPI_CS_n_1_c_I_0 

 Net o_RHS_BOTTOM_SPI_CS_n_1_c_N_2164 

 Instance i10 

Combinational loop found : 36

 Net o_RHS_BOTTOM_SPI_Clk_c 

 Instance o_RHS_BOTTOM_SPI_Clk_c_I_0 

 Net o_RHS_BOTTOM_SPI_Clk_c_N_2161 

 Instance i6 

Combinational loop found : 37

 Net o_RHS_BOTTOM_SPI_MOSI_c 

 Instance o_RHS_BOTTOM_SPI_MOSI_c_I_0 

 Net o_RHS_BOTTOM_SPI_MOSI_c_N_2158 

 Instance i8 

Combinational loop found : 38

 Net o_RHS_TOP_SPI_CS_n_2_c 

 Instance o_RHS_TOP_SPI_CS_n_2_c_I_0 

Combinational loop found : 39

 Net o_RHS_TOP_SPI_CS_n_1_c 

 Instance o_RHS_TOP_SPI_CS_n_1_c_I_0 

Combinational loop found : 40

 Net o_RHS_TOP_SPI_Clk_c 

 Instance o_RHS_TOP_SPI_Clk_c_I_0 

Combinational loop found : 41

 Net o_RHS_TOP_SPI_MOSI_c 

 Instance o_RHS_TOP_SPI_MOSI_c_I_0 

Combinational loop found : 42

 Net i_STM32_SPI4_MISO_c 

 Instance i_STM32_SPI4_MISO_c_I_0 

 Net i_STM32_SPI4_MISO_c_N_2148 

 Instance i14 

WARNING <35935040> - Register \Controller_inst/int_RHS_STIM_TX_Byte_i0_i30 clock is stuck at Zero. VDB-5040
WARNING <35935040> - Register \Controller_inst/int_RHS_STIM_TX_Byte_i0_i28 clock is stuck at Zero. VDB-5040
WARNING <35935040> - Register \Controller_inst/int_RHS_STIM_TX_Byte_i0_i27 clock is stuck at Zero. VDB-5040
WARNING <35935040> - Register \Controller_inst/int_RHS_STIM_TX_Byte_i0_i26 clock is stuck at Zero. VDB-5040
WARNING <35935040> - Register \Controller_inst/int_RHS_STIM_TX_Byte_i0_i25 clock is stuck at Zero. VDB-5040
WARNING <35935040> - Register \Controller_inst/int_RHS_STIM_TX_Byte_i0_i24 clock is stuck at Zero. VDB-5040
WARNING <35935040> - Register \Controller_inst/int_RHS_STIM_TX_Byte_i0_i23 clock is stuck at Zero. VDB-5040
WARNING <35935040> - Register \Controller_inst/int_RHS_STIM_TX_Byte_i0_i20 clock is stuck at Zero. VDB-5040
WARNING <35935040> - Register \Controller_inst/Controller_RHD_FIFO_2/SPI_Master_CS_1/SPI_Master_1/r_TX_Byte_i0_i20 clock is stuck at Zero. VDB-5040
WARNING <35935040> - Register \Controller_inst/Controller_RHD_FIFO_2/SPI_Master_CS_1/SPI_Master_1/r_TX_Byte_i0_i23 clock is stuck at Zero. VDB-5040
WARNING <35935040> - Register \Controller_inst/Controller_RHD_FIFO_2/SPI_Master_CS_1/SPI_Master_1/r_TX_Byte_i0_i24 clock is stuck at Zero. VDB-5040
WARNING <35935040> - Register \Controller_inst/Controller_RHD_FIFO_2/SPI_Master_CS_1/SPI_Master_1/r_TX_Byte_i0_i25 clock is stuck at Zero. VDB-5040
WARNING <35935040> - Register \Controller_inst/Controller_RHD_FIFO_2/SPI_Master_CS_1/SPI_Master_1/r_TX_Byte_i0_i26 clock is stuck at Zero. VDB-5040
WARNING <35935040> - Register \Controller_inst/Controller_RHD_FIFO_2/SPI_Master_CS_1/SPI_Master_1/r_TX_Byte_i0_i27 clock is stuck at Zero. VDB-5040
WARNING <35935040> - Register \Controller_inst/Controller_RHD_FIFO_2/SPI_Master_CS_1/SPI_Master_1/r_TX_Byte_i0_i28 clock is stuck at Zero. VDB-5040
WARNING <35935040> - Register \Controller_inst/Controller_RHD_FIFO_2/SPI_Master_CS_1/SPI_Master_1/r_TX_Byte_i0_i30 clock is stuck at Zero. VDB-5040
Duplicate register/latch removal. \Controller_inst/Controller_RHD_FIFO_1/FIFO_1/lscc_fifo_inst/fifo0/_FABRIC.u_fifo/full_r is a one-to-one match with \Controller_inst/Controller_RHD_FIFO_1/FIFO_1/lscc_fifo_inst/fifo0/_FABRIC.u_fifo/MISC.full_flag_r.
Duplicate register/latch removal. \Controller_inst/Controller_RHD_FIFO_1/FIFO_1/lscc_fifo_inst/fifo0/_FABRIC.u_fifo/full_mem_r is a one-to-one match with \Controller_inst/Controller_RHD_FIFO_1/FIFO_1/lscc_fifo_inst/fifo0/_FABRIC.u_fifo/full_r.
Duplicate register/latch removal. \Controller_inst/Controller_RHD_FIFO_1/FIFO_1/lscc_fifo_inst/fifo0/_FABRIC.u_fifo/empty_r is a one-to-one match with \Controller_inst/Controller_RHD_FIFO_1/FIFO_1/lscc_fifo_inst/fifo0/_FABRIC.u_fifo/MISC.empty_flag_r.
Duplicate register/latch removal. \Controller_inst/Controller_RHD_FIFO_1/FIFO_1/lscc_fifo_inst/fifo0/_FABRIC.u_fifo/empty_mem_r is a one-to-one match with \Controller_inst/Controller_RHD_FIFO_1/FIFO_1/lscc_fifo_inst/fifo0/_FABRIC.u_fifo/empty_r.
Duplicate register/latch removal. \Controller_inst/Controller_RHD_FIFO_1/FIFO_1/lscc_fifo_inst/fifo0/_FABRIC.u_fifo/wr_addr_p1_r_i0 is a one-to-one match with \Controller_inst/Controller_RHD_FIFO_1/FIFO_1/lscc_fifo_inst/fifo0/_FABRIC.u_fifo/MISC.wr_flag_addr_p1_r_i0.
Duplicate register/latch removal. \Controller_inst/Controller_RHD_FIFO_1/FIFO_1/lscc_fifo_inst/fifo0/_FABRIC.u_fifo/wr_cmpaddr_r_i0 is a one-to-one match with \Controller_inst/Controller_RHD_FIFO_1/FIFO_1/lscc_fifo_inst/fifo0/_FABRIC.u_fifo/MISC.wr_flag_addr_r_i0.
Duplicate register/latch removal. \Controller_inst/Controller_RHD_FIFO_1/FIFO_1/lscc_fifo_inst/fifo0/_FABRIC.u_fifo/wr_addr_p1cmp_r_i1 is a one-to-one match with \Controller_inst/Controller_RHD_FIFO_1/FIFO_1/lscc_fifo_inst/fifo0/_FABRIC.u_fifo/wr_addr_p1_r_i8.
Duplicate register/latch removal. \Controller_inst/Controller_RHD_FIFO_1/FIFO_1/lscc_fifo_inst/fifo0/_FABRIC.u_fifo/waddr_r_i0 is a one-to-one match with \Controller_inst/Controller_RHD_FIFO_1/FIFO_1/lscc_fifo_inst/fifo0/_FABRIC.u_fifo/wr_cmpaddr_r_i0.
Duplicate register/latch removal. \Controller_inst/Controller_RHD_FIFO_1/FIFO_1/lscc_fifo_inst/fifo0/_FABRIC.u_fifo/wr_cmpaddr_p1_r_i0 is a one-to-one match with \Controller_inst/Controller_RHD_FIFO_1/FIFO_1/lscc_fifo_inst/fifo0/_FABRIC.u_fifo/wr_addr_p1_r_i0.
Duplicate register/latch removal. \Controller_inst/Controller_RHD_FIFO_1/FIFO_1/lscc_fifo_inst/fifo0/_FABRIC.u_fifo/rd_addr_p1_r_i0 is a one-to-one match with \Controller_inst/Controller_RHD_FIFO_1/FIFO_1/lscc_fifo_inst/fifo0/_FABRIC.u_fifo/MISC.rd_flag_addr_p1_r_i0.
Duplicate register/latch removal. \Controller_inst/Controller_RHD_FIFO_1/FIFO_1/lscc_fifo_inst/fifo0/_FABRIC.u_fifo/rd_addr_p1cmp_r_i0 is a one-to-one match with \Controller_inst/Controller_RHD_FIFO_1/FIFO_1/lscc_fifo_inst/fifo0/_FABRIC.u_fifo/rd_addr_p1_r_i0.
Duplicate register/latch removal. \Controller_inst/Controller_RHD_FIFO_1/FIFO_1/lscc_fifo_inst/fifo0/_FABRIC.u_fifo/rd_cmpaddr_r_i0 is a one-to-one match with \Controller_inst/Controller_RHD_FIFO_1/FIFO_1/lscc_fifo_inst/fifo0/_FABRIC.u_fifo/MISC.rd_flag_addr_r_i0.
Duplicate register/latch removal. \Controller_inst/Controller_RHD_FIFO_1/FIFO_1/lscc_fifo_inst/fifo0/_FABRIC.u_fifo/raddr_r_i0 is a one-to-one match with \Controller_inst/Controller_RHD_FIFO_1/FIFO_1/lscc_fifo_inst/fifo0/_FABRIC.u_fifo/rd_cmpaddr_r_i0.
Duplicate register/latch removal. \Controller_inst/Controller_RHD_FIFO_1/FIFO_1/lscc_fifo_inst/fifo0/_FABRIC.u_fifo/MISC.rd_flag_addr_p1_r_i8 is a one-to-one match with \Controller_inst/Controller_RHD_FIFO_1/FIFO_1/lscc_fifo_inst/fifo0/_FABRIC.u_fifo/rd_addr_p1_r_i8.
Duplicate register/latch removal. \Controller_inst/Controller_RHD_FIFO_1/FIFO_1/lscc_fifo_inst/fifo0/_FABRIC.u_fifo/MISC.rd_flag_addr_p1_r_i7 is a one-to-one match with \Controller_inst/Controller_RHD_FIFO_1/FIFO_1/lscc_fifo_inst/fifo0/_FABRIC.u_fifo/rd_addr_p1_r_i7.
Duplicate register/latch removal. \Controller_inst/Controller_RHD_FIFO_1/FIFO_1/lscc_fifo_inst/fifo0/_FABRIC.u_fifo/MISC.rd_flag_addr_p1_r_i6 is a one-to-one match with \Controller_inst/Controller_RHD_FIFO_1/FIFO_1/lscc_fifo_inst/fifo0/_FABRIC.u_fifo/rd_addr_p1_r_i6.
Duplicate register/latch removal. \Controller_inst/Controller_RHD_FIFO_1/FIFO_1/lscc_fifo_inst/fifo0/_FABRIC.u_fifo/MISC.rd_flag_addr_p1_r_i5 is a one-to-one match with \Controller_inst/Controller_RHD_FIFO_1/FIFO_1/lscc_fifo_inst/fifo0/_FABRIC.u_fifo/rd_addr_p1_r_i5.
Duplicate register/latch removal. \Controller_inst/Controller_RHD_FIFO_1/FIFO_1/lscc_fifo_inst/fifo0/_FABRIC.u_fifo/MISC.rd_flag_addr_p1_r_i4 is a one-to-one match with \Controller_inst/Controller_RHD_FIFO_1/FIFO_1/lscc_fifo_inst/fifo0/_FABRIC.u_fifo/rd_addr_p1_r_i4.
Duplicate register/latch removal. \Controller_inst/Controller_RHD_FIFO_1/FIFO_1/lscc_fifo_inst/fifo0/_FABRIC.u_fifo/MISC.rd_flag_addr_p1_r_i3 is a one-to-one match with \Controller_inst/Controller_RHD_FIFO_1/FIFO_1/lscc_fifo_inst/fifo0/_FABRIC.u_fifo/rd_addr_p1_r_i3.
Duplicate register/latch removal. \Controller_inst/Controller_RHD_FIFO_1/FIFO_1/lscc_fifo_inst/fifo0/_FABRIC.u_fifo/MISC.rd_flag_addr_p1_r_i2 is a one-to-one match with \Controller_inst/Controller_RHD_FIFO_1/FIFO_1/lscc_fifo_inst/fifo0/_FABRIC.u_fifo/rd_addr_p1_r_i2.
Duplicate register/latch removal. \Controller_inst/Controller_RHD_FIFO_1/FIFO_1/lscc_fifo_inst/fifo0/_FABRIC.u_fifo/MISC.rd_flag_addr_p1_r_i1 is a one-to-one match with \Controller_inst/Controller_RHD_FIFO_1/FIFO_1/lscc_fifo_inst/fifo0/_FABRIC.u_fifo/rd_addr_p1_r_i1.
Duplicate register/latch removal. \Controller_inst/Controller_RHD_FIFO_1/FIFO_1/lscc_fifo_inst/fifo0/_FABRIC.u_fifo/MISC.rd_flag_addr_r_i7 is a one-to-one match with \Controller_inst/Controller_RHD_FIFO_1/FIFO_1/lscc_fifo_inst/fifo0/_FABRIC.u_fifo/rd_cmpaddr_r_i7.
Duplicate register/latch removal. \Controller_inst/Controller_RHD_FIFO_1/FIFO_1/lscc_fifo_inst/fifo0/_FABRIC.u_fifo/MISC.rd_flag_addr_r_i6 is a one-to-one match with \Controller_inst/Controller_RHD_FIFO_1/FIFO_1/lscc_fifo_inst/fifo0/_FABRIC.u_fifo/rd_cmpaddr_r_i6.
Duplicate register/latch removal. \Controller_inst/Controller_RHD_FIFO_1/FIFO_1/lscc_fifo_inst/fifo0/_FABRIC.u_fifo/MISC.rd_flag_addr_r_i5 is a one-to-one match with \Controller_inst/Controller_RHD_FIFO_1/FIFO_1/lscc_fifo_inst/fifo0/_FABRIC.u_fifo/rd_cmpaddr_r_i5.
Duplicate register/latch removal. \Controller_inst/Controller_RHD_FIFO_1/FIFO_1/lscc_fifo_inst/fifo0/_FABRIC.u_fifo/MISC.rd_flag_addr_r_i4 is a one-to-one match with \Controller_inst/Controller_RHD_FIFO_1/FIFO_1/lscc_fifo_inst/fifo0/_FABRIC.u_fifo/rd_cmpaddr_r_i4.
Duplicate register/latch removal. \Controller_inst/Controller_RHD_FIFO_1/FIFO_1/lscc_fifo_inst/fifo0/_FABRIC.u_fifo/MISC.rd_flag_addr_r_i3 is a one-to-one match with \Controller_inst/Controller_RHD_FIFO_1/FIFO_1/lscc_fifo_inst/fifo0/_FABRIC.u_fifo/rd_cmpaddr_r_i3.
Duplicate register/latch removal. \Controller_inst/Controller_RHD_FIFO_1/FIFO_1/lscc_fifo_inst/fifo0/_FABRIC.u_fifo/MISC.rd_flag_addr_r_i2 is a one-to-one match with \Controller_inst/Controller_RHD_FIFO_1/FIFO_1/lscc_fifo_inst/fifo0/_FABRIC.u_fifo/rd_cmpaddr_r_i2.
Duplicate register/latch removal. \Controller_inst/Controller_RHD_FIFO_1/FIFO_1/lscc_fifo_inst/fifo0/_FABRIC.u_fifo/MISC.rd_flag_addr_r_i1 is a one-to-one match with \Controller_inst/Controller_RHD_FIFO_1/FIFO_1/lscc_fifo_inst/fifo0/_FABRIC.u_fifo/rd_cmpaddr_r_i1.
Duplicate register/latch removal. \Controller_inst/Controller_RHD_FIFO_1/FIFO_1/lscc_fifo_inst/fifo0/_FABRIC.u_fifo/MISC.wr_flag_addr_p1_r_i8 is a one-to-one match with \Controller_inst/Controller_RHD_FIFO_1/FIFO_1/lscc_fifo_inst/fifo0/_FABRIC.u_fifo/wr_addr_p1cmp_r_i1.
Duplicate register/latch removal. \Controller_inst/Controller_RHD_FIFO_1/FIFO_1/lscc_fifo_inst/fifo0/_FABRIC.u_fifo/MISC.wr_flag_addr_p1_r_i7 is a one-to-one match with \Controller_inst/Controller_RHD_FIFO_1/FIFO_1/lscc_fifo_inst/fifo0/_FABRIC.u_fifo/wr_addr_p1_r_i7.
Duplicate register/latch removal. \Controller_inst/Controller_RHD_FIFO_1/FIFO_1/lscc_fifo_inst/fifo0/_FABRIC.u_fifo/MISC.wr_flag_addr_p1_r_i6 is a one-to-one match with \Controller_inst/Controller_RHD_FIFO_1/FIFO_1/lscc_fifo_inst/fifo0/_FABRIC.u_fifo/wr_addr_p1_r_i6.
Duplicate register/latch removal. \Controller_inst/Controller_RHD_FIFO_1/FIFO_1/lscc_fifo_inst/fifo0/_FABRIC.u_fifo/MISC.wr_flag_addr_p1_r_i5 is a one-to-one match with \Controller_inst/Controller_RHD_FIFO_1/FIFO_1/lscc_fifo_inst/fifo0/_FABRIC.u_fifo/wr_addr_p1_r_i5.
Duplicate register/latch removal. \Controller_inst/Controller_RHD_FIFO_1/FIFO_1/lscc_fifo_inst/fifo0/_FABRIC.u_fifo/MISC.wr_flag_addr_p1_r_i4 is a one-to-one match with \Controller_inst/Controller_RHD_FIFO_1/FIFO_1/lscc_fifo_inst/fifo0/_FABRIC.u_fifo/wr_addr_p1_r_i4.
Duplicate register/latch removal. \Controller_inst/Controller_RHD_FIFO_1/FIFO_1/lscc_fifo_inst/fifo0/_FABRIC.u_fifo/MISC.wr_flag_addr_p1_r_i3 is a one-to-one match with \Controller_inst/Controller_RHD_FIFO_1/FIFO_1/lscc_fifo_inst/fifo0/_FABRIC.u_fifo/wr_addr_p1_r_i3.
Duplicate register/latch removal. \Controller_inst/Controller_RHD_FIFO_1/FIFO_1/lscc_fifo_inst/fifo0/_FABRIC.u_fifo/MISC.wr_flag_addr_p1_r_i2 is a one-to-one match with \Controller_inst/Controller_RHD_FIFO_1/FIFO_1/lscc_fifo_inst/fifo0/_FABRIC.u_fifo/wr_addr_p1_r_i2.
Duplicate register/latch removal. \Controller_inst/Controller_RHD_FIFO_1/FIFO_1/lscc_fifo_inst/fifo0/_FABRIC.u_fifo/MISC.wr_flag_addr_p1_r_i1 is a one-to-one match with \Controller_inst/Controller_RHD_FIFO_1/FIFO_1/lscc_fifo_inst/fifo0/_FABRIC.u_fifo/wr_addr_p1_r_i1.
Duplicate register/latch removal. \Controller_inst/Controller_RHD_FIFO_1/FIFO_1/lscc_fifo_inst/fifo0/_FABRIC.u_fifo/MISC.wr_flag_addr_r_i7 is a one-to-one match with \Controller_inst/Controller_RHD_FIFO_1/FIFO_1/lscc_fifo_inst/fifo0/_FABRIC.u_fifo/wr_cmpaddr_r_i7.
Duplicate register/latch removal. \Controller_inst/Controller_RHD_FIFO_1/FIFO_1/lscc_fifo_inst/fifo0/_FABRIC.u_fifo/MISC.wr_flag_addr_r_i6 is a one-to-one match with \Controller_inst/Controller_RHD_FIFO_1/FIFO_1/lscc_fifo_inst/fifo0/_FABRIC.u_fifo/wr_cmpaddr_r_i6.
Duplicate register/latch removal. \Controller_inst/Controller_RHD_FIFO_1/FIFO_1/lscc_fifo_inst/fifo0/_FABRIC.u_fifo/MISC.wr_flag_addr_r_i5 is a one-to-one match with \Controller_inst/Controller_RHD_FIFO_1/FIFO_1/lscc_fifo_inst/fifo0/_FABRIC.u_fifo/wr_cmpaddr_r_i5.
Duplicate register/latch removal. \Controller_inst/Controller_RHD_FIFO_1/FIFO_1/lscc_fifo_inst/fifo0/_FABRIC.u_fifo/MISC.wr_flag_addr_r_i4 is a one-to-one match with \Controller_inst/Controller_RHD_FIFO_1/FIFO_1/lscc_fifo_inst/fifo0/_FABRIC.u_fifo/wr_cmpaddr_r_i4.
Duplicate register/latch removal. \Controller_inst/Controller_RHD_FIFO_1/FIFO_1/lscc_fifo_inst/fifo0/_FABRIC.u_fifo/MISC.wr_flag_addr_r_i3 is a one-to-one match with \Controller_inst/Controller_RHD_FIFO_1/FIFO_1/lscc_fifo_inst/fifo0/_FABRIC.u_fifo/wr_cmpaddr_r_i3.
Duplicate register/latch removal. \Controller_inst/Controller_RHD_FIFO_1/FIFO_1/lscc_fifo_inst/fifo0/_FABRIC.u_fifo/MISC.wr_flag_addr_r_i2 is a one-to-one match with \Controller_inst/Controller_RHD_FIFO_1/FIFO_1/lscc_fifo_inst/fifo0/_FABRIC.u_fifo/wr_cmpaddr_r_i2.
Duplicate register/latch removal. \Controller_inst/Controller_RHD_FIFO_1/FIFO_1/lscc_fifo_inst/fifo0/_FABRIC.u_fifo/MISC.wr_flag_addr_r_i1 is a one-to-one match with \Controller_inst/Controller_RHD_FIFO_1/FIFO_1/lscc_fifo_inst/fifo0/_FABRIC.u_fifo/wr_cmpaddr_r_i1.
Duplicate register/latch removal. \Controller_inst/Controller_RHD_FIFO_1/FIFO_1/lscc_fifo_inst/fifo0/_FABRIC.u_fifo/raddr_r_i7 is a one-to-one match with \Controller_inst/Controller_RHD_FIFO_1/FIFO_1/lscc_fifo_inst/fifo0/_FABRIC.u_fifo/MISC.rd_flag_addr_r_i7.
Duplicate register/latch removal. \Controller_inst/Controller_RHD_FIFO_1/FIFO_1/lscc_fifo_inst/fifo0/_FABRIC.u_fifo/raddr_r_i6 is a one-to-one match with \Controller_inst/Controller_RHD_FIFO_1/FIFO_1/lscc_fifo_inst/fifo0/_FABRIC.u_fifo/MISC.rd_flag_addr_r_i6.
Duplicate register/latch removal. \Controller_inst/Controller_RHD_FIFO_1/FIFO_1/lscc_fifo_inst/fifo0/_FABRIC.u_fifo/raddr_r_i5 is a one-to-one match with \Controller_inst/Controller_RHD_FIFO_1/FIFO_1/lscc_fifo_inst/fifo0/_FABRIC.u_fifo/MISC.rd_flag_addr_r_i5.
Duplicate register/latch removal. \Controller_inst/Controller_RHD_FIFO_1/FIFO_1/lscc_fifo_inst/fifo0/_FABRIC.u_fifo/raddr_r_i4 is a one-to-one match with \Controller_inst/Controller_RHD_FIFO_1/FIFO_1/lscc_fifo_inst/fifo0/_FABRIC.u_fifo/MISC.rd_flag_addr_r_i4.
Duplicate register/latch removal. \Controller_inst/Controller_RHD_FIFO_1/FIFO_1/lscc_fifo_inst/fifo0/_FABRIC.u_fifo/raddr_r_i3 is a one-to-one match with \Controller_inst/Controller_RHD_FIFO_1/FIFO_1/lscc_fifo_inst/fifo0/_FABRIC.u_fifo/MISC.rd_flag_addr_r_i3.
Duplicate register/latch removal. \Controller_inst/Controller_RHD_FIFO_1/FIFO_1/lscc_fifo_inst/fifo0/_FABRIC.u_fifo/raddr_r_i2 is a one-to-one match with \Controller_inst/Controller_RHD_FIFO_1/FIFO_1/lscc_fifo_inst/fifo0/_FABRIC.u_fifo/MISC.rd_flag_addr_r_i2.
Duplicate register/latch removal. \Controller_inst/Controller_RHD_FIFO_1/FIFO_1/lscc_fifo_inst/fifo0/_FABRIC.u_fifo/raddr_r_i1 is a one-to-one match with \Controller_inst/Controller_RHD_FIFO_1/FIFO_1/lscc_fifo_inst/fifo0/_FABRIC.u_fifo/MISC.rd_flag_addr_r_i1.
Duplicate register/latch removal. \Controller_inst/Controller_RHD_FIFO_1/FIFO_1/lscc_fifo_inst/fifo0/_FABRIC.u_fifo/rd_addr_p1cmp_r_i8 is a one-to-one match with \Controller_inst/Controller_RHD_FIFO_1/FIFO_1/lscc_fifo_inst/fifo0/_FABRIC.u_fifo/MISC.rd_flag_addr_p1_r_i8.
Duplicate register/latch removal. \Controller_inst/Controller_RHD_FIFO_1/FIFO_1/lscc_fifo_inst/fifo0/_FABRIC.u_fifo/rd_addr_p1cmp_r_i7 is a one-to-one match with \Controller_inst/Controller_RHD_FIFO_1/FIFO_1/lscc_fifo_inst/fifo0/_FABRIC.u_fifo/MISC.rd_flag_addr_p1_r_i7.
Duplicate register/latch removal. \Controller_inst/Controller_RHD_FIFO_1/FIFO_1/lscc_fifo_inst/fifo0/_FABRIC.u_fifo/rd_addr_p1cmp_r_i6 is a one-to-one match with \Controller_inst/Controller_RHD_FIFO_1/FIFO_1/lscc_fifo_inst/fifo0/_FABRIC.u_fifo/MISC.rd_flag_addr_p1_r_i6.
Duplicate register/latch removal. \Controller_inst/Controller_RHD_FIFO_1/FIFO_1/lscc_fifo_inst/fifo0/_FABRIC.u_fifo/rd_addr_p1cmp_r_i5 is a one-to-one match with \Controller_inst/Controller_RHD_FIFO_1/FIFO_1/lscc_fifo_inst/fifo0/_FABRIC.u_fifo/MISC.rd_flag_addr_p1_r_i5.
Duplicate register/latch removal. \Controller_inst/Controller_RHD_FIFO_1/FIFO_1/lscc_fifo_inst/fifo0/_FABRIC.u_fifo/rd_addr_p1cmp_r_i4 is a one-to-one match with \Controller_inst/Controller_RHD_FIFO_1/FIFO_1/lscc_fifo_inst/fifo0/_FABRIC.u_fifo/MISC.rd_flag_addr_p1_r_i4.
Duplicate register/latch removal. \Controller_inst/Controller_RHD_FIFO_1/FIFO_1/lscc_fifo_inst/fifo0/_FABRIC.u_fifo/rd_addr_p1cmp_r_i3 is a one-to-one match with \Controller_inst/Controller_RHD_FIFO_1/FIFO_1/lscc_fifo_inst/fifo0/_FABRIC.u_fifo/MISC.rd_flag_addr_p1_r_i3.
Duplicate register/latch removal. \Controller_inst/Controller_RHD_FIFO_1/FIFO_1/lscc_fifo_inst/fifo0/_FABRIC.u_fifo/rd_addr_p1cmp_r_i2 is a one-to-one match with \Controller_inst/Controller_RHD_FIFO_1/FIFO_1/lscc_fifo_inst/fifo0/_FABRIC.u_fifo/MISC.rd_flag_addr_p1_r_i2.
Duplicate register/latch removal. \Controller_inst/Controller_RHD_FIFO_1/FIFO_1/lscc_fifo_inst/fifo0/_FABRIC.u_fifo/rd_addr_p1cmp_r_i1 is a one-to-one match with \Controller_inst/Controller_RHD_FIFO_1/FIFO_1/lscc_fifo_inst/fifo0/_FABRIC.u_fifo/MISC.rd_flag_addr_p1_r_i1.
Duplicate register/latch removal. \Controller_inst/Controller_RHD_FIFO_1/FIFO_1/lscc_fifo_inst/fifo0/_FABRIC.u_fifo/wr_cmpaddr_p1_r_i7 is a one-to-one match with \Controller_inst/Controller_RHD_FIFO_1/FIFO_1/lscc_fifo_inst/fifo0/_FABRIC.u_fifo/MISC.wr_flag_addr_p1_r_i7.
Duplicate register/latch removal. \Controller_inst/Controller_RHD_FIFO_1/FIFO_1/lscc_fifo_inst/fifo0/_FABRIC.u_fifo/wr_cmpaddr_p1_r_i6 is a one-to-one match with \Controller_inst/Controller_RHD_FIFO_1/FIFO_1/lscc_fifo_inst/fifo0/_FABRIC.u_fifo/MISC.wr_flag_addr_p1_r_i6.
Duplicate register/latch removal. \Controller_inst/Controller_RHD_FIFO_1/FIFO_1/lscc_fifo_inst/fifo0/_FABRIC.u_fifo/wr_cmpaddr_p1_r_i5 is a one-to-one match with \Controller_inst/Controller_RHD_FIFO_1/FIFO_1/lscc_fifo_inst/fifo0/_FABRIC.u_fifo/MISC.wr_flag_addr_p1_r_i5.
Duplicate register/latch removal. \Controller_inst/Controller_RHD_FIFO_1/FIFO_1/lscc_fifo_inst/fifo0/_FABRIC.u_fifo/wr_cmpaddr_p1_r_i4 is a one-to-one match with \Controller_inst/Controller_RHD_FIFO_1/FIFO_1/lscc_fifo_inst/fifo0/_FABRIC.u_fifo/MISC.wr_flag_addr_p1_r_i4.
Duplicate register/latch removal. \Controller_inst/Controller_RHD_FIFO_1/FIFO_1/lscc_fifo_inst/fifo0/_FABRIC.u_fifo/wr_cmpaddr_p1_r_i3 is a one-to-one match with \Controller_inst/Controller_RHD_FIFO_1/FIFO_1/lscc_fifo_inst/fifo0/_FABRIC.u_fifo/MISC.wr_flag_addr_p1_r_i3.
Duplicate register/latch removal. \Controller_inst/Controller_RHD_FIFO_1/FIFO_1/lscc_fifo_inst/fifo0/_FABRIC.u_fifo/wr_cmpaddr_p1_r_i2 is a one-to-one match with \Controller_inst/Controller_RHD_FIFO_1/FIFO_1/lscc_fifo_inst/fifo0/_FABRIC.u_fifo/MISC.wr_flag_addr_p1_r_i2.
Duplicate register/latch removal. \Controller_inst/Controller_RHD_FIFO_1/FIFO_1/lscc_fifo_inst/fifo0/_FABRIC.u_fifo/wr_cmpaddr_p1_r_i1 is a one-to-one match with \Controller_inst/Controller_RHD_FIFO_1/FIFO_1/lscc_fifo_inst/fifo0/_FABRIC.u_fifo/MISC.wr_flag_addr_p1_r_i1.
Duplicate register/latch removal. \Controller_inst/Controller_RHD_FIFO_1/FIFO_1/lscc_fifo_inst/fifo0/_FABRIC.u_fifo/waddr_r_i7 is a one-to-one match with \Controller_inst/Controller_RHD_FIFO_1/FIFO_1/lscc_fifo_inst/fifo0/_FABRIC.u_fifo/MISC.wr_flag_addr_r_i7.
Duplicate register/latch removal. \Controller_inst/Controller_RHD_FIFO_1/FIFO_1/lscc_fifo_inst/fifo0/_FABRIC.u_fifo/waddr_r_i6 is a one-to-one match with \Controller_inst/Controller_RHD_FIFO_1/FIFO_1/lscc_fifo_inst/fifo0/_FABRIC.u_fifo/MISC.wr_flag_addr_r_i6.
Duplicate register/latch removal. \Controller_inst/Controller_RHD_FIFO_1/FIFO_1/lscc_fifo_inst/fifo0/_FABRIC.u_fifo/waddr_r_i5 is a one-to-one match with \Controller_inst/Controller_RHD_FIFO_1/FIFO_1/lscc_fifo_inst/fifo0/_FABRIC.u_fifo/MISC.wr_flag_addr_r_i5.
Duplicate register/latch removal. \Controller_inst/Controller_RHD_FIFO_1/FIFO_1/lscc_fifo_inst/fifo0/_FABRIC.u_fifo/waddr_r_i4 is a one-to-one match with \Controller_inst/Controller_RHD_FIFO_1/FIFO_1/lscc_fifo_inst/fifo0/_FABRIC.u_fifo/MISC.wr_flag_addr_r_i4.
Duplicate register/latch removal. \Controller_inst/Controller_RHD_FIFO_1/FIFO_1/lscc_fifo_inst/fifo0/_FABRIC.u_fifo/waddr_r_i3 is a one-to-one match with \Controller_inst/Controller_RHD_FIFO_1/FIFO_1/lscc_fifo_inst/fifo0/_FABRIC.u_fifo/MISC.wr_flag_addr_r_i3.
Duplicate register/latch removal. \Controller_inst/Controller_RHD_FIFO_1/FIFO_1/lscc_fifo_inst/fifo0/_FABRIC.u_fifo/waddr_r_i2 is a one-to-one match with \Controller_inst/Controller_RHD_FIFO_1/FIFO_1/lscc_fifo_inst/fifo0/_FABRIC.u_fifo/MISC.wr_flag_addr_r_i2.
Duplicate register/latch removal. \Controller_inst/Controller_RHD_FIFO_1/FIFO_1/lscc_fifo_inst/fifo0/_FABRIC.u_fifo/waddr_r_i1 is a one-to-one match with \Controller_inst/Controller_RHD_FIFO_1/FIFO_1/lscc_fifo_inst/fifo0/_FABRIC.u_fifo/MISC.wr_flag_addr_r_i1.
Duplicate register/latch removal. \Controller_inst/Controller_RHD_FIFO_1/FIFO_1/lscc_fifo_inst/fifo0/_FABRIC.u_fifo/full_r is a one-to-one match with \Controller_inst/Controller_RHD_FIFO_1/FIFO_1/lscc_fifo_inst/fifo0/_FABRIC.u_fifo/MISC.full_flag_r.
Duplicate register/latch removal. \Controller_inst/Controller_RHD_FIFO_1/FIFO_1/lscc_fifo_inst/fifo0/_FABRIC.u_fifo/full_mem_r is a one-to-one match with \Controller_inst/Controller_RHD_FIFO_1/FIFO_1/lscc_fifo_inst/fifo0/_FABRIC.u_fifo/full_r.
Duplicate register/latch removal. \Controller_inst/Controller_RHD_FIFO_1/FIFO_1/lscc_fifo_inst/fifo0/_FABRIC.u_fifo/empty_r is a one-to-one match with \Controller_inst/Controller_RHD_FIFO_1/FIFO_1/lscc_fifo_inst/fifo0/_FABRIC.u_fifo/MISC.empty_flag_r.
Duplicate register/latch removal. \Controller_inst/Controller_RHD_FIFO_1/FIFO_1/lscc_fifo_inst/fifo0/_FABRIC.u_fifo/empty_mem_r is a one-to-one match with \Controller_inst/Controller_RHD_FIFO_1/FIFO_1/lscc_fifo_inst/fifo0/_FABRIC.u_fifo/empty_r.
Duplicate register/latch removal. \Controller_inst/Controller_RHD_FIFO_1/FIFO_1/lscc_fifo_inst/fifo0/_FABRIC.u_fifo/wr_addr_p1_r_i0 is a one-to-one match with \Controller_inst/Controller_RHD_FIFO_1/FIFO_1/lscc_fifo_inst/fifo0/_FABRIC.u_fifo/MISC.wr_flag_addr_p1_r_i0.
Duplicate register/latch removal. \Controller_inst/Controller_RHD_FIFO_1/FIFO_1/lscc_fifo_inst/fifo0/_FABRIC.u_fifo/wr_cmpaddr_r_i0 is a one-to-one match with \Controller_inst/Controller_RHD_FIFO_1/FIFO_1/lscc_fifo_inst/fifo0/_FABRIC.u_fifo/MISC.wr_flag_addr_r_i0.
Duplicate register/latch removal. \Controller_inst/Controller_RHD_FIFO_1/FIFO_1/lscc_fifo_inst/fifo0/_FABRIC.u_fifo/wr_addr_p1cmp_r_i1 is a one-to-one match with \Controller_inst/Controller_RHD_FIFO_1/FIFO_1/lscc_fifo_inst/fifo0/_FABRIC.u_fifo/wr_addr_p1_r_i8.
Duplicate register/latch removal. \Controller_inst/Controller_RHD_FIFO_1/FIFO_1/lscc_fifo_inst/fifo0/_FABRIC.u_fifo/waddr_r_i0 is a one-to-one match with \Controller_inst/Controller_RHD_FIFO_1/FIFO_1/lscc_fifo_inst/fifo0/_FABRIC.u_fifo/wr_cmpaddr_r_i0.
Duplicate register/latch removal. \Controller_inst/Controller_RHD_FIFO_1/FIFO_1/lscc_fifo_inst/fifo0/_FABRIC.u_fifo/wr_cmpaddr_p1_r_i0 is a one-to-one match with \Controller_inst/Controller_RHD_FIFO_1/FIFO_1/lscc_fifo_inst/fifo0/_FABRIC.u_fifo/wr_addr_p1_r_i0.
Duplicate register/latch removal. \Controller_inst/Controller_RHD_FIFO_1/FIFO_1/lscc_fifo_inst/fifo0/_FABRIC.u_fifo/rd_addr_p1_r_i0 is a one-to-one match with \Controller_inst/Controller_RHD_FIFO_1/FIFO_1/lscc_fifo_inst/fifo0/_FABRIC.u_fifo/MISC.rd_flag_addr_p1_r_i0.
Duplicate register/latch removal. \Controller_inst/Controller_RHD_FIFO_1/FIFO_1/lscc_fifo_inst/fifo0/_FABRIC.u_fifo/rd_addr_p1cmp_r_i0 is a one-to-one match with \Controller_inst/Controller_RHD_FIFO_1/FIFO_1/lscc_fifo_inst/fifo0/_FABRIC.u_fifo/rd_addr_p1_r_i0.
Duplicate register/latch removal. \Controller_inst/Controller_RHD_FIFO_1/FIFO_1/lscc_fifo_inst/fifo0/_FABRIC.u_fifo/rd_cmpaddr_r_i0 is a one-to-one match with \Controller_inst/Controller_RHD_FIFO_1/FIFO_1/lscc_fifo_inst/fifo0/_FABRIC.u_fifo/MISC.rd_flag_addr_r_i0.
Duplicate register/latch removal. \Controller_inst/Controller_RHD_FIFO_1/FIFO_1/lscc_fifo_inst/fifo0/_FABRIC.u_fifo/raddr_r_i0 is a one-to-one match with \Controller_inst/Controller_RHD_FIFO_1/FIFO_1/lscc_fifo_inst/fifo0/_FABRIC.u_fifo/rd_cmpaddr_r_i0.
Duplicate register/latch removal. \Controller_inst/Controller_RHD_FIFO_1/FIFO_1/lscc_fifo_inst/fifo0/_FABRIC.u_fifo/MISC.rd_flag_addr_p1_r_i8 is a one-to-one match with \Controller_inst/Controller_RHD_FIFO_1/FIFO_1/lscc_fifo_inst/fifo0/_FABRIC.u_fifo/rd_addr_p1_r_i8.
Duplicate register/latch removal. \Controller_inst/Controller_RHD_FIFO_1/FIFO_1/lscc_fifo_inst/fifo0/_FABRIC.u_fifo/MISC.rd_flag_addr_p1_r_i7 is a one-to-one match with \Controller_inst/Controller_RHD_FIFO_1/FIFO_1/lscc_fifo_inst/fifo0/_FABRIC.u_fifo/rd_addr_p1_r_i7.
Duplicate register/latch removal. \Controller_inst/Controller_RHD_FIFO_1/FIFO_1/lscc_fifo_inst/fifo0/_FABRIC.u_fifo/MISC.rd_flag_addr_p1_r_i6 is a one-to-one match with \Controller_inst/Controller_RHD_FIFO_1/FIFO_1/lscc_fifo_inst/fifo0/_FABRIC.u_fifo/rd_addr_p1_r_i6.
Duplicate register/latch removal. \Controller_inst/Controller_RHD_FIFO_1/FIFO_1/lscc_fifo_inst/fifo0/_FABRIC.u_fifo/MISC.rd_flag_addr_p1_r_i5 is a one-to-one match with \Controller_inst/Controller_RHD_FIFO_1/FIFO_1/lscc_fifo_inst/fifo0/_FABRIC.u_fifo/rd_addr_p1_r_i5.
Duplicate register/latch removal. \Controller_inst/Controller_RHD_FIFO_1/FIFO_1/lscc_fifo_inst/fifo0/_FABRIC.u_fifo/MISC.rd_flag_addr_p1_r_i4 is a one-to-one match with \Controller_inst/Controller_RHD_FIFO_1/FIFO_1/lscc_fifo_inst/fifo0/_FABRIC.u_fifo/rd_addr_p1_r_i4.
Duplicate register/latch removal. \Controller_inst/Controller_RHD_FIFO_1/FIFO_1/lscc_fifo_inst/fifo0/_FABRIC.u_fifo/MISC.rd_flag_addr_p1_r_i3 is a one-to-one match with \Controller_inst/Controller_RHD_FIFO_1/FIFO_1/lscc_fifo_inst/fifo0/_FABRIC.u_fifo/rd_addr_p1_r_i3.
Duplicate register/latch removal. \Controller_inst/Controller_RHD_FIFO_1/FIFO_1/lscc_fifo_inst/fifo0/_FABRIC.u_fifo/MISC.rd_flag_addr_p1_r_i2 is a one-to-one match with \Controller_inst/Controller_RHD_FIFO_1/FIFO_1/lscc_fifo_inst/fifo0/_FABRIC.u_fifo/rd_addr_p1_r_i2.
Duplicate register/latch removal. \Controller_inst/Controller_RHD_FIFO_1/FIFO_1/lscc_fifo_inst/fifo0/_FABRIC.u_fifo/MISC.rd_flag_addr_p1_r_i1 is a one-to-one match with \Controller_inst/Controller_RHD_FIFO_1/FIFO_1/lscc_fifo_inst/fifo0/_FABRIC.u_fifo/rd_addr_p1_r_i1.
Duplicate register/latch removal. \Controller_inst/Controller_RHD_FIFO_1/FIFO_1/lscc_fifo_inst/fifo0/_FABRIC.u_fifo/MISC.rd_flag_addr_r_i7 is a one-to-one match with \Controller_inst/Controller_RHD_FIFO_1/FIFO_1/lscc_fifo_inst/fifo0/_FABRIC.u_fifo/rd_cmpaddr_r_i7.
Duplicate register/latch removal. \Controller_inst/Controller_RHD_FIFO_1/FIFO_1/lscc_fifo_inst/fifo0/_FABRIC.u_fifo/MISC.rd_flag_addr_r_i6 is a one-to-one match with \Controller_inst/Controller_RHD_FIFO_1/FIFO_1/lscc_fifo_inst/fifo0/_FABRIC.u_fifo/rd_cmpaddr_r_i6.
Duplicate register/latch removal. \Controller_inst/Controller_RHD_FIFO_1/FIFO_1/lscc_fifo_inst/fifo0/_FABRIC.u_fifo/MISC.rd_flag_addr_r_i5 is a one-to-one match with \Controller_inst/Controller_RHD_FIFO_1/FIFO_1/lscc_fifo_inst/fifo0/_FABRIC.u_fifo/rd_cmpaddr_r_i5.
Duplicate register/latch removal. \Controller_inst/Controller_RHD_FIFO_1/FIFO_1/lscc_fifo_inst/fifo0/_FABRIC.u_fifo/MISC.rd_flag_addr_r_i4 is a one-to-one match with \Controller_inst/Controller_RHD_FIFO_1/FIFO_1/lscc_fifo_inst/fifo0/_FABRIC.u_fifo/rd_cmpaddr_r_i4.
Duplicate register/latch removal. \Controller_inst/Controller_RHD_FIFO_1/FIFO_1/lscc_fifo_inst/fifo0/_FABRIC.u_fifo/MISC.rd_flag_addr_r_i3 is a one-to-one match with \Controller_inst/Controller_RHD_FIFO_1/FIFO_1/lscc_fifo_inst/fifo0/_FABRIC.u_fifo/rd_cmpaddr_r_i3.
Duplicate register/latch removal. \Controller_inst/Controller_RHD_FIFO_1/FIFO_1/lscc_fifo_inst/fifo0/_FABRIC.u_fifo/MISC.rd_flag_addr_r_i2 is a one-to-one match with \Controller_inst/Controller_RHD_FIFO_1/FIFO_1/lscc_fifo_inst/fifo0/_FABRIC.u_fifo/rd_cmpaddr_r_i2.
Duplicate register/latch removal. \Controller_inst/Controller_RHD_FIFO_1/FIFO_1/lscc_fifo_inst/fifo0/_FABRIC.u_fifo/MISC.rd_flag_addr_r_i1 is a one-to-one match with \Controller_inst/Controller_RHD_FIFO_1/FIFO_1/lscc_fifo_inst/fifo0/_FABRIC.u_fifo/rd_cmpaddr_r_i1.
Duplicate register/latch removal. \Controller_inst/Controller_RHD_FIFO_1/FIFO_1/lscc_fifo_inst/fifo0/_FABRIC.u_fifo/MISC.wr_flag_addr_p1_r_i8 is a one-to-one match with \Controller_inst/Controller_RHD_FIFO_1/FIFO_1/lscc_fifo_inst/fifo0/_FABRIC.u_fifo/wr_addr_p1cmp_r_i1.
Duplicate register/latch removal. \Controller_inst/Controller_RHD_FIFO_1/FIFO_1/lscc_fifo_inst/fifo0/_FABRIC.u_fifo/MISC.wr_flag_addr_p1_r_i7 is a one-to-one match with \Controller_inst/Controller_RHD_FIFO_1/FIFO_1/lscc_fifo_inst/fifo0/_FABRIC.u_fifo/wr_addr_p1_r_i7.
Duplicate register/latch removal. \Controller_inst/Controller_RHD_FIFO_1/FIFO_1/lscc_fifo_inst/fifo0/_FABRIC.u_fifo/MISC.wr_flag_addr_p1_r_i6 is a one-to-one match with \Controller_inst/Controller_RHD_FIFO_1/FIFO_1/lscc_fifo_inst/fifo0/_FABRIC.u_fifo/wr_addr_p1_r_i6.
Duplicate register/latch removal. \Controller_inst/Controller_RHD_FIFO_1/FIFO_1/lscc_fifo_inst/fifo0/_FABRIC.u_fifo/MISC.wr_flag_addr_p1_r_i5 is a one-to-one match with \Controller_inst/Controller_RHD_FIFO_1/FIFO_1/lscc_fifo_inst/fifo0/_FABRIC.u_fifo/wr_addr_p1_r_i5.
Duplicate register/latch removal. \Controller_inst/Controller_RHD_FIFO_1/FIFO_1/lscc_fifo_inst/fifo0/_FABRIC.u_fifo/MISC.wr_flag_addr_p1_r_i4 is a one-to-one match with \Controller_inst/Controller_RHD_FIFO_1/FIFO_1/lscc_fifo_inst/fifo0/_FABRIC.u_fifo/wr_addr_p1_r_i4.
Duplicate register/latch removal. \Controller_inst/Controller_RHD_FIFO_1/FIFO_1/lscc_fifo_inst/fifo0/_FABRIC.u_fifo/MISC.wr_flag_addr_p1_r_i3 is a one-to-one match with \Controller_inst/Controller_RHD_FIFO_1/FIFO_1/lscc_fifo_inst/fifo0/_FABRIC.u_fifo/wr_addr_p1_r_i3.
Duplicate register/latch removal. \Controller_inst/Controller_RHD_FIFO_1/FIFO_1/lscc_fifo_inst/fifo0/_FABRIC.u_fifo/MISC.wr_flag_addr_p1_r_i2 is a one-to-one match with \Controller_inst/Controller_RHD_FIFO_1/FIFO_1/lscc_fifo_inst/fifo0/_FABRIC.u_fifo/wr_addr_p1_r_i2.
Duplicate register/latch removal. \Controller_inst/Controller_RHD_FIFO_1/FIFO_1/lscc_fifo_inst/fifo0/_FABRIC.u_fifo/MISC.wr_flag_addr_p1_r_i1 is a one-to-one match with \Controller_inst/Controller_RHD_FIFO_1/FIFO_1/lscc_fifo_inst/fifo0/_FABRIC.u_fifo/wr_addr_p1_r_i1.
Duplicate register/latch removal. \Controller_inst/Controller_RHD_FIFO_1/FIFO_1/lscc_fifo_inst/fifo0/_FABRIC.u_fifo/MISC.wr_flag_addr_r_i7 is a one-to-one match with \Controller_inst/Controller_RHD_FIFO_1/FIFO_1/lscc_fifo_inst/fifo0/_FABRIC.u_fifo/wr_cmpaddr_r_i7.
Duplicate register/latch removal. \Controller_inst/Controller_RHD_FIFO_1/FIFO_1/lscc_fifo_inst/fifo0/_FABRIC.u_fifo/MISC.wr_flag_addr_r_i6 is a one-to-one match with \Controller_inst/Controller_RHD_FIFO_1/FIFO_1/lscc_fifo_inst/fifo0/_FABRIC.u_fifo/wr_cmpaddr_r_i6.
Duplicate register/latch removal. \Controller_inst/Controller_RHD_FIFO_1/FIFO_1/lscc_fifo_inst/fifo0/_FABRIC.u_fifo/MISC.wr_flag_addr_r_i5 is a one-to-one match with \Controller_inst/Controller_RHD_FIFO_1/FIFO_1/lscc_fifo_inst/fifo0/_FABRIC.u_fifo/wr_cmpaddr_r_i5.
Duplicate register/latch removal. \Controller_inst/Controller_RHD_FIFO_1/FIFO_1/lscc_fifo_inst/fifo0/_FABRIC.u_fifo/MISC.wr_flag_addr_r_i4 is a one-to-one match with \Controller_inst/Controller_RHD_FIFO_1/FIFO_1/lscc_fifo_inst/fifo0/_FABRIC.u_fifo/wr_cmpaddr_r_i4.
Duplicate register/latch removal. \Controller_inst/Controller_RHD_FIFO_1/FIFO_1/lscc_fifo_inst/fifo0/_FABRIC.u_fifo/MISC.wr_flag_addr_r_i3 is a one-to-one match with \Controller_inst/Controller_RHD_FIFO_1/FIFO_1/lscc_fifo_inst/fifo0/_FABRIC.u_fifo/wr_cmpaddr_r_i3.
Duplicate register/latch removal. \Controller_inst/Controller_RHD_FIFO_1/FIFO_1/lscc_fifo_inst/fifo0/_FABRIC.u_fifo/MISC.wr_flag_addr_r_i2 is a one-to-one match with \Controller_inst/Controller_RHD_FIFO_1/FIFO_1/lscc_fifo_inst/fifo0/_FABRIC.u_fifo/wr_cmpaddr_r_i2.
Duplicate register/latch removal. \Controller_inst/Controller_RHD_FIFO_1/FIFO_1/lscc_fifo_inst/fifo0/_FABRIC.u_fifo/MISC.wr_flag_addr_r_i1 is a one-to-one match with \Controller_inst/Controller_RHD_FIFO_1/FIFO_1/lscc_fifo_inst/fifo0/_FABRIC.u_fifo/wr_cmpaddr_r_i1.
Duplicate register/latch removal. \Controller_inst/Controller_RHD_FIFO_1/FIFO_1/lscc_fifo_inst/fifo0/_FABRIC.u_fifo/raddr_r_i7 is a one-to-one match with \Controller_inst/Controller_RHD_FIFO_1/FIFO_1/lscc_fifo_inst/fifo0/_FABRIC.u_fifo/MISC.rd_flag_addr_r_i7.
Duplicate register/latch removal. \Controller_inst/Controller_RHD_FIFO_1/FIFO_1/lscc_fifo_inst/fifo0/_FABRIC.u_fifo/raddr_r_i6 is a one-to-one match with \Controller_inst/Controller_RHD_FIFO_1/FIFO_1/lscc_fifo_inst/fifo0/_FABRIC.u_fifo/MISC.rd_flag_addr_r_i6.
Duplicate register/latch removal. \Controller_inst/Controller_RHD_FIFO_1/FIFO_1/lscc_fifo_inst/fifo0/_FABRIC.u_fifo/raddr_r_i5 is a one-to-one match with \Controller_inst/Controller_RHD_FIFO_1/FIFO_1/lscc_fifo_inst/fifo0/_FABRIC.u_fifo/MISC.rd_flag_addr_r_i5.
Duplicate register/latch removal. \Controller_inst/Controller_RHD_FIFO_1/FIFO_1/lscc_fifo_inst/fifo0/_FABRIC.u_fifo/raddr_r_i4 is a one-to-one match with \Controller_inst/Controller_RHD_FIFO_1/FIFO_1/lscc_fifo_inst/fifo0/_FABRIC.u_fifo/MISC.rd_flag_addr_r_i4.
Duplicate register/latch removal. \Controller_inst/Controller_RHD_FIFO_1/FIFO_1/lscc_fifo_inst/fifo0/_FABRIC.u_fifo/raddr_r_i3 is a one-to-one match with \Controller_inst/Controller_RHD_FIFO_1/FIFO_1/lscc_fifo_inst/fifo0/_FABRIC.u_fifo/MISC.rd_flag_addr_r_i3.
Duplicate register/latch removal. \Controller_inst/Controller_RHD_FIFO_1/FIFO_1/lscc_fifo_inst/fifo0/_FABRIC.u_fifo/raddr_r_i2 is a one-to-one match with \Controller_inst/Controller_RHD_FIFO_1/FIFO_1/lscc_fifo_inst/fifo0/_FABRIC.u_fifo/MISC.rd_flag_addr_r_i2.
Duplicate register/latch removal. \Controller_inst/Controller_RHD_FIFO_1/FIFO_1/lscc_fifo_inst/fifo0/_FABRIC.u_fifo/raddr_r_i1 is a one-to-one match with \Controller_inst/Controller_RHD_FIFO_1/FIFO_1/lscc_fifo_inst/fifo0/_FABRIC.u_fifo/MISC.rd_flag_addr_r_i1.
Duplicate register/latch removal. \Controller_inst/Controller_RHD_FIFO_1/FIFO_1/lscc_fifo_inst/fifo0/_FABRIC.u_fifo/rd_addr_p1cmp_r_i8 is a one-to-one match with \Controller_inst/Controller_RHD_FIFO_1/FIFO_1/lscc_fifo_inst/fifo0/_FABRIC.u_fifo/MISC.rd_flag_addr_p1_r_i8.
Duplicate register/latch removal. \Controller_inst/Controller_RHD_FIFO_1/FIFO_1/lscc_fifo_inst/fifo0/_FABRIC.u_fifo/rd_addr_p1cmp_r_i7 is a one-to-one match with \Controller_inst/Controller_RHD_FIFO_1/FIFO_1/lscc_fifo_inst/fifo0/_FABRIC.u_fifo/MISC.rd_flag_addr_p1_r_i7.
Duplicate register/latch removal. \Controller_inst/Controller_RHD_FIFO_1/FIFO_1/lscc_fifo_inst/fifo0/_FABRIC.u_fifo/rd_addr_p1cmp_r_i6 is a one-to-one match with \Controller_inst/Controller_RHD_FIFO_1/FIFO_1/lscc_fifo_inst/fifo0/_FABRIC.u_fifo/MISC.rd_flag_addr_p1_r_i6.
Duplicate register/latch removal. \Controller_inst/Controller_RHD_FIFO_1/FIFO_1/lscc_fifo_inst/fifo0/_FABRIC.u_fifo/rd_addr_p1cmp_r_i5 is a one-to-one match with \Controller_inst/Controller_RHD_FIFO_1/FIFO_1/lscc_fifo_inst/fifo0/_FABRIC.u_fifo/MISC.rd_flag_addr_p1_r_i5.
Duplicate register/latch removal. \Controller_inst/Controller_RHD_FIFO_1/FIFO_1/lscc_fifo_inst/fifo0/_FABRIC.u_fifo/rd_addr_p1cmp_r_i4 is a one-to-one match with \Controller_inst/Controller_RHD_FIFO_1/FIFO_1/lscc_fifo_inst/fifo0/_FABRIC.u_fifo/MISC.rd_flag_addr_p1_r_i4.
Duplicate register/latch removal. \Controller_inst/Controller_RHD_FIFO_1/FIFO_1/lscc_fifo_inst/fifo0/_FABRIC.u_fifo/rd_addr_p1cmp_r_i3 is a one-to-one match with \Controller_inst/Controller_RHD_FIFO_1/FIFO_1/lscc_fifo_inst/fifo0/_FABRIC.u_fifo/MISC.rd_flag_addr_p1_r_i3.
Duplicate register/latch removal. \Controller_inst/Controller_RHD_FIFO_1/FIFO_1/lscc_fifo_inst/fifo0/_FABRIC.u_fifo/rd_addr_p1cmp_r_i2 is a one-to-one match with \Controller_inst/Controller_RHD_FIFO_1/FIFO_1/lscc_fifo_inst/fifo0/_FABRIC.u_fifo/MISC.rd_flag_addr_p1_r_i2.
Duplicate register/latch removal. \Controller_inst/Controller_RHD_FIFO_1/FIFO_1/lscc_fifo_inst/fifo0/_FABRIC.u_fifo/rd_addr_p1cmp_r_i1 is a one-to-one match with \Controller_inst/Controller_RHD_FIFO_1/FIFO_1/lscc_fifo_inst/fifo0/_FABRIC.u_fifo/MISC.rd_flag_addr_p1_r_i1.
Duplicate register/latch removal. \Controller_inst/Controller_RHD_FIFO_1/FIFO_1/lscc_fifo_inst/fifo0/_FABRIC.u_fifo/wr_cmpaddr_p1_r_i7 is a one-to-one match with \Controller_inst/Controller_RHD_FIFO_1/FIFO_1/lscc_fifo_inst/fifo0/_FABRIC.u_fifo/MISC.wr_flag_addr_p1_r_i7.
Duplicate register/latch removal. \Controller_inst/Controller_RHD_FIFO_1/FIFO_1/lscc_fifo_inst/fifo0/_FABRIC.u_fifo/wr_cmpaddr_p1_r_i6 is a one-to-one match with \Controller_inst/Controller_RHD_FIFO_1/FIFO_1/lscc_fifo_inst/fifo0/_FABRIC.u_fifo/MISC.wr_flag_addr_p1_r_i6.
Duplicate register/latch removal. \Controller_inst/Controller_RHD_FIFO_1/FIFO_1/lscc_fifo_inst/fifo0/_FABRIC.u_fifo/wr_cmpaddr_p1_r_i5 is a one-to-one match with \Controller_inst/Controller_RHD_FIFO_1/FIFO_1/lscc_fifo_inst/fifo0/_FABRIC.u_fifo/MISC.wr_flag_addr_p1_r_i5.
Duplicate register/latch removal. \Controller_inst/Controller_RHD_FIFO_1/FIFO_1/lscc_fifo_inst/fifo0/_FABRIC.u_fifo/wr_cmpaddr_p1_r_i4 is a one-to-one match with \Controller_inst/Controller_RHD_FIFO_1/FIFO_1/lscc_fifo_inst/fifo0/_FABRIC.u_fifo/MISC.wr_flag_addr_p1_r_i4.
Duplicate register/latch removal. \Controller_inst/Controller_RHD_FIFO_1/FIFO_1/lscc_fifo_inst/fifo0/_FABRIC.u_fifo/wr_cmpaddr_p1_r_i3 is a one-to-one match with \Controller_inst/Controller_RHD_FIFO_1/FIFO_1/lscc_fifo_inst/fifo0/_FABRIC.u_fifo/MISC.wr_flag_addr_p1_r_i3.
Duplicate register/latch removal. \Controller_inst/Controller_RHD_FIFO_1/FIFO_1/lscc_fifo_inst/fifo0/_FABRIC.u_fifo/wr_cmpaddr_p1_r_i2 is a one-to-one match with \Controller_inst/Controller_RHD_FIFO_1/FIFO_1/lscc_fifo_inst/fifo0/_FABRIC.u_fifo/MISC.wr_flag_addr_p1_r_i2.
Duplicate register/latch removal. \Controller_inst/Controller_RHD_FIFO_1/FIFO_1/lscc_fifo_inst/fifo0/_FABRIC.u_fifo/wr_cmpaddr_p1_r_i1 is a one-to-one match with \Controller_inst/Controller_RHD_FIFO_1/FIFO_1/lscc_fifo_inst/fifo0/_FABRIC.u_fifo/MISC.wr_flag_addr_p1_r_i1.
Duplicate register/latch removal. \Controller_inst/Controller_RHD_FIFO_1/FIFO_1/lscc_fifo_inst/fifo0/_FABRIC.u_fifo/waddr_r_i7 is a one-to-one match with \Controller_inst/Controller_RHD_FIFO_1/FIFO_1/lscc_fifo_inst/fifo0/_FABRIC.u_fifo/MISC.wr_flag_addr_r_i7.
Duplicate register/latch removal. \Controller_inst/Controller_RHD_FIFO_1/FIFO_1/lscc_fifo_inst/fifo0/_FABRIC.u_fifo/waddr_r_i6 is a one-to-one match with \Controller_inst/Controller_RHD_FIFO_1/FIFO_1/lscc_fifo_inst/fifo0/_FABRIC.u_fifo/MISC.wr_flag_addr_r_i6.
Duplicate register/latch removal. \Controller_inst/Controller_RHD_FIFO_1/FIFO_1/lscc_fifo_inst/fifo0/_FABRIC.u_fifo/waddr_r_i5 is a one-to-one match with \Controller_inst/Controller_RHD_FIFO_1/FIFO_1/lscc_fifo_inst/fifo0/_FABRIC.u_fifo/MISC.wr_flag_addr_r_i5.
Duplicate register/latch removal. \Controller_inst/Controller_RHD_FIFO_1/FIFO_1/lscc_fifo_inst/fifo0/_FABRIC.u_fifo/waddr_r_i4 is a one-to-one match with \Controller_inst/Controller_RHD_FIFO_1/FIFO_1/lscc_fifo_inst/fifo0/_FABRIC.u_fifo/MISC.wr_flag_addr_r_i4.
Duplicate register/latch removal. \Controller_inst/Controller_RHD_FIFO_1/FIFO_1/lscc_fifo_inst/fifo0/_FABRIC.u_fifo/waddr_r_i3 is a one-to-one match with \Controller_inst/Controller_RHD_FIFO_1/FIFO_1/lscc_fifo_inst/fifo0/_FABRIC.u_fifo/MISC.wr_flag_addr_r_i3.
Duplicate register/latch removal. \Controller_inst/Controller_RHD_FIFO_1/FIFO_1/lscc_fifo_inst/fifo0/_FABRIC.u_fifo/waddr_r_i2 is a one-to-one match with \Controller_inst/Controller_RHD_FIFO_1/FIFO_1/lscc_fifo_inst/fifo0/_FABRIC.u_fifo/MISC.wr_flag_addr_r_i2.
Duplicate register/latch removal. \Controller_inst/Controller_RHD_FIFO_1/FIFO_1/lscc_fifo_inst/fifo0/_FABRIC.u_fifo/waddr_r_i1 is a one-to-one match with \Controller_inst/Controller_RHD_FIFO_1/FIFO_1/lscc_fifo_inst/fifo0/_FABRIC.u_fifo/MISC.wr_flag_addr_r_i1.
Duplicate register/latch removal. \Controller_inst/Controller_RHD_FIFO_1/FIFO_1/lscc_fifo_inst/fifo0/_FABRIC.u_fifo/full_r is a one-to-one match with \Controller_inst/Controller_RHD_FIFO_1/FIFO_1/lscc_fifo_inst/fifo0/_FABRIC.u_fifo/MISC.full_flag_r.
Duplicate register/latch removal. \Controller_inst/Controller_RHD_FIFO_1/FIFO_1/lscc_fifo_inst/fifo0/_FABRIC.u_fifo/full_mem_r is a one-to-one match with \Controller_inst/Controller_RHD_FIFO_1/FIFO_1/lscc_fifo_inst/fifo0/_FABRIC.u_fifo/full_r.
Duplicate register/latch removal. \Controller_inst/Controller_RHD_FIFO_1/FIFO_1/lscc_fifo_inst/fifo0/_FABRIC.u_fifo/empty_r is a one-to-one match with \Controller_inst/Controller_RHD_FIFO_1/FIFO_1/lscc_fifo_inst/fifo0/_FABRIC.u_fifo/MISC.empty_flag_r.
Duplicate register/latch removal. \Controller_inst/Controller_RHD_FIFO_1/FIFO_1/lscc_fifo_inst/fifo0/_FABRIC.u_fifo/empty_mem_r is a one-to-one match with \Controller_inst/Controller_RHD_FIFO_1/FIFO_1/lscc_fifo_inst/fifo0/_FABRIC.u_fifo/empty_r.
Duplicate register/latch removal. \Controller_inst/Controller_RHD_FIFO_1/FIFO_1/lscc_fifo_inst/fifo0/_FABRIC.u_fifo/wr_addr_p1_r_i0 is a one-to-one match with \Controller_inst/Controller_RHD_FIFO_1/FIFO_1/lscc_fifo_inst/fifo0/_FABRIC.u_fifo/MISC.wr_flag_addr_p1_r_i0.
Duplicate register/latch removal. \Controller_inst/Controller_RHD_FIFO_1/FIFO_1/lscc_fifo_inst/fifo0/_FABRIC.u_fifo/wr_cmpaddr_r_i0 is a one-to-one match with \Controller_inst/Controller_RHD_FIFO_1/FIFO_1/lscc_fifo_inst/fifo0/_FABRIC.u_fifo/MISC.wr_flag_addr_r_i0.
Duplicate register/latch removal. \Controller_inst/Controller_RHD_FIFO_1/FIFO_1/lscc_fifo_inst/fifo0/_FABRIC.u_fifo/wr_addr_p1cmp_r_i1 is a one-to-one match with \Controller_inst/Controller_RHD_FIFO_1/FIFO_1/lscc_fifo_inst/fifo0/_FABRIC.u_fifo/wr_addr_p1_r_i8.
Duplicate register/latch removal. \Controller_inst/Controller_RHD_FIFO_1/FIFO_1/lscc_fifo_inst/fifo0/_FABRIC.u_fifo/waddr_r_i0 is a one-to-one match with \Controller_inst/Controller_RHD_FIFO_1/FIFO_1/lscc_fifo_inst/fifo0/_FABRIC.u_fifo/wr_cmpaddr_r_i0.
Duplicate register/latch removal. \Controller_inst/Controller_RHD_FIFO_1/FIFO_1/lscc_fifo_inst/fifo0/_FABRIC.u_fifo/wr_cmpaddr_p1_r_i0 is a one-to-one match with \Controller_inst/Controller_RHD_FIFO_1/FIFO_1/lscc_fifo_inst/fifo0/_FABRIC.u_fifo/wr_addr_p1_r_i0.
Duplicate register/latch removal. \Controller_inst/Controller_RHD_FIFO_1/FIFO_1/lscc_fifo_inst/fifo0/_FABRIC.u_fifo/rd_addr_p1_r_i0 is a one-to-one match with \Controller_inst/Controller_RHD_FIFO_1/FIFO_1/lscc_fifo_inst/fifo0/_FABRIC.u_fifo/MISC.rd_flag_addr_p1_r_i0.
Duplicate register/latch removal. \Controller_inst/Controller_RHD_FIFO_1/FIFO_1/lscc_fifo_inst/fifo0/_FABRIC.u_fifo/rd_addr_p1cmp_r_i0 is a one-to-one match with \Controller_inst/Controller_RHD_FIFO_1/FIFO_1/lscc_fifo_inst/fifo0/_FABRIC.u_fifo/rd_addr_p1_r_i0.
Duplicate register/latch removal. \Controller_inst/Controller_RHD_FIFO_1/FIFO_1/lscc_fifo_inst/fifo0/_FABRIC.u_fifo/rd_cmpaddr_r_i0 is a one-to-one match with \Controller_inst/Controller_RHD_FIFO_1/FIFO_1/lscc_fifo_inst/fifo0/_FABRIC.u_fifo/MISC.rd_flag_addr_r_i0.
Duplicate register/latch removal. \Controller_inst/Controller_RHD_FIFO_1/FIFO_1/lscc_fifo_inst/fifo0/_FABRIC.u_fifo/raddr_r_i0 is a one-to-one match with \Controller_inst/Controller_RHD_FIFO_1/FIFO_1/lscc_fifo_inst/fifo0/_FABRIC.u_fifo/rd_cmpaddr_r_i0.
Duplicate register/latch removal. \Controller_inst/Controller_RHD_FIFO_1/FIFO_1/lscc_fifo_inst/fifo0/_FABRIC.u_fifo/MISC.rd_flag_addr_p1_r_i8 is a one-to-one match with \Controller_inst/Controller_RHD_FIFO_1/FIFO_1/lscc_fifo_inst/fifo0/_FABRIC.u_fifo/rd_addr_p1_r_i8.
Duplicate register/latch removal. \Controller_inst/Controller_RHD_FIFO_1/FIFO_1/lscc_fifo_inst/fifo0/_FABRIC.u_fifo/MISC.rd_flag_addr_p1_r_i7 is a one-to-one match with \Controller_inst/Controller_RHD_FIFO_1/FIFO_1/lscc_fifo_inst/fifo0/_FABRIC.u_fifo/rd_addr_p1_r_i7.
Duplicate register/latch removal. \Controller_inst/Controller_RHD_FIFO_1/FIFO_1/lscc_fifo_inst/fifo0/_FABRIC.u_fifo/MISC.rd_flag_addr_p1_r_i6 is a one-to-one match with \Controller_inst/Controller_RHD_FIFO_1/FIFO_1/lscc_fifo_inst/fifo0/_FABRIC.u_fifo/rd_addr_p1_r_i6.
Duplicate register/latch removal. \Controller_inst/Controller_RHD_FIFO_1/FIFO_1/lscc_fifo_inst/fifo0/_FABRIC.u_fifo/MISC.rd_flag_addr_p1_r_i5 is a one-to-one match with \Controller_inst/Controller_RHD_FIFO_1/FIFO_1/lscc_fifo_inst/fifo0/_FABRIC.u_fifo/rd_addr_p1_r_i5.
Duplicate register/latch removal. \Controller_inst/Controller_RHD_FIFO_1/FIFO_1/lscc_fifo_inst/fifo0/_FABRIC.u_fifo/MISC.rd_flag_addr_p1_r_i4 is a one-to-one match with \Controller_inst/Controller_RHD_FIFO_1/FIFO_1/lscc_fifo_inst/fifo0/_FABRIC.u_fifo/rd_addr_p1_r_i4.
Duplicate register/latch removal. \Controller_inst/Controller_RHD_FIFO_1/FIFO_1/lscc_fifo_inst/fifo0/_FABRIC.u_fifo/MISC.rd_flag_addr_p1_r_i3 is a one-to-one match with \Controller_inst/Controller_RHD_FIFO_1/FIFO_1/lscc_fifo_inst/fifo0/_FABRIC.u_fifo/rd_addr_p1_r_i3.
Duplicate register/latch removal. \Controller_inst/Controller_RHD_FIFO_1/FIFO_1/lscc_fifo_inst/fifo0/_FABRIC.u_fifo/MISC.rd_flag_addr_p1_r_i2 is a one-to-one match with \Controller_inst/Controller_RHD_FIFO_1/FIFO_1/lscc_fifo_inst/fifo0/_FABRIC.u_fifo/rd_addr_p1_r_i2.
Duplicate register/latch removal. \Controller_inst/Controller_RHD_FIFO_1/FIFO_1/lscc_fifo_inst/fifo0/_FABRIC.u_fifo/MISC.rd_flag_addr_p1_r_i1 is a one-to-one match with \Controller_inst/Controller_RHD_FIFO_1/FIFO_1/lscc_fifo_inst/fifo0/_FABRIC.u_fifo/rd_addr_p1_r_i1.
Duplicate register/latch removal. \Controller_inst/Controller_RHD_FIFO_1/FIFO_1/lscc_fifo_inst/fifo0/_FABRIC.u_fifo/MISC.rd_flag_addr_r_i7 is a one-to-one match with \Controller_inst/Controller_RHD_FIFO_1/FIFO_1/lscc_fifo_inst/fifo0/_FABRIC.u_fifo/rd_cmpaddr_r_i7.
Duplicate register/latch removal. \Controller_inst/Controller_RHD_FIFO_1/FIFO_1/lscc_fifo_inst/fifo0/_FABRIC.u_fifo/MISC.rd_flag_addr_r_i6 is a one-to-one match with \Controller_inst/Controller_RHD_FIFO_1/FIFO_1/lscc_fifo_inst/fifo0/_FABRIC.u_fifo/rd_cmpaddr_r_i6.
Duplicate register/latch removal. \Controller_inst/Controller_RHD_FIFO_1/FIFO_1/lscc_fifo_inst/fifo0/_FABRIC.u_fifo/MISC.rd_flag_addr_r_i5 is a one-to-one match with \Controller_inst/Controller_RHD_FIFO_1/FIFO_1/lscc_fifo_inst/fifo0/_FABRIC.u_fifo/rd_cmpaddr_r_i5.
Duplicate register/latch removal. \Controller_inst/Controller_RHD_FIFO_1/FIFO_1/lscc_fifo_inst/fifo0/_FABRIC.u_fifo/MISC.rd_flag_addr_r_i4 is a one-to-one match with \Controller_inst/Controller_RHD_FIFO_1/FIFO_1/lscc_fifo_inst/fifo0/_FABRIC.u_fifo/rd_cmpaddr_r_i4.
Duplicate register/latch removal. \Controller_inst/Controller_RHD_FIFO_1/FIFO_1/lscc_fifo_inst/fifo0/_FABRIC.u_fifo/MISC.rd_flag_addr_r_i3 is a one-to-one match with \Controller_inst/Controller_RHD_FIFO_1/FIFO_1/lscc_fifo_inst/fifo0/_FABRIC.u_fifo/rd_cmpaddr_r_i3.
Duplicate register/latch removal. \Controller_inst/Controller_RHD_FIFO_1/FIFO_1/lscc_fifo_inst/fifo0/_FABRIC.u_fifo/MISC.rd_flag_addr_r_i2 is a one-to-one match with \Controller_inst/Controller_RHD_FIFO_1/FIFO_1/lscc_fifo_inst/fifo0/_FABRIC.u_fifo/rd_cmpaddr_r_i2.
Duplicate register/latch removal. \Controller_inst/Controller_RHD_FIFO_1/FIFO_1/lscc_fifo_inst/fifo0/_FABRIC.u_fifo/MISC.rd_flag_addr_r_i1 is a one-to-one match with \Controller_inst/Controller_RHD_FIFO_1/FIFO_1/lscc_fifo_inst/fifo0/_FABRIC.u_fifo/rd_cmpaddr_r_i1.
Duplicate register/latch removal. \Controller_inst/Controller_RHD_FIFO_1/FIFO_1/lscc_fifo_inst/fifo0/_FABRIC.u_fifo/MISC.wr_flag_addr_p1_r_i8 is a one-to-one match with \Controller_inst/Controller_RHD_FIFO_1/FIFO_1/lscc_fifo_inst/fifo0/_FABRIC.u_fifo/wr_addr_p1cmp_r_i1.
Duplicate register/latch removal. \Controller_inst/Controller_RHD_FIFO_1/FIFO_1/lscc_fifo_inst/fifo0/_FABRIC.u_fifo/MISC.wr_flag_addr_p1_r_i7 is a one-to-one match with \Controller_inst/Controller_RHD_FIFO_1/FIFO_1/lscc_fifo_inst/fifo0/_FABRIC.u_fifo/wr_addr_p1_r_i7.
Duplicate register/latch removal. \Controller_inst/Controller_RHD_FIFO_1/FIFO_1/lscc_fifo_inst/fifo0/_FABRIC.u_fifo/MISC.wr_flag_addr_p1_r_i6 is a one-to-one match with \Controller_inst/Controller_RHD_FIFO_1/FIFO_1/lscc_fifo_inst/fifo0/_FABRIC.u_fifo/wr_addr_p1_r_i6.
Duplicate register/latch removal. \Controller_inst/Controller_RHD_FIFO_1/FIFO_1/lscc_fifo_inst/fifo0/_FABRIC.u_fifo/MISC.wr_flag_addr_p1_r_i5 is a one-to-one match with \Controller_inst/Controller_RHD_FIFO_1/FIFO_1/lscc_fifo_inst/fifo0/_FABRIC.u_fifo/wr_addr_p1_r_i5.
Duplicate register/latch removal. \Controller_inst/Controller_RHD_FIFO_1/FIFO_1/lscc_fifo_inst/fifo0/_FABRIC.u_fifo/MISC.wr_flag_addr_p1_r_i4 is a one-to-one match with \Controller_inst/Controller_RHD_FIFO_1/FIFO_1/lscc_fifo_inst/fifo0/_FABRIC.u_fifo/wr_addr_p1_r_i4.
Duplicate register/latch removal. \Controller_inst/Controller_RHD_FIFO_1/FIFO_1/lscc_fifo_inst/fifo0/_FABRIC.u_fifo/MISC.wr_flag_addr_p1_r_i3 is a one-to-one match with \Controller_inst/Controller_RHD_FIFO_1/FIFO_1/lscc_fifo_inst/fifo0/_FABRIC.u_fifo/wr_addr_p1_r_i3.
Duplicate register/latch removal. \Controller_inst/Controller_RHD_FIFO_1/FIFO_1/lscc_fifo_inst/fifo0/_FABRIC.u_fifo/MISC.wr_flag_addr_p1_r_i2 is a one-to-one match with \Controller_inst/Controller_RHD_FIFO_1/FIFO_1/lscc_fifo_inst/fifo0/_FABRIC.u_fifo/wr_addr_p1_r_i2.
Duplicate register/latch removal. \Controller_inst/Controller_RHD_FIFO_1/FIFO_1/lscc_fifo_inst/fifo0/_FABRIC.u_fifo/MISC.wr_flag_addr_p1_r_i1 is a one-to-one match with \Controller_inst/Controller_RHD_FIFO_1/FIFO_1/lscc_fifo_inst/fifo0/_FABRIC.u_fifo/wr_addr_p1_r_i1.
Duplicate register/latch removal. \Controller_inst/Controller_RHD_FIFO_1/FIFO_1/lscc_fifo_inst/fifo0/_FABRIC.u_fifo/MISC.wr_flag_addr_r_i7 is a one-to-one match with \Controller_inst/Controller_RHD_FIFO_1/FIFO_1/lscc_fifo_inst/fifo0/_FABRIC.u_fifo/wr_cmpaddr_r_i7.
Duplicate register/latch removal. \Controller_inst/Controller_RHD_FIFO_1/FIFO_1/lscc_fifo_inst/fifo0/_FABRIC.u_fifo/MISC.wr_flag_addr_r_i6 is a one-to-one match with \Controller_inst/Controller_RHD_FIFO_1/FIFO_1/lscc_fifo_inst/fifo0/_FABRIC.u_fifo/wr_cmpaddr_r_i6.
Duplicate register/latch removal. \Controller_inst/Controller_RHD_FIFO_1/FIFO_1/lscc_fifo_inst/fifo0/_FABRIC.u_fifo/MISC.wr_flag_addr_r_i5 is a one-to-one match with \Controller_inst/Controller_RHD_FIFO_1/FIFO_1/lscc_fifo_inst/fifo0/_FABRIC.u_fifo/wr_cmpaddr_r_i5.
Duplicate register/latch removal. \Controller_inst/Controller_RHD_FIFO_1/FIFO_1/lscc_fifo_inst/fifo0/_FABRIC.u_fifo/MISC.wr_flag_addr_r_i4 is a one-to-one match with \Controller_inst/Controller_RHD_FIFO_1/FIFO_1/lscc_fifo_inst/fifo0/_FABRIC.u_fifo/wr_cmpaddr_r_i4.
Duplicate register/latch removal. \Controller_inst/Controller_RHD_FIFO_1/FIFO_1/lscc_fifo_inst/fifo0/_FABRIC.u_fifo/MISC.wr_flag_addr_r_i3 is a one-to-one match with \Controller_inst/Controller_RHD_FIFO_1/FIFO_1/lscc_fifo_inst/fifo0/_FABRIC.u_fifo/wr_cmpaddr_r_i3.
Duplicate register/latch removal. \Controller_inst/Controller_RHD_FIFO_1/FIFO_1/lscc_fifo_inst/fifo0/_FABRIC.u_fifo/MISC.wr_flag_addr_r_i2 is a one-to-one match with \Controller_inst/Controller_RHD_FIFO_1/FIFO_1/lscc_fifo_inst/fifo0/_FABRIC.u_fifo/wr_cmpaddr_r_i2.
Duplicate register/latch removal. \Controller_inst/Controller_RHD_FIFO_1/FIFO_1/lscc_fifo_inst/fifo0/_FABRIC.u_fifo/MISC.wr_flag_addr_r_i1 is a one-to-one match with \Controller_inst/Controller_RHD_FIFO_1/FIFO_1/lscc_fifo_inst/fifo0/_FABRIC.u_fifo/wr_cmpaddr_r_i1.
Duplicate register/latch removal. \Controller_inst/Controller_RHD_FIFO_1/FIFO_1/lscc_fifo_inst/fifo0/_FABRIC.u_fifo/raddr_r_i7 is a one-to-one match with \Controller_inst/Controller_RHD_FIFO_1/FIFO_1/lscc_fifo_inst/fifo0/_FABRIC.u_fifo/MISC.rd_flag_addr_r_i7.
Duplicate register/latch removal. \Controller_inst/Controller_RHD_FIFO_1/FIFO_1/lscc_fifo_inst/fifo0/_FABRIC.u_fifo/raddr_r_i6 is a one-to-one match with \Controller_inst/Controller_RHD_FIFO_1/FIFO_1/lscc_fifo_inst/fifo0/_FABRIC.u_fifo/MISC.rd_flag_addr_r_i6.
Duplicate register/latch removal. \Controller_inst/Controller_RHD_FIFO_1/FIFO_1/lscc_fifo_inst/fifo0/_FABRIC.u_fifo/raddr_r_i5 is a one-to-one match with \Controller_inst/Controller_RHD_FIFO_1/FIFO_1/lscc_fifo_inst/fifo0/_FABRIC.u_fifo/MISC.rd_flag_addr_r_i5.
Duplicate register/latch removal. \Controller_inst/Controller_RHD_FIFO_1/FIFO_1/lscc_fifo_inst/fifo0/_FABRIC.u_fifo/raddr_r_i4 is a one-to-one match with \Controller_inst/Controller_RHD_FIFO_1/FIFO_1/lscc_fifo_inst/fifo0/_FABRIC.u_fifo/MISC.rd_flag_addr_r_i4.
Duplicate register/latch removal. \Controller_inst/Controller_RHD_FIFO_1/FIFO_1/lscc_fifo_inst/fifo0/_FABRIC.u_fifo/raddr_r_i3 is a one-to-one match with \Controller_inst/Controller_RHD_FIFO_1/FIFO_1/lscc_fifo_inst/fifo0/_FABRIC.u_fifo/MISC.rd_flag_addr_r_i3.
Duplicate register/latch removal. \Controller_inst/Controller_RHD_FIFO_1/FIFO_1/lscc_fifo_inst/fifo0/_FABRIC.u_fifo/raddr_r_i2 is a one-to-one match with \Controller_inst/Controller_RHD_FIFO_1/FIFO_1/lscc_fifo_inst/fifo0/_FABRIC.u_fifo/MISC.rd_flag_addr_r_i2.
Duplicate register/latch removal. \Controller_inst/Controller_RHD_FIFO_1/FIFO_1/lscc_fifo_inst/fifo0/_FABRIC.u_fifo/raddr_r_i1 is a one-to-one match with \Controller_inst/Controller_RHD_FIFO_1/FIFO_1/lscc_fifo_inst/fifo0/_FABRIC.u_fifo/MISC.rd_flag_addr_r_i1.
Duplicate register/latch removal. \Controller_inst/Controller_RHD_FIFO_1/FIFO_1/lscc_fifo_inst/fifo0/_FABRIC.u_fifo/rd_addr_p1cmp_r_i8 is a one-to-one match with \Controller_inst/Controller_RHD_FIFO_1/FIFO_1/lscc_fifo_inst/fifo0/_FABRIC.u_fifo/MISC.rd_flag_addr_p1_r_i8.
Duplicate register/latch removal. \Controller_inst/Controller_RHD_FIFO_1/FIFO_1/lscc_fifo_inst/fifo0/_FABRIC.u_fifo/rd_addr_p1cmp_r_i7 is a one-to-one match with \Controller_inst/Controller_RHD_FIFO_1/FIFO_1/lscc_fifo_inst/fifo0/_FABRIC.u_fifo/MISC.rd_flag_addr_p1_r_i7.
Duplicate register/latch removal. \Controller_inst/Controller_RHD_FIFO_1/FIFO_1/lscc_fifo_inst/fifo0/_FABRIC.u_fifo/rd_addr_p1cmp_r_i6 is a one-to-one match with \Controller_inst/Controller_RHD_FIFO_1/FIFO_1/lscc_fifo_inst/fifo0/_FABRIC.u_fifo/MISC.rd_flag_addr_p1_r_i6.
Duplicate register/latch removal. \Controller_inst/Controller_RHD_FIFO_1/FIFO_1/lscc_fifo_inst/fifo0/_FABRIC.u_fifo/rd_addr_p1cmp_r_i5 is a one-to-one match with \Controller_inst/Controller_RHD_FIFO_1/FIFO_1/lscc_fifo_inst/fifo0/_FABRIC.u_fifo/MISC.rd_flag_addr_p1_r_i5.
Duplicate register/latch removal. \Controller_inst/Controller_RHD_FIFO_1/FIFO_1/lscc_fifo_inst/fifo0/_FABRIC.u_fifo/rd_addr_p1cmp_r_i4 is a one-to-one match with \Controller_inst/Controller_RHD_FIFO_1/FIFO_1/lscc_fifo_inst/fifo0/_FABRIC.u_fifo/MISC.rd_flag_addr_p1_r_i4.
Duplicate register/latch removal. \Controller_inst/Controller_RHD_FIFO_1/FIFO_1/lscc_fifo_inst/fifo0/_FABRIC.u_fifo/rd_addr_p1cmp_r_i3 is a one-to-one match with \Controller_inst/Controller_RHD_FIFO_1/FIFO_1/lscc_fifo_inst/fifo0/_FABRIC.u_fifo/MISC.rd_flag_addr_p1_r_i3.
Duplicate register/latch removal. \Controller_inst/Controller_RHD_FIFO_1/FIFO_1/lscc_fifo_inst/fifo0/_FABRIC.u_fifo/rd_addr_p1cmp_r_i2 is a one-to-one match with \Controller_inst/Controller_RHD_FIFO_1/FIFO_1/lscc_fifo_inst/fifo0/_FABRIC.u_fifo/MISC.rd_flag_addr_p1_r_i2.
Duplicate register/latch removal. \Controller_inst/Controller_RHD_FIFO_1/FIFO_1/lscc_fifo_inst/fifo0/_FABRIC.u_fifo/rd_addr_p1cmp_r_i1 is a one-to-one match with \Controller_inst/Controller_RHD_FIFO_1/FIFO_1/lscc_fifo_inst/fifo0/_FABRIC.u_fifo/MISC.rd_flag_addr_p1_r_i1.
Duplicate register/latch removal. \Controller_inst/Controller_RHD_FIFO_1/FIFO_1/lscc_fifo_inst/fifo0/_FABRIC.u_fifo/wr_cmpaddr_p1_r_i7 is a one-to-one match with \Controller_inst/Controller_RHD_FIFO_1/FIFO_1/lscc_fifo_inst/fifo0/_FABRIC.u_fifo/MISC.wr_flag_addr_p1_r_i7.
Duplicate register/latch removal. \Controller_inst/Controller_RHD_FIFO_1/FIFO_1/lscc_fifo_inst/fifo0/_FABRIC.u_fifo/wr_cmpaddr_p1_r_i6 is a one-to-one match with \Controller_inst/Controller_RHD_FIFO_1/FIFO_1/lscc_fifo_inst/fifo0/_FABRIC.u_fifo/MISC.wr_flag_addr_p1_r_i6.
Duplicate register/latch removal. \Controller_inst/Controller_RHD_FIFO_1/FIFO_1/lscc_fifo_inst/fifo0/_FABRIC.u_fifo/wr_cmpaddr_p1_r_i5 is a one-to-one match with \Controller_inst/Controller_RHD_FIFO_1/FIFO_1/lscc_fifo_inst/fifo0/_FABRIC.u_fifo/MISC.wr_flag_addr_p1_r_i5.
Duplicate register/latch removal. \Controller_inst/Controller_RHD_FIFO_1/FIFO_1/lscc_fifo_inst/fifo0/_FABRIC.u_fifo/wr_cmpaddr_p1_r_i4 is a one-to-one match with \Controller_inst/Controller_RHD_FIFO_1/FIFO_1/lscc_fifo_inst/fifo0/_FABRIC.u_fifo/MISC.wr_flag_addr_p1_r_i4.
Duplicate register/latch removal. \Controller_inst/Controller_RHD_FIFO_1/FIFO_1/lscc_fifo_inst/fifo0/_FABRIC.u_fifo/wr_cmpaddr_p1_r_i3 is a one-to-one match with \Controller_inst/Controller_RHD_FIFO_1/FIFO_1/lscc_fifo_inst/fifo0/_FABRIC.u_fifo/MISC.wr_flag_addr_p1_r_i3.
Duplicate register/latch removal. \Controller_inst/Controller_RHD_FIFO_1/FIFO_1/lscc_fifo_inst/fifo0/_FABRIC.u_fifo/wr_cmpaddr_p1_r_i2 is a one-to-one match with \Controller_inst/Controller_RHD_FIFO_1/FIFO_1/lscc_fifo_inst/fifo0/_FABRIC.u_fifo/MISC.wr_flag_addr_p1_r_i2.
Duplicate register/latch removal. \Controller_inst/Controller_RHD_FIFO_1/FIFO_1/lscc_fifo_inst/fifo0/_FABRIC.u_fifo/wr_cmpaddr_p1_r_i1 is a one-to-one match with \Controller_inst/Controller_RHD_FIFO_1/FIFO_1/lscc_fifo_inst/fifo0/_FABRIC.u_fifo/MISC.wr_flag_addr_p1_r_i1.
Duplicate register/latch removal. \Controller_inst/Controller_RHD_FIFO_1/FIFO_1/lscc_fifo_inst/fifo0/_FABRIC.u_fifo/waddr_r_i7 is a one-to-one match with \Controller_inst/Controller_RHD_FIFO_1/FIFO_1/lscc_fifo_inst/fifo0/_FABRIC.u_fifo/MISC.wr_flag_addr_r_i7.
Duplicate register/latch removal. \Controller_inst/Controller_RHD_FIFO_1/FIFO_1/lscc_fifo_inst/fifo0/_FABRIC.u_fifo/waddr_r_i6 is a one-to-one match with \Controller_inst/Controller_RHD_FIFO_1/FIFO_1/lscc_fifo_inst/fifo0/_FABRIC.u_fifo/MISC.wr_flag_addr_r_i6.
Duplicate register/latch removal. \Controller_inst/Controller_RHD_FIFO_1/FIFO_1/lscc_fifo_inst/fifo0/_FABRIC.u_fifo/waddr_r_i5 is a one-to-one match with \Controller_inst/Controller_RHD_FIFO_1/FIFO_1/lscc_fifo_inst/fifo0/_FABRIC.u_fifo/MISC.wr_flag_addr_r_i5.
Duplicate register/latch removal. \Controller_inst/Controller_RHD_FIFO_1/FIFO_1/lscc_fifo_inst/fifo0/_FABRIC.u_fifo/waddr_r_i4 is a one-to-one match with \Controller_inst/Controller_RHD_FIFO_1/FIFO_1/lscc_fifo_inst/fifo0/_FABRIC.u_fifo/MISC.wr_flag_addr_r_i4.
Duplicate register/latch removal. \Controller_inst/Controller_RHD_FIFO_1/FIFO_1/lscc_fifo_inst/fifo0/_FABRIC.u_fifo/waddr_r_i3 is a one-to-one match with \Controller_inst/Controller_RHD_FIFO_1/FIFO_1/lscc_fifo_inst/fifo0/_FABRIC.u_fifo/MISC.wr_flag_addr_r_i3.
Duplicate register/latch removal. \Controller_inst/Controller_RHD_FIFO_1/FIFO_1/lscc_fifo_inst/fifo0/_FABRIC.u_fifo/waddr_r_i2 is a one-to-one match with \Controller_inst/Controller_RHD_FIFO_1/FIFO_1/lscc_fifo_inst/fifo0/_FABRIC.u_fifo/MISC.wr_flag_addr_r_i2.
Duplicate register/latch removal. \Controller_inst/Controller_RHD_FIFO_1/FIFO_1/lscc_fifo_inst/fifo0/_FABRIC.u_fifo/waddr_r_i1 is a one-to-one match with \Controller_inst/Controller_RHD_FIFO_1/FIFO_1/lscc_fifo_inst/fifo0/_FABRIC.u_fifo/MISC.wr_flag_addr_r_i1.
Duplicate register/latch removal. \Controller_inst/Controller_RHD_FIFO_1/FIFO_1/lscc_fifo_inst/fifo0/_FABRIC.u_fifo/full_r is a one-to-one match with \Controller_inst/Controller_RHD_FIFO_1/FIFO_1/lscc_fifo_inst/fifo0/_FABRIC.u_fifo/MISC.full_flag_r.
Duplicate register/latch removal. \Controller_inst/Controller_RHD_FIFO_1/FIFO_1/lscc_fifo_inst/fifo0/_FABRIC.u_fifo/full_mem_r is a one-to-one match with \Controller_inst/Controller_RHD_FIFO_1/FIFO_1/lscc_fifo_inst/fifo0/_FABRIC.u_fifo/full_r.
Duplicate register/latch removal. \Controller_inst/Controller_RHD_FIFO_1/FIFO_1/lscc_fifo_inst/fifo0/_FABRIC.u_fifo/empty_r is a one-to-one match with \Controller_inst/Controller_RHD_FIFO_1/FIFO_1/lscc_fifo_inst/fifo0/_FABRIC.u_fifo/MISC.empty_flag_r.
Duplicate register/latch removal. \Controller_inst/Controller_RHD_FIFO_1/FIFO_1/lscc_fifo_inst/fifo0/_FABRIC.u_fifo/empty_mem_r is a one-to-one match with \Controller_inst/Controller_RHD_FIFO_1/FIFO_1/lscc_fifo_inst/fifo0/_FABRIC.u_fifo/empty_r.
Duplicate register/latch removal. \Controller_inst/Controller_RHD_FIFO_1/FIFO_1/lscc_fifo_inst/fifo0/_FABRIC.u_fifo/wr_addr_p1_r_i0 is a one-to-one match with \Controller_inst/Controller_RHD_FIFO_1/FIFO_1/lscc_fifo_inst/fifo0/_FABRIC.u_fifo/MISC.wr_flag_addr_p1_r_i0.
Duplicate register/latch removal. \Controller_inst/Controller_RHD_FIFO_1/FIFO_1/lscc_fifo_inst/fifo0/_FABRIC.u_fifo/wr_cmpaddr_r_i0 is a one-to-one match with \Controller_inst/Controller_RHD_FIFO_1/FIFO_1/lscc_fifo_inst/fifo0/_FABRIC.u_fifo/MISC.wr_flag_addr_r_i0.
Duplicate register/latch removal. \Controller_inst/Controller_RHD_FIFO_1/FIFO_1/lscc_fifo_inst/fifo0/_FABRIC.u_fifo/wr_addr_p1cmp_r_i1 is a one-to-one match with \Controller_inst/Controller_RHD_FIFO_1/FIFO_1/lscc_fifo_inst/fifo0/_FABRIC.u_fifo/wr_addr_p1_r_i8.
Duplicate register/latch removal. \Controller_inst/Controller_RHD_FIFO_1/FIFO_1/lscc_fifo_inst/fifo0/_FABRIC.u_fifo/waddr_r_i0 is a one-to-one match with \Controller_inst/Controller_RHD_FIFO_1/FIFO_1/lscc_fifo_inst/fifo0/_FABRIC.u_fifo/wr_cmpaddr_r_i0.
Duplicate register/latch removal. \Controller_inst/Controller_RHD_FIFO_1/FIFO_1/lscc_fifo_inst/fifo0/_FABRIC.u_fifo/wr_cmpaddr_p1_r_i0 is a one-to-one match with \Controller_inst/Controller_RHD_FIFO_1/FIFO_1/lscc_fifo_inst/fifo0/_FABRIC.u_fifo/wr_addr_p1_r_i0.
Duplicate register/latch removal. \Controller_inst/Controller_RHD_FIFO_1/FIFO_1/lscc_fifo_inst/fifo0/_FABRIC.u_fifo/rd_addr_p1_r_i0 is a one-to-one match with \Controller_inst/Controller_RHD_FIFO_1/FIFO_1/lscc_fifo_inst/fifo0/_FABRIC.u_fifo/MISC.rd_flag_addr_p1_r_i0.
Duplicate register/latch removal. \Controller_inst/Controller_RHD_FIFO_1/FIFO_1/lscc_fifo_inst/fifo0/_FABRIC.u_fifo/rd_addr_p1cmp_r_i0 is a one-to-one match with \Controller_inst/Controller_RHD_FIFO_1/FIFO_1/lscc_fifo_inst/fifo0/_FABRIC.u_fifo/rd_addr_p1_r_i0.
Duplicate register/latch removal. \Controller_inst/Controller_RHD_FIFO_1/FIFO_1/lscc_fifo_inst/fifo0/_FABRIC.u_fifo/rd_cmpaddr_r_i0 is a one-to-one match with \Controller_inst/Controller_RHD_FIFO_1/FIFO_1/lscc_fifo_inst/fifo0/_FABRIC.u_fifo/MISC.rd_flag_addr_r_i0.
Duplicate register/latch removal. \Controller_inst/Controller_RHD_FIFO_1/FIFO_1/lscc_fifo_inst/fifo0/_FABRIC.u_fifo/raddr_r_i0 is a one-to-one match with \Controller_inst/Controller_RHD_FIFO_1/FIFO_1/lscc_fifo_inst/fifo0/_FABRIC.u_fifo/rd_cmpaddr_r_i0.
Duplicate register/latch removal. \Controller_inst/Controller_RHD_FIFO_1/FIFO_1/lscc_fifo_inst/fifo0/_FABRIC.u_fifo/MISC.rd_flag_addr_p1_r_i8 is a one-to-one match with \Controller_inst/Controller_RHD_FIFO_1/FIFO_1/lscc_fifo_inst/fifo0/_FABRIC.u_fifo/rd_addr_p1_r_i8.
Duplicate register/latch removal. \Controller_inst/Controller_RHD_FIFO_1/FIFO_1/lscc_fifo_inst/fifo0/_FABRIC.u_fifo/MISC.rd_flag_addr_p1_r_i7 is a one-to-one match with \Controller_inst/Controller_RHD_FIFO_1/FIFO_1/lscc_fifo_inst/fifo0/_FABRIC.u_fifo/rd_addr_p1_r_i7.
Duplicate register/latch removal. \Controller_inst/Controller_RHD_FIFO_1/FIFO_1/lscc_fifo_inst/fifo0/_FABRIC.u_fifo/MISC.rd_flag_addr_p1_r_i6 is a one-to-one match with \Controller_inst/Controller_RHD_FIFO_1/FIFO_1/lscc_fifo_inst/fifo0/_FABRIC.u_fifo/rd_addr_p1_r_i6.
Duplicate register/latch removal. \Controller_inst/Controller_RHD_FIFO_1/FIFO_1/lscc_fifo_inst/fifo0/_FABRIC.u_fifo/MISC.rd_flag_addr_p1_r_i5 is a one-to-one match with \Controller_inst/Controller_RHD_FIFO_1/FIFO_1/lscc_fifo_inst/fifo0/_FABRIC.u_fifo/rd_addr_p1_r_i5.
Duplicate register/latch removal. \Controller_inst/Controller_RHD_FIFO_1/FIFO_1/lscc_fifo_inst/fifo0/_FABRIC.u_fifo/MISC.rd_flag_addr_p1_r_i4 is a one-to-one match with \Controller_inst/Controller_RHD_FIFO_1/FIFO_1/lscc_fifo_inst/fifo0/_FABRIC.u_fifo/rd_addr_p1_r_i4.
Duplicate register/latch removal. \Controller_inst/Controller_RHD_FIFO_1/FIFO_1/lscc_fifo_inst/fifo0/_FABRIC.u_fifo/MISC.rd_flag_addr_p1_r_i3 is a one-to-one match with \Controller_inst/Controller_RHD_FIFO_1/FIFO_1/lscc_fifo_inst/fifo0/_FABRIC.u_fifo/rd_addr_p1_r_i3.
Duplicate register/latch removal. \Controller_inst/Controller_RHD_FIFO_1/FIFO_1/lscc_fifo_inst/fifo0/_FABRIC.u_fifo/MISC.rd_flag_addr_p1_r_i2 is a one-to-one match with \Controller_inst/Controller_RHD_FIFO_1/FIFO_1/lscc_fifo_inst/fifo0/_FABRIC.u_fifo/rd_addr_p1_r_i2.
Duplicate register/latch removal. \Controller_inst/Controller_RHD_FIFO_1/FIFO_1/lscc_fifo_inst/fifo0/_FABRIC.u_fifo/MISC.rd_flag_addr_p1_r_i1 is a one-to-one match with \Controller_inst/Controller_RHD_FIFO_1/FIFO_1/lscc_fifo_inst/fifo0/_FABRIC.u_fifo/rd_addr_p1_r_i1.
Duplicate register/latch removal. \Controller_inst/Controller_RHD_FIFO_1/FIFO_1/lscc_fifo_inst/fifo0/_FABRIC.u_fifo/MISC.rd_flag_addr_r_i7 is a one-to-one match with \Controller_inst/Controller_RHD_FIFO_1/FIFO_1/lscc_fifo_inst/fifo0/_FABRIC.u_fifo/rd_cmpaddr_r_i7.
Duplicate register/latch removal. \Controller_inst/Controller_RHD_FIFO_1/FIFO_1/lscc_fifo_inst/fifo0/_FABRIC.u_fifo/MISC.rd_flag_addr_r_i6 is a one-to-one match with \Controller_inst/Controller_RHD_FIFO_1/FIFO_1/lscc_fifo_inst/fifo0/_FABRIC.u_fifo/rd_cmpaddr_r_i6.
Duplicate register/latch removal. \Controller_inst/Controller_RHD_FIFO_1/FIFO_1/lscc_fifo_inst/fifo0/_FABRIC.u_fifo/MISC.rd_flag_addr_r_i5 is a one-to-one match with \Controller_inst/Controller_RHD_FIFO_1/FIFO_1/lscc_fifo_inst/fifo0/_FABRIC.u_fifo/rd_cmpaddr_r_i5.
Duplicate register/latch removal. \Controller_inst/Controller_RHD_FIFO_1/FIFO_1/lscc_fifo_inst/fifo0/_FABRIC.u_fifo/MISC.rd_flag_addr_r_i4 is a one-to-one match with \Controller_inst/Controller_RHD_FIFO_1/FIFO_1/lscc_fifo_inst/fifo0/_FABRIC.u_fifo/rd_cmpaddr_r_i4.
Duplicate register/latch removal. \Controller_inst/Controller_RHD_FIFO_1/FIFO_1/lscc_fifo_inst/fifo0/_FABRIC.u_fifo/MISC.rd_flag_addr_r_i3 is a one-to-one match with \Controller_inst/Controller_RHD_FIFO_1/FIFO_1/lscc_fifo_inst/fifo0/_FABRIC.u_fifo/rd_cmpaddr_r_i3.
Duplicate register/latch removal. \Controller_inst/Controller_RHD_FIFO_1/FIFO_1/lscc_fifo_inst/fifo0/_FABRIC.u_fifo/MISC.rd_flag_addr_r_i2 is a one-to-one match with \Controller_inst/Controller_RHD_FIFO_1/FIFO_1/lscc_fifo_inst/fifo0/_FABRIC.u_fifo/rd_cmpaddr_r_i2.
Duplicate register/latch removal. \Controller_inst/Controller_RHD_FIFO_1/FIFO_1/lscc_fifo_inst/fifo0/_FABRIC.u_fifo/MISC.rd_flag_addr_r_i1 is a one-to-one match with \Controller_inst/Controller_RHD_FIFO_1/FIFO_1/lscc_fifo_inst/fifo0/_FABRIC.u_fifo/rd_cmpaddr_r_i1.
Duplicate register/latch removal. \Controller_inst/Controller_RHD_FIFO_1/FIFO_1/lscc_fifo_inst/fifo0/_FABRIC.u_fifo/MISC.wr_flag_addr_p1_r_i8 is a one-to-one match with \Controller_inst/Controller_RHD_FIFO_1/FIFO_1/lscc_fifo_inst/fifo0/_FABRIC.u_fifo/wr_addr_p1cmp_r_i1.
Duplicate register/latch removal. \Controller_inst/Controller_RHD_FIFO_1/FIFO_1/lscc_fifo_inst/fifo0/_FABRIC.u_fifo/MISC.wr_flag_addr_p1_r_i7 is a one-to-one match with \Controller_inst/Controller_RHD_FIFO_1/FIFO_1/lscc_fifo_inst/fifo0/_FABRIC.u_fifo/wr_addr_p1_r_i7.
Duplicate register/latch removal. \Controller_inst/Controller_RHD_FIFO_1/FIFO_1/lscc_fifo_inst/fifo0/_FABRIC.u_fifo/MISC.wr_flag_addr_p1_r_i6 is a one-to-one match with \Controller_inst/Controller_RHD_FIFO_1/FIFO_1/lscc_fifo_inst/fifo0/_FABRIC.u_fifo/wr_addr_p1_r_i6.
Duplicate register/latch removal. \Controller_inst/Controller_RHD_FIFO_1/FIFO_1/lscc_fifo_inst/fifo0/_FABRIC.u_fifo/MISC.wr_flag_addr_p1_r_i5 is a one-to-one match with \Controller_inst/Controller_RHD_FIFO_1/FIFO_1/lscc_fifo_inst/fifo0/_FABRIC.u_fifo/wr_addr_p1_r_i5.
Duplicate register/latch removal. \Controller_inst/Controller_RHD_FIFO_1/FIFO_1/lscc_fifo_inst/fifo0/_FABRIC.u_fifo/MISC.wr_flag_addr_p1_r_i4 is a one-to-one match with \Controller_inst/Controller_RHD_FIFO_1/FIFO_1/lscc_fifo_inst/fifo0/_FABRIC.u_fifo/wr_addr_p1_r_i4.
Duplicate register/latch removal. \Controller_inst/Controller_RHD_FIFO_1/FIFO_1/lscc_fifo_inst/fifo0/_FABRIC.u_fifo/MISC.wr_flag_addr_p1_r_i3 is a one-to-one match with \Controller_inst/Controller_RHD_FIFO_1/FIFO_1/lscc_fifo_inst/fifo0/_FABRIC.u_fifo/wr_addr_p1_r_i3.
Duplicate register/latch removal. \Controller_inst/Controller_RHD_FIFO_1/FIFO_1/lscc_fifo_inst/fifo0/_FABRIC.u_fifo/MISC.wr_flag_addr_p1_r_i2 is a one-to-one match with \Controller_inst/Controller_RHD_FIFO_1/FIFO_1/lscc_fifo_inst/fifo0/_FABRIC.u_fifo/wr_addr_p1_r_i2.
Duplicate register/latch removal. \Controller_inst/Controller_RHD_FIFO_1/FIFO_1/lscc_fifo_inst/fifo0/_FABRIC.u_fifo/MISC.wr_flag_addr_p1_r_i1 is a one-to-one match with \Controller_inst/Controller_RHD_FIFO_1/FIFO_1/lscc_fifo_inst/fifo0/_FABRIC.u_fifo/wr_addr_p1_r_i1.
Duplicate register/latch removal. \Controller_inst/Controller_RHD_FIFO_1/FIFO_1/lscc_fifo_inst/fifo0/_FABRIC.u_fifo/MISC.wr_flag_addr_r_i7 is a one-to-one match with \Controller_inst/Controller_RHD_FIFO_1/FIFO_1/lscc_fifo_inst/fifo0/_FABRIC.u_fifo/wr_cmpaddr_r_i7.
Duplicate register/latch removal. \Controller_inst/Controller_RHD_FIFO_1/FIFO_1/lscc_fifo_inst/fifo0/_FABRIC.u_fifo/MISC.wr_flag_addr_r_i6 is a one-to-one match with \Controller_inst/Controller_RHD_FIFO_1/FIFO_1/lscc_fifo_inst/fifo0/_FABRIC.u_fifo/wr_cmpaddr_r_i6.
Duplicate register/latch removal. \Controller_inst/Controller_RHD_FIFO_1/FIFO_1/lscc_fifo_inst/fifo0/_FABRIC.u_fifo/MISC.wr_flag_addr_r_i5 is a one-to-one match with \Controller_inst/Controller_RHD_FIFO_1/FIFO_1/lscc_fifo_inst/fifo0/_FABRIC.u_fifo/wr_cmpaddr_r_i5.
Duplicate register/latch removal. \Controller_inst/Controller_RHD_FIFO_1/FIFO_1/lscc_fifo_inst/fifo0/_FABRIC.u_fifo/MISC.wr_flag_addr_r_i4 is a one-to-one match with \Controller_inst/Controller_RHD_FIFO_1/FIFO_1/lscc_fifo_inst/fifo0/_FABRIC.u_fifo/wr_cmpaddr_r_i4.
Duplicate register/latch removal. \Controller_inst/Controller_RHD_FIFO_1/FIFO_1/lscc_fifo_inst/fifo0/_FABRIC.u_fifo/MISC.wr_flag_addr_r_i3 is a one-to-one match with \Controller_inst/Controller_RHD_FIFO_1/FIFO_1/lscc_fifo_inst/fifo0/_FABRIC.u_fifo/wr_cmpaddr_r_i3.
Duplicate register/latch removal. \Controller_inst/Controller_RHD_FIFO_1/FIFO_1/lscc_fifo_inst/fifo0/_FABRIC.u_fifo/MISC.wr_flag_addr_r_i2 is a one-to-one match with \Controller_inst/Controller_RHD_FIFO_1/FIFO_1/lscc_fifo_inst/fifo0/_FABRIC.u_fifo/wr_cmpaddr_r_i2.
Duplicate register/latch removal. \Controller_inst/Controller_RHD_FIFO_1/FIFO_1/lscc_fifo_inst/fifo0/_FABRIC.u_fifo/MISC.wr_flag_addr_r_i1 is a one-to-one match with \Controller_inst/Controller_RHD_FIFO_1/FIFO_1/lscc_fifo_inst/fifo0/_FABRIC.u_fifo/wr_cmpaddr_r_i1.
Duplicate register/latch removal. \Controller_inst/Controller_RHD_FIFO_1/FIFO_1/lscc_fifo_inst/fifo0/_FABRIC.u_fifo/raddr_r_i7 is a one-to-one match with \Controller_inst/Controller_RHD_FIFO_1/FIFO_1/lscc_fifo_inst/fifo0/_FABRIC.u_fifo/MISC.rd_flag_addr_r_i7.
Duplicate register/latch removal. \Controller_inst/Controller_RHD_FIFO_1/FIFO_1/lscc_fifo_inst/fifo0/_FABRIC.u_fifo/raddr_r_i6 is a one-to-one match with \Controller_inst/Controller_RHD_FIFO_1/FIFO_1/lscc_fifo_inst/fifo0/_FABRIC.u_fifo/MISC.rd_flag_addr_r_i6.
Duplicate register/latch removal. \Controller_inst/Controller_RHD_FIFO_1/FIFO_1/lscc_fifo_inst/fifo0/_FABRIC.u_fifo/raddr_r_i5 is a one-to-one match with \Controller_inst/Controller_RHD_FIFO_1/FIFO_1/lscc_fifo_inst/fifo0/_FABRIC.u_fifo/MISC.rd_flag_addr_r_i5.
Duplicate register/latch removal. \Controller_inst/Controller_RHD_FIFO_1/FIFO_1/lscc_fifo_inst/fifo0/_FABRIC.u_fifo/raddr_r_i4 is a one-to-one match with \Controller_inst/Controller_RHD_FIFO_1/FIFO_1/lscc_fifo_inst/fifo0/_FABRIC.u_fifo/MISC.rd_flag_addr_r_i4.
Duplicate register/latch removal. \Controller_inst/Controller_RHD_FIFO_1/FIFO_1/lscc_fifo_inst/fifo0/_FABRIC.u_fifo/raddr_r_i3 is a one-to-one match with \Controller_inst/Controller_RHD_FIFO_1/FIFO_1/lscc_fifo_inst/fifo0/_FABRIC.u_fifo/MISC.rd_flag_addr_r_i3.
Duplicate register/latch removal. \Controller_inst/Controller_RHD_FIFO_1/FIFO_1/lscc_fifo_inst/fifo0/_FABRIC.u_fifo/raddr_r_i2 is a one-to-one match with \Controller_inst/Controller_RHD_FIFO_1/FIFO_1/lscc_fifo_inst/fifo0/_FABRIC.u_fifo/MISC.rd_flag_addr_r_i2.
Duplicate register/latch removal. \Controller_inst/Controller_RHD_FIFO_1/FIFO_1/lscc_fifo_inst/fifo0/_FABRIC.u_fifo/raddr_r_i1 is a one-to-one match with \Controller_inst/Controller_RHD_FIFO_1/FIFO_1/lscc_fifo_inst/fifo0/_FABRIC.u_fifo/MISC.rd_flag_addr_r_i1.
Duplicate register/latch removal. \Controller_inst/Controller_RHD_FIFO_1/FIFO_1/lscc_fifo_inst/fifo0/_FABRIC.u_fifo/rd_addr_p1cmp_r_i8 is a one-to-one match with \Controller_inst/Controller_RHD_FIFO_1/FIFO_1/lscc_fifo_inst/fifo0/_FABRIC.u_fifo/MISC.rd_flag_addr_p1_r_i8.
Duplicate register/latch removal. \Controller_inst/Controller_RHD_FIFO_1/FIFO_1/lscc_fifo_inst/fifo0/_FABRIC.u_fifo/rd_addr_p1cmp_r_i7 is a one-to-one match with \Controller_inst/Controller_RHD_FIFO_1/FIFO_1/lscc_fifo_inst/fifo0/_FABRIC.u_fifo/MISC.rd_flag_addr_p1_r_i7.
Duplicate register/latch removal. \Controller_inst/Controller_RHD_FIFO_1/FIFO_1/lscc_fifo_inst/fifo0/_FABRIC.u_fifo/rd_addr_p1cmp_r_i6 is a one-to-one match with \Controller_inst/Controller_RHD_FIFO_1/FIFO_1/lscc_fifo_inst/fifo0/_FABRIC.u_fifo/MISC.rd_flag_addr_p1_r_i6.
Duplicate register/latch removal. \Controller_inst/Controller_RHD_FIFO_1/FIFO_1/lscc_fifo_inst/fifo0/_FABRIC.u_fifo/rd_addr_p1cmp_r_i5 is a one-to-one match with \Controller_inst/Controller_RHD_FIFO_1/FIFO_1/lscc_fifo_inst/fifo0/_FABRIC.u_fifo/MISC.rd_flag_addr_p1_r_i5.
Duplicate register/latch removal. \Controller_inst/Controller_RHD_FIFO_1/FIFO_1/lscc_fifo_inst/fifo0/_FABRIC.u_fifo/rd_addr_p1cmp_r_i4 is a one-to-one match with \Controller_inst/Controller_RHD_FIFO_1/FIFO_1/lscc_fifo_inst/fifo0/_FABRIC.u_fifo/MISC.rd_flag_addr_p1_r_i4.
Duplicate register/latch removal. \Controller_inst/Controller_RHD_FIFO_1/FIFO_1/lscc_fifo_inst/fifo0/_FABRIC.u_fifo/rd_addr_p1cmp_r_i3 is a one-to-one match with \Controller_inst/Controller_RHD_FIFO_1/FIFO_1/lscc_fifo_inst/fifo0/_FABRIC.u_fifo/MISC.rd_flag_addr_p1_r_i3.
Duplicate register/latch removal. \Controller_inst/Controller_RHD_FIFO_1/FIFO_1/lscc_fifo_inst/fifo0/_FABRIC.u_fifo/rd_addr_p1cmp_r_i2 is a one-to-one match with \Controller_inst/Controller_RHD_FIFO_1/FIFO_1/lscc_fifo_inst/fifo0/_FABRIC.u_fifo/MISC.rd_flag_addr_p1_r_i2.
Duplicate register/latch removal. \Controller_inst/Controller_RHD_FIFO_1/FIFO_1/lscc_fifo_inst/fifo0/_FABRIC.u_fifo/rd_addr_p1cmp_r_i1 is a one-to-one match with \Controller_inst/Controller_RHD_FIFO_1/FIFO_1/lscc_fifo_inst/fifo0/_FABRIC.u_fifo/MISC.rd_flag_addr_p1_r_i1.
Duplicate register/latch removal. \Controller_inst/Controller_RHD_FIFO_1/FIFO_1/lscc_fifo_inst/fifo0/_FABRIC.u_fifo/wr_cmpaddr_p1_r_i7 is a one-to-one match with \Controller_inst/Controller_RHD_FIFO_1/FIFO_1/lscc_fifo_inst/fifo0/_FABRIC.u_fifo/MISC.wr_flag_addr_p1_r_i7.
Duplicate register/latch removal. \Controller_inst/Controller_RHD_FIFO_1/FIFO_1/lscc_fifo_inst/fifo0/_FABRIC.u_fifo/wr_cmpaddr_p1_r_i6 is a one-to-one match with \Controller_inst/Controller_RHD_FIFO_1/FIFO_1/lscc_fifo_inst/fifo0/_FABRIC.u_fifo/MISC.wr_flag_addr_p1_r_i6.
Duplicate register/latch removal. \Controller_inst/Controller_RHD_FIFO_1/FIFO_1/lscc_fifo_inst/fifo0/_FABRIC.u_fifo/wr_cmpaddr_p1_r_i5 is a one-to-one match with \Controller_inst/Controller_RHD_FIFO_1/FIFO_1/lscc_fifo_inst/fifo0/_FABRIC.u_fifo/MISC.wr_flag_addr_p1_r_i5.
Duplicate register/latch removal. \Controller_inst/Controller_RHD_FIFO_1/FIFO_1/lscc_fifo_inst/fifo0/_FABRIC.u_fifo/wr_cmpaddr_p1_r_i4 is a one-to-one match with \Controller_inst/Controller_RHD_FIFO_1/FIFO_1/lscc_fifo_inst/fifo0/_FABRIC.u_fifo/MISC.wr_flag_addr_p1_r_i4.
Duplicate register/latch removal. \Controller_inst/Controller_RHD_FIFO_1/FIFO_1/lscc_fifo_inst/fifo0/_FABRIC.u_fifo/wr_cmpaddr_p1_r_i3 is a one-to-one match with \Controller_inst/Controller_RHD_FIFO_1/FIFO_1/lscc_fifo_inst/fifo0/_FABRIC.u_fifo/MISC.wr_flag_addr_p1_r_i3.
Duplicate register/latch removal. \Controller_inst/Controller_RHD_FIFO_1/FIFO_1/lscc_fifo_inst/fifo0/_FABRIC.u_fifo/wr_cmpaddr_p1_r_i2 is a one-to-one match with \Controller_inst/Controller_RHD_FIFO_1/FIFO_1/lscc_fifo_inst/fifo0/_FABRIC.u_fifo/MISC.wr_flag_addr_p1_r_i2.
Duplicate register/latch removal. \Controller_inst/Controller_RHD_FIFO_1/FIFO_1/lscc_fifo_inst/fifo0/_FABRIC.u_fifo/wr_cmpaddr_p1_r_i1 is a one-to-one match with \Controller_inst/Controller_RHD_FIFO_1/FIFO_1/lscc_fifo_inst/fifo0/_FABRIC.u_fifo/MISC.wr_flag_addr_p1_r_i1.
Duplicate register/latch removal. \Controller_inst/Controller_RHD_FIFO_1/FIFO_1/lscc_fifo_inst/fifo0/_FABRIC.u_fifo/waddr_r_i7 is a one-to-one match with \Controller_inst/Controller_RHD_FIFO_1/FIFO_1/lscc_fifo_inst/fifo0/_FABRIC.u_fifo/MISC.wr_flag_addr_r_i7.
Duplicate register/latch removal. \Controller_inst/Controller_RHD_FIFO_1/FIFO_1/lscc_fifo_inst/fifo0/_FABRIC.u_fifo/waddr_r_i6 is a one-to-one match with \Controller_inst/Controller_RHD_FIFO_1/FIFO_1/lscc_fifo_inst/fifo0/_FABRIC.u_fifo/MISC.wr_flag_addr_r_i6.
Duplicate register/latch removal. \Controller_inst/Controller_RHD_FIFO_1/FIFO_1/lscc_fifo_inst/fifo0/_FABRIC.u_fifo/waddr_r_i5 is a one-to-one match with \Controller_inst/Controller_RHD_FIFO_1/FIFO_1/lscc_fifo_inst/fifo0/_FABRIC.u_fifo/MISC.wr_flag_addr_r_i5.
Duplicate register/latch removal. \Controller_inst/Controller_RHD_FIFO_1/FIFO_1/lscc_fifo_inst/fifo0/_FABRIC.u_fifo/waddr_r_i4 is a one-to-one match with \Controller_inst/Controller_RHD_FIFO_1/FIFO_1/lscc_fifo_inst/fifo0/_FABRIC.u_fifo/MISC.wr_flag_addr_r_i4.
Duplicate register/latch removal. \Controller_inst/Controller_RHD_FIFO_1/FIFO_1/lscc_fifo_inst/fifo0/_FABRIC.u_fifo/waddr_r_i3 is a one-to-one match with \Controller_inst/Controller_RHD_FIFO_1/FIFO_1/lscc_fifo_inst/fifo0/_FABRIC.u_fifo/MISC.wr_flag_addr_r_i3.
Duplicate register/latch removal. \Controller_inst/Controller_RHD_FIFO_1/FIFO_1/lscc_fifo_inst/fifo0/_FABRIC.u_fifo/waddr_r_i2 is a one-to-one match with \Controller_inst/Controller_RHD_FIFO_1/FIFO_1/lscc_fifo_inst/fifo0/_FABRIC.u_fifo/MISC.wr_flag_addr_r_i2.
Duplicate register/latch removal. \Controller_inst/Controller_RHD_FIFO_1/FIFO_1/lscc_fifo_inst/fifo0/_FABRIC.u_fifo/waddr_r_i1 is a one-to-one match with \Controller_inst/Controller_RHD_FIFO_1/FIFO_1/lscc_fifo_inst/fifo0/_FABRIC.u_fifo/MISC.wr_flag_addr_r_i1.
Duplicate register/latch removal. \Controller_inst/Controller_RHD_FIFO_1/FIFO_1/lscc_fifo_inst/fifo0/_FABRIC.u_fifo/full_r is a one-to-one match with \Controller_inst/Controller_RHD_FIFO_1/FIFO_1/lscc_fifo_inst/fifo0/_FABRIC.u_fifo/MISC.full_flag_r.
Duplicate register/latch removal. \Controller_inst/Controller_RHD_FIFO_1/FIFO_1/lscc_fifo_inst/fifo0/_FABRIC.u_fifo/full_mem_r is a one-to-one match with \Controller_inst/Controller_RHD_FIFO_1/FIFO_1/lscc_fifo_inst/fifo0/_FABRIC.u_fifo/full_r.
Duplicate register/latch removal. \Controller_inst/Controller_RHD_FIFO_1/FIFO_1/lscc_fifo_inst/fifo0/_FABRIC.u_fifo/empty_r is a one-to-one match with \Controller_inst/Controller_RHD_FIFO_1/FIFO_1/lscc_fifo_inst/fifo0/_FABRIC.u_fifo/MISC.empty_flag_r.
Duplicate register/latch removal. \Controller_inst/Controller_RHD_FIFO_1/FIFO_1/lscc_fifo_inst/fifo0/_FABRIC.u_fifo/empty_mem_r is a one-to-one match with \Controller_inst/Controller_RHD_FIFO_1/FIFO_1/lscc_fifo_inst/fifo0/_FABRIC.u_fifo/empty_r.
Duplicate register/latch removal. \Controller_inst/Controller_RHD_FIFO_1/FIFO_1/lscc_fifo_inst/fifo0/_FABRIC.u_fifo/wr_addr_p1_r_i0 is a one-to-one match with \Controller_inst/Controller_RHD_FIFO_1/FIFO_1/lscc_fifo_inst/fifo0/_FABRIC.u_fifo/MISC.wr_flag_addr_p1_r_i0.
Duplicate register/latch removal. \Controller_inst/Controller_RHD_FIFO_1/FIFO_1/lscc_fifo_inst/fifo0/_FABRIC.u_fifo/wr_cmpaddr_r_i0 is a one-to-one match with \Controller_inst/Controller_RHD_FIFO_1/FIFO_1/lscc_fifo_inst/fifo0/_FABRIC.u_fifo/MISC.wr_flag_addr_r_i0.
Duplicate register/latch removal. \Controller_inst/Controller_RHD_FIFO_1/FIFO_1/lscc_fifo_inst/fifo0/_FABRIC.u_fifo/wr_addr_p1cmp_r_i1 is a one-to-one match with \Controller_inst/Controller_RHD_FIFO_1/FIFO_1/lscc_fifo_inst/fifo0/_FABRIC.u_fifo/wr_addr_p1_r_i8.
Duplicate register/latch removal. \Controller_inst/Controller_RHD_FIFO_1/FIFO_1/lscc_fifo_inst/fifo0/_FABRIC.u_fifo/waddr_r_i0 is a one-to-one match with \Controller_inst/Controller_RHD_FIFO_1/FIFO_1/lscc_fifo_inst/fifo0/_FABRIC.u_fifo/wr_cmpaddr_r_i0.
Duplicate register/latch removal. \Controller_inst/Controller_RHD_FIFO_1/FIFO_1/lscc_fifo_inst/fifo0/_FABRIC.u_fifo/wr_cmpaddr_p1_r_i0 is a one-to-one match with \Controller_inst/Controller_RHD_FIFO_1/FIFO_1/lscc_fifo_inst/fifo0/_FABRIC.u_fifo/wr_addr_p1_r_i0.
Duplicate register/latch removal. \Controller_inst/Controller_RHD_FIFO_1/FIFO_1/lscc_fifo_inst/fifo0/_FABRIC.u_fifo/rd_addr_p1_r_i0 is a one-to-one match with \Controller_inst/Controller_RHD_FIFO_1/FIFO_1/lscc_fifo_inst/fifo0/_FABRIC.u_fifo/MISC.rd_flag_addr_p1_r_i0.
Duplicate register/latch removal. \Controller_inst/Controller_RHD_FIFO_1/FIFO_1/lscc_fifo_inst/fifo0/_FABRIC.u_fifo/rd_addr_p1cmp_r_i0 is a one-to-one match with \Controller_inst/Controller_RHD_FIFO_1/FIFO_1/lscc_fifo_inst/fifo0/_FABRIC.u_fifo/rd_addr_p1_r_i0.
Duplicate register/latch removal. \Controller_inst/Controller_RHD_FIFO_1/FIFO_1/lscc_fifo_inst/fifo0/_FABRIC.u_fifo/rd_cmpaddr_r_i0 is a one-to-one match with \Controller_inst/Controller_RHD_FIFO_1/FIFO_1/lscc_fifo_inst/fifo0/_FABRIC.u_fifo/MISC.rd_flag_addr_r_i0.
Duplicate register/latch removal. \Controller_inst/Controller_RHD_FIFO_1/FIFO_1/lscc_fifo_inst/fifo0/_FABRIC.u_fifo/raddr_r_i0 is a one-to-one match with \Controller_inst/Controller_RHD_FIFO_1/FIFO_1/lscc_fifo_inst/fifo0/_FABRIC.u_fifo/rd_cmpaddr_r_i0.
Duplicate register/latch removal. \Controller_inst/Controller_RHD_FIFO_1/FIFO_1/lscc_fifo_inst/fifo0/_FABRIC.u_fifo/MISC.rd_flag_addr_p1_r_i8 is a one-to-one match with \Controller_inst/Controller_RHD_FIFO_1/FIFO_1/lscc_fifo_inst/fifo0/_FABRIC.u_fifo/rd_addr_p1_r_i8.
Duplicate register/latch removal. \Controller_inst/Controller_RHD_FIFO_1/FIFO_1/lscc_fifo_inst/fifo0/_FABRIC.u_fifo/MISC.rd_flag_addr_p1_r_i7 is a one-to-one match with \Controller_inst/Controller_RHD_FIFO_1/FIFO_1/lscc_fifo_inst/fifo0/_FABRIC.u_fifo/rd_addr_p1_r_i7.
Duplicate register/latch removal. \Controller_inst/Controller_RHD_FIFO_1/FIFO_1/lscc_fifo_inst/fifo0/_FABRIC.u_fifo/MISC.rd_flag_addr_p1_r_i6 is a one-to-one match with \Controller_inst/Controller_RHD_FIFO_1/FIFO_1/lscc_fifo_inst/fifo0/_FABRIC.u_fifo/rd_addr_p1_r_i6.
Duplicate register/latch removal. \Controller_inst/Controller_RHD_FIFO_1/FIFO_1/lscc_fifo_inst/fifo0/_FABRIC.u_fifo/MISC.rd_flag_addr_p1_r_i5 is a one-to-one match with \Controller_inst/Controller_RHD_FIFO_1/FIFO_1/lscc_fifo_inst/fifo0/_FABRIC.u_fifo/rd_addr_p1_r_i5.
Duplicate register/latch removal. \Controller_inst/Controller_RHD_FIFO_1/FIFO_1/lscc_fifo_inst/fifo0/_FABRIC.u_fifo/MISC.rd_flag_addr_p1_r_i4 is a one-to-one match with \Controller_inst/Controller_RHD_FIFO_1/FIFO_1/lscc_fifo_inst/fifo0/_FABRIC.u_fifo/rd_addr_p1_r_i4.
Duplicate register/latch removal. \Controller_inst/Controller_RHD_FIFO_1/FIFO_1/lscc_fifo_inst/fifo0/_FABRIC.u_fifo/MISC.rd_flag_addr_p1_r_i3 is a one-to-one match with \Controller_inst/Controller_RHD_FIFO_1/FIFO_1/lscc_fifo_inst/fifo0/_FABRIC.u_fifo/rd_addr_p1_r_i3.
Duplicate register/latch removal. \Controller_inst/Controller_RHD_FIFO_1/FIFO_1/lscc_fifo_inst/fifo0/_FABRIC.u_fifo/MISC.rd_flag_addr_p1_r_i2 is a one-to-one match with \Controller_inst/Controller_RHD_FIFO_1/FIFO_1/lscc_fifo_inst/fifo0/_FABRIC.u_fifo/rd_addr_p1_r_i2.
Duplicate register/latch removal. \Controller_inst/Controller_RHD_FIFO_1/FIFO_1/lscc_fifo_inst/fifo0/_FABRIC.u_fifo/MISC.rd_flag_addr_p1_r_i1 is a one-to-one match with \Controller_inst/Controller_RHD_FIFO_1/FIFO_1/lscc_fifo_inst/fifo0/_FABRIC.u_fifo/rd_addr_p1_r_i1.
Duplicate register/latch removal. \Controller_inst/Controller_RHD_FIFO_1/FIFO_1/lscc_fifo_inst/fifo0/_FABRIC.u_fifo/MISC.rd_flag_addr_r_i7 is a one-to-one match with \Controller_inst/Controller_RHD_FIFO_1/FIFO_1/lscc_fifo_inst/fifo0/_FABRIC.u_fifo/rd_cmpaddr_r_i7.
Duplicate register/latch removal. \Controller_inst/Controller_RHD_FIFO_1/FIFO_1/lscc_fifo_inst/fifo0/_FABRIC.u_fifo/MISC.rd_flag_addr_r_i6 is a one-to-one match with \Controller_inst/Controller_RHD_FIFO_1/FIFO_1/lscc_fifo_inst/fifo0/_FABRIC.u_fifo/rd_cmpaddr_r_i6.
Duplicate register/latch removal. \Controller_inst/Controller_RHD_FIFO_1/FIFO_1/lscc_fifo_inst/fifo0/_FABRIC.u_fifo/MISC.rd_flag_addr_r_i5 is a one-to-one match with \Controller_inst/Controller_RHD_FIFO_1/FIFO_1/lscc_fifo_inst/fifo0/_FABRIC.u_fifo/rd_cmpaddr_r_i5.
Duplicate register/latch removal. \Controller_inst/Controller_RHD_FIFO_1/FIFO_1/lscc_fifo_inst/fifo0/_FABRIC.u_fifo/MISC.rd_flag_addr_r_i4 is a one-to-one match with \Controller_inst/Controller_RHD_FIFO_1/FIFO_1/lscc_fifo_inst/fifo0/_FABRIC.u_fifo/rd_cmpaddr_r_i4.
Duplicate register/latch removal. \Controller_inst/Controller_RHD_FIFO_1/FIFO_1/lscc_fifo_inst/fifo0/_FABRIC.u_fifo/MISC.rd_flag_addr_r_i3 is a one-to-one match with \Controller_inst/Controller_RHD_FIFO_1/FIFO_1/lscc_fifo_inst/fifo0/_FABRIC.u_fifo/rd_cmpaddr_r_i3.
Duplicate register/latch removal. \Controller_inst/Controller_RHD_FIFO_1/FIFO_1/lscc_fifo_inst/fifo0/_FABRIC.u_fifo/MISC.rd_flag_addr_r_i2 is a one-to-one match with \Controller_inst/Controller_RHD_FIFO_1/FIFO_1/lscc_fifo_inst/fifo0/_FABRIC.u_fifo/rd_cmpaddr_r_i2.
Duplicate register/latch removal. \Controller_inst/Controller_RHD_FIFO_1/FIFO_1/lscc_fifo_inst/fifo0/_FABRIC.u_fifo/MISC.rd_flag_addr_r_i1 is a one-to-one match with \Controller_inst/Controller_RHD_FIFO_1/FIFO_1/lscc_fifo_inst/fifo0/_FABRIC.u_fifo/rd_cmpaddr_r_i1.
Duplicate register/latch removal. \Controller_inst/Controller_RHD_FIFO_1/FIFO_1/lscc_fifo_inst/fifo0/_FABRIC.u_fifo/MISC.wr_flag_addr_p1_r_i8 is a one-to-one match with \Controller_inst/Controller_RHD_FIFO_1/FIFO_1/lscc_fifo_inst/fifo0/_FABRIC.u_fifo/wr_addr_p1cmp_r_i1.
Duplicate register/latch removal. \Controller_inst/Controller_RHD_FIFO_1/FIFO_1/lscc_fifo_inst/fifo0/_FABRIC.u_fifo/MISC.wr_flag_addr_p1_r_i7 is a one-to-one match with \Controller_inst/Controller_RHD_FIFO_1/FIFO_1/lscc_fifo_inst/fifo0/_FABRIC.u_fifo/wr_addr_p1_r_i7.
Duplicate register/latch removal. \Controller_inst/Controller_RHD_FIFO_1/FIFO_1/lscc_fifo_inst/fifo0/_FABRIC.u_fifo/MISC.wr_flag_addr_p1_r_i6 is a one-to-one match with \Controller_inst/Controller_RHD_FIFO_1/FIFO_1/lscc_fifo_inst/fifo0/_FABRIC.u_fifo/wr_addr_p1_r_i6.
Duplicate register/latch removal. \Controller_inst/Controller_RHD_FIFO_1/FIFO_1/lscc_fifo_inst/fifo0/_FABRIC.u_fifo/MISC.wr_flag_addr_p1_r_i5 is a one-to-one match with \Controller_inst/Controller_RHD_FIFO_1/FIFO_1/lscc_fifo_inst/fifo0/_FABRIC.u_fifo/wr_addr_p1_r_i5.
Duplicate register/latch removal. \Controller_inst/Controller_RHD_FIFO_1/FIFO_1/lscc_fifo_inst/fifo0/_FABRIC.u_fifo/MISC.wr_flag_addr_p1_r_i4 is a one-to-one match with \Controller_inst/Controller_RHD_FIFO_1/FIFO_1/lscc_fifo_inst/fifo0/_FABRIC.u_fifo/wr_addr_p1_r_i4.
Duplicate register/latch removal. \Controller_inst/Controller_RHD_FIFO_1/FIFO_1/lscc_fifo_inst/fifo0/_FABRIC.u_fifo/MISC.wr_flag_addr_p1_r_i3 is a one-to-one match with \Controller_inst/Controller_RHD_FIFO_1/FIFO_1/lscc_fifo_inst/fifo0/_FABRIC.u_fifo/wr_addr_p1_r_i3.
Duplicate register/latch removal. \Controller_inst/Controller_RHD_FIFO_1/FIFO_1/lscc_fifo_inst/fifo0/_FABRIC.u_fifo/MISC.wr_flag_addr_p1_r_i2 is a one-to-one match with \Controller_inst/Controller_RHD_FIFO_1/FIFO_1/lscc_fifo_inst/fifo0/_FABRIC.u_fifo/wr_addr_p1_r_i2.
Duplicate register/latch removal. \Controller_inst/Controller_RHD_FIFO_1/FIFO_1/lscc_fifo_inst/fifo0/_FABRIC.u_fifo/MISC.wr_flag_addr_p1_r_i1 is a one-to-one match with \Controller_inst/Controller_RHD_FIFO_1/FIFO_1/lscc_fifo_inst/fifo0/_FABRIC.u_fifo/wr_addr_p1_r_i1.
Duplicate register/latch removal. \Controller_inst/Controller_RHD_FIFO_1/FIFO_1/lscc_fifo_inst/fifo0/_FABRIC.u_fifo/MISC.wr_flag_addr_r_i7 is a one-to-one match with \Controller_inst/Controller_RHD_FIFO_1/FIFO_1/lscc_fifo_inst/fifo0/_FABRIC.u_fifo/wr_cmpaddr_r_i7.
Duplicate register/latch removal. \Controller_inst/Controller_RHD_FIFO_1/FIFO_1/lscc_fifo_inst/fifo0/_FABRIC.u_fifo/MISC.wr_flag_addr_r_i6 is a one-to-one match with \Controller_inst/Controller_RHD_FIFO_1/FIFO_1/lscc_fifo_inst/fifo0/_FABRIC.u_fifo/wr_cmpaddr_r_i6.
Duplicate register/latch removal. \Controller_inst/Controller_RHD_FIFO_1/FIFO_1/lscc_fifo_inst/fifo0/_FABRIC.u_fifo/MISC.wr_flag_addr_r_i5 is a one-to-one match with \Controller_inst/Controller_RHD_FIFO_1/FIFO_1/lscc_fifo_inst/fifo0/_FABRIC.u_fifo/wr_cmpaddr_r_i5.
Duplicate register/latch removal. \Controller_inst/Controller_RHD_FIFO_1/FIFO_1/lscc_fifo_inst/fifo0/_FABRIC.u_fifo/MISC.wr_flag_addr_r_i4 is a one-to-one match with \Controller_inst/Controller_RHD_FIFO_1/FIFO_1/lscc_fifo_inst/fifo0/_FABRIC.u_fifo/wr_cmpaddr_r_i4.
Duplicate register/latch removal. \Controller_inst/Controller_RHD_FIFO_1/FIFO_1/lscc_fifo_inst/fifo0/_FABRIC.u_fifo/MISC.wr_flag_addr_r_i3 is a one-to-one match with \Controller_inst/Controller_RHD_FIFO_1/FIFO_1/lscc_fifo_inst/fifo0/_FABRIC.u_fifo/wr_cmpaddr_r_i3.
Duplicate register/latch removal. \Controller_inst/Controller_RHD_FIFO_1/FIFO_1/lscc_fifo_inst/fifo0/_FABRIC.u_fifo/MISC.wr_flag_addr_r_i2 is a one-to-one match with \Controller_inst/Controller_RHD_FIFO_1/FIFO_1/lscc_fifo_inst/fifo0/_FABRIC.u_fifo/wr_cmpaddr_r_i2.
Duplicate register/latch removal. \Controller_inst/Controller_RHD_FIFO_1/FIFO_1/lscc_fifo_inst/fifo0/_FABRIC.u_fifo/MISC.wr_flag_addr_r_i1 is a one-to-one match with \Controller_inst/Controller_RHD_FIFO_1/FIFO_1/lscc_fifo_inst/fifo0/_FABRIC.u_fifo/wr_cmpaddr_r_i1.
Duplicate register/latch removal. \Controller_inst/Controller_RHD_FIFO_1/FIFO_1/lscc_fifo_inst/fifo0/_FABRIC.u_fifo/raddr_r_i7 is a one-to-one match with \Controller_inst/Controller_RHD_FIFO_1/FIFO_1/lscc_fifo_inst/fifo0/_FABRIC.u_fifo/MISC.rd_flag_addr_r_i7.
Duplicate register/latch removal. \Controller_inst/Controller_RHD_FIFO_1/FIFO_1/lscc_fifo_inst/fifo0/_FABRIC.u_fifo/raddr_r_i6 is a one-to-one match with \Controller_inst/Controller_RHD_FIFO_1/FIFO_1/lscc_fifo_inst/fifo0/_FABRIC.u_fifo/MISC.rd_flag_addr_r_i6.
Duplicate register/latch removal. \Controller_inst/Controller_RHD_FIFO_1/FIFO_1/lscc_fifo_inst/fifo0/_FABRIC.u_fifo/raddr_r_i5 is a one-to-one match with \Controller_inst/Controller_RHD_FIFO_1/FIFO_1/lscc_fifo_inst/fifo0/_FABRIC.u_fifo/MISC.rd_flag_addr_r_i5.
Duplicate register/latch removal. \Controller_inst/Controller_RHD_FIFO_1/FIFO_1/lscc_fifo_inst/fifo0/_FABRIC.u_fifo/raddr_r_i4 is a one-to-one match with \Controller_inst/Controller_RHD_FIFO_1/FIFO_1/lscc_fifo_inst/fifo0/_FABRIC.u_fifo/MISC.rd_flag_addr_r_i4.
Duplicate register/latch removal. \Controller_inst/Controller_RHD_FIFO_1/FIFO_1/lscc_fifo_inst/fifo0/_FABRIC.u_fifo/raddr_r_i3 is a one-to-one match with \Controller_inst/Controller_RHD_FIFO_1/FIFO_1/lscc_fifo_inst/fifo0/_FABRIC.u_fifo/MISC.rd_flag_addr_r_i3.
Duplicate register/latch removal. \Controller_inst/Controller_RHD_FIFO_1/FIFO_1/lscc_fifo_inst/fifo0/_FABRIC.u_fifo/raddr_r_i2 is a one-to-one match with \Controller_inst/Controller_RHD_FIFO_1/FIFO_1/lscc_fifo_inst/fifo0/_FABRIC.u_fifo/MISC.rd_flag_addr_r_i2.
Duplicate register/latch removal. \Controller_inst/Controller_RHD_FIFO_1/FIFO_1/lscc_fifo_inst/fifo0/_FABRIC.u_fifo/raddr_r_i1 is a one-to-one match with \Controller_inst/Controller_RHD_FIFO_1/FIFO_1/lscc_fifo_inst/fifo0/_FABRIC.u_fifo/MISC.rd_flag_addr_r_i1.
Duplicate register/latch removal. \Controller_inst/Controller_RHD_FIFO_1/FIFO_1/lscc_fifo_inst/fifo0/_FABRIC.u_fifo/rd_addr_p1cmp_r_i8 is a one-to-one match with \Controller_inst/Controller_RHD_FIFO_1/FIFO_1/lscc_fifo_inst/fifo0/_FABRIC.u_fifo/MISC.rd_flag_addr_p1_r_i8.
Duplicate register/latch removal. \Controller_inst/Controller_RHD_FIFO_1/FIFO_1/lscc_fifo_inst/fifo0/_FABRIC.u_fifo/rd_addr_p1cmp_r_i7 is a one-to-one match with \Controller_inst/Controller_RHD_FIFO_1/FIFO_1/lscc_fifo_inst/fifo0/_FABRIC.u_fifo/MISC.rd_flag_addr_p1_r_i7.
Duplicate register/latch removal. \Controller_inst/Controller_RHD_FIFO_1/FIFO_1/lscc_fifo_inst/fifo0/_FABRIC.u_fifo/rd_addr_p1cmp_r_i6 is a one-to-one match with \Controller_inst/Controller_RHD_FIFO_1/FIFO_1/lscc_fifo_inst/fifo0/_FABRIC.u_fifo/MISC.rd_flag_addr_p1_r_i6.
Duplicate register/latch removal. \Controller_inst/Controller_RHD_FIFO_1/FIFO_1/lscc_fifo_inst/fifo0/_FABRIC.u_fifo/rd_addr_p1cmp_r_i5 is a one-to-one match with \Controller_inst/Controller_RHD_FIFO_1/FIFO_1/lscc_fifo_inst/fifo0/_FABRIC.u_fifo/MISC.rd_flag_addr_p1_r_i5.
Duplicate register/latch removal. \Controller_inst/Controller_RHD_FIFO_1/FIFO_1/lscc_fifo_inst/fifo0/_FABRIC.u_fifo/rd_addr_p1cmp_r_i4 is a one-to-one match with \Controller_inst/Controller_RHD_FIFO_1/FIFO_1/lscc_fifo_inst/fifo0/_FABRIC.u_fifo/MISC.rd_flag_addr_p1_r_i4.
Duplicate register/latch removal. \Controller_inst/Controller_RHD_FIFO_1/FIFO_1/lscc_fifo_inst/fifo0/_FABRIC.u_fifo/rd_addr_p1cmp_r_i3 is a one-to-one match with \Controller_inst/Controller_RHD_FIFO_1/FIFO_1/lscc_fifo_inst/fifo0/_FABRIC.u_fifo/MISC.rd_flag_addr_p1_r_i3.
Duplicate register/latch removal. \Controller_inst/Controller_RHD_FIFO_1/FIFO_1/lscc_fifo_inst/fifo0/_FABRIC.u_fifo/rd_addr_p1cmp_r_i2 is a one-to-one match with \Controller_inst/Controller_RHD_FIFO_1/FIFO_1/lscc_fifo_inst/fifo0/_FABRIC.u_fifo/MISC.rd_flag_addr_p1_r_i2.
Duplicate register/latch removal. \Controller_inst/Controller_RHD_FIFO_1/FIFO_1/lscc_fifo_inst/fifo0/_FABRIC.u_fifo/rd_addr_p1cmp_r_i1 is a one-to-one match with \Controller_inst/Controller_RHD_FIFO_1/FIFO_1/lscc_fifo_inst/fifo0/_FABRIC.u_fifo/MISC.rd_flag_addr_p1_r_i1.
Duplicate register/latch removal. \Controller_inst/Controller_RHD_FIFO_1/FIFO_1/lscc_fifo_inst/fifo0/_FABRIC.u_fifo/wr_cmpaddr_p1_r_i7 is a one-to-one match with \Controller_inst/Controller_RHD_FIFO_1/FIFO_1/lscc_fifo_inst/fifo0/_FABRIC.u_fifo/MISC.wr_flag_addr_p1_r_i7.
Duplicate register/latch removal. \Controller_inst/Controller_RHD_FIFO_1/FIFO_1/lscc_fifo_inst/fifo0/_FABRIC.u_fifo/wr_cmpaddr_p1_r_i6 is a one-to-one match with \Controller_inst/Controller_RHD_FIFO_1/FIFO_1/lscc_fifo_inst/fifo0/_FABRIC.u_fifo/MISC.wr_flag_addr_p1_r_i6.
Duplicate register/latch removal. \Controller_inst/Controller_RHD_FIFO_1/FIFO_1/lscc_fifo_inst/fifo0/_FABRIC.u_fifo/wr_cmpaddr_p1_r_i5 is a one-to-one match with \Controller_inst/Controller_RHD_FIFO_1/FIFO_1/lscc_fifo_inst/fifo0/_FABRIC.u_fifo/MISC.wr_flag_addr_p1_r_i5.
Duplicate register/latch removal. \Controller_inst/Controller_RHD_FIFO_1/FIFO_1/lscc_fifo_inst/fifo0/_FABRIC.u_fifo/wr_cmpaddr_p1_r_i4 is a one-to-one match with \Controller_inst/Controller_RHD_FIFO_1/FIFO_1/lscc_fifo_inst/fifo0/_FABRIC.u_fifo/MISC.wr_flag_addr_p1_r_i4.
Duplicate register/latch removal. \Controller_inst/Controller_RHD_FIFO_1/FIFO_1/lscc_fifo_inst/fifo0/_FABRIC.u_fifo/wr_cmpaddr_p1_r_i3 is a one-to-one match with \Controller_inst/Controller_RHD_FIFO_1/FIFO_1/lscc_fifo_inst/fifo0/_FABRIC.u_fifo/MISC.wr_flag_addr_p1_r_i3.
Duplicate register/latch removal. \Controller_inst/Controller_RHD_FIFO_1/FIFO_1/lscc_fifo_inst/fifo0/_FABRIC.u_fifo/wr_cmpaddr_p1_r_i2 is a one-to-one match with \Controller_inst/Controller_RHD_FIFO_1/FIFO_1/lscc_fifo_inst/fifo0/_FABRIC.u_fifo/MISC.wr_flag_addr_p1_r_i2.
Duplicate register/latch removal. \Controller_inst/Controller_RHD_FIFO_1/FIFO_1/lscc_fifo_inst/fifo0/_FABRIC.u_fifo/wr_cmpaddr_p1_r_i1 is a one-to-one match with \Controller_inst/Controller_RHD_FIFO_1/FIFO_1/lscc_fifo_inst/fifo0/_FABRIC.u_fifo/MISC.wr_flag_addr_p1_r_i1.
Duplicate register/latch removal. \Controller_inst/Controller_RHD_FIFO_1/FIFO_1/lscc_fifo_inst/fifo0/_FABRIC.u_fifo/waddr_r_i7 is a one-to-one match with \Controller_inst/Controller_RHD_FIFO_1/FIFO_1/lscc_fifo_inst/fifo0/_FABRIC.u_fifo/MISC.wr_flag_addr_r_i7.
Duplicate register/latch removal. \Controller_inst/Controller_RHD_FIFO_1/FIFO_1/lscc_fifo_inst/fifo0/_FABRIC.u_fifo/waddr_r_i6 is a one-to-one match with \Controller_inst/Controller_RHD_FIFO_1/FIFO_1/lscc_fifo_inst/fifo0/_FABRIC.u_fifo/MISC.wr_flag_addr_r_i6.
Duplicate register/latch removal. \Controller_inst/Controller_RHD_FIFO_1/FIFO_1/lscc_fifo_inst/fifo0/_FABRIC.u_fifo/waddr_r_i5 is a one-to-one match with \Controller_inst/Controller_RHD_FIFO_1/FIFO_1/lscc_fifo_inst/fifo0/_FABRIC.u_fifo/MISC.wr_flag_addr_r_i5.
Duplicate register/latch removal. \Controller_inst/Controller_RHD_FIFO_1/FIFO_1/lscc_fifo_inst/fifo0/_FABRIC.u_fifo/waddr_r_i4 is a one-to-one match with \Controller_inst/Controller_RHD_FIFO_1/FIFO_1/lscc_fifo_inst/fifo0/_FABRIC.u_fifo/MISC.wr_flag_addr_r_i4.
Duplicate register/latch removal. \Controller_inst/Controller_RHD_FIFO_1/FIFO_1/lscc_fifo_inst/fifo0/_FABRIC.u_fifo/waddr_r_i3 is a one-to-one match with \Controller_inst/Controller_RHD_FIFO_1/FIFO_1/lscc_fifo_inst/fifo0/_FABRIC.u_fifo/MISC.wr_flag_addr_r_i3.
Duplicate register/latch removal. \Controller_inst/Controller_RHD_FIFO_1/FIFO_1/lscc_fifo_inst/fifo0/_FABRIC.u_fifo/waddr_r_i2 is a one-to-one match with \Controller_inst/Controller_RHD_FIFO_1/FIFO_1/lscc_fifo_inst/fifo0/_FABRIC.u_fifo/MISC.wr_flag_addr_r_i2.
Duplicate register/latch removal. \Controller_inst/Controller_RHD_FIFO_1/FIFO_1/lscc_fifo_inst/fifo0/_FABRIC.u_fifo/waddr_r_i1 is a one-to-one match with \Controller_inst/Controller_RHD_FIFO_1/FIFO_1/lscc_fifo_inst/fifo0/_FABRIC.u_fifo/MISC.wr_flag_addr_r_i1.
Duplicate register/latch removal. \Controller_inst/Controller_RHD_FIFO_1/FIFO_1/lscc_fifo_inst/fifo0/_FABRIC.u_fifo/full_r is a one-to-one match with \Controller_inst/Controller_RHD_FIFO_1/FIFO_1/lscc_fifo_inst/fifo0/_FABRIC.u_fifo/MISC.full_flag_r.
Duplicate register/latch removal. \Controller_inst/Controller_RHD_FIFO_1/FIFO_1/lscc_fifo_inst/fifo0/_FABRIC.u_fifo/full_mem_r is a one-to-one match with \Controller_inst/Controller_RHD_FIFO_1/FIFO_1/lscc_fifo_inst/fifo0/_FABRIC.u_fifo/full_r.
Duplicate register/latch removal. \Controller_inst/Controller_RHD_FIFO_1/FIFO_1/lscc_fifo_inst/fifo0/_FABRIC.u_fifo/empty_r is a one-to-one match with \Controller_inst/Controller_RHD_FIFO_1/FIFO_1/lscc_fifo_inst/fifo0/_FABRIC.u_fifo/MISC.empty_flag_r.
Duplicate register/latch removal. \Controller_inst/Controller_RHD_FIFO_1/FIFO_1/lscc_fifo_inst/fifo0/_FABRIC.u_fifo/empty_mem_r is a one-to-one match with \Controller_inst/Controller_RHD_FIFO_1/FIFO_1/lscc_fifo_inst/fifo0/_FABRIC.u_fifo/empty_r.
Duplicate register/latch removal. \Controller_inst/Controller_RHD_FIFO_1/FIFO_1/lscc_fifo_inst/fifo0/_FABRIC.u_fifo/wr_addr_p1_r_i0 is a one-to-one match with \Controller_inst/Controller_RHD_FIFO_1/FIFO_1/lscc_fifo_inst/fifo0/_FABRIC.u_fifo/MISC.wr_flag_addr_p1_r_i0.
Duplicate register/latch removal. \Controller_inst/Controller_RHD_FIFO_1/FIFO_1/lscc_fifo_inst/fifo0/_FABRIC.u_fifo/wr_cmpaddr_r_i0 is a one-to-one match with \Controller_inst/Controller_RHD_FIFO_1/FIFO_1/lscc_fifo_inst/fifo0/_FABRIC.u_fifo/MISC.wr_flag_addr_r_i0.
Duplicate register/latch removal. \Controller_inst/Controller_RHD_FIFO_1/FIFO_1/lscc_fifo_inst/fifo0/_FABRIC.u_fifo/wr_addr_p1cmp_r_i1 is a one-to-one match with \Controller_inst/Controller_RHD_FIFO_1/FIFO_1/lscc_fifo_inst/fifo0/_FABRIC.u_fifo/wr_addr_p1_r_i8.
Duplicate register/latch removal. \Controller_inst/Controller_RHD_FIFO_1/FIFO_1/lscc_fifo_inst/fifo0/_FABRIC.u_fifo/waddr_r_i0 is a one-to-one match with \Controller_inst/Controller_RHD_FIFO_1/FIFO_1/lscc_fifo_inst/fifo0/_FABRIC.u_fifo/wr_cmpaddr_r_i0.
Duplicate register/latch removal. \Controller_inst/Controller_RHD_FIFO_1/FIFO_1/lscc_fifo_inst/fifo0/_FABRIC.u_fifo/wr_cmpaddr_p1_r_i0 is a one-to-one match with \Controller_inst/Controller_RHD_FIFO_1/FIFO_1/lscc_fifo_inst/fifo0/_FABRIC.u_fifo/wr_addr_p1_r_i0.
Duplicate register/latch removal. \Controller_inst/Controller_RHD_FIFO_1/FIFO_1/lscc_fifo_inst/fifo0/_FABRIC.u_fifo/rd_addr_p1_r_i0 is a one-to-one match with \Controller_inst/Controller_RHD_FIFO_1/FIFO_1/lscc_fifo_inst/fifo0/_FABRIC.u_fifo/MISC.rd_flag_addr_p1_r_i0.
Duplicate register/latch removal. \Controller_inst/Controller_RHD_FIFO_1/FIFO_1/lscc_fifo_inst/fifo0/_FABRIC.u_fifo/rd_addr_p1cmp_r_i0 is a one-to-one match with \Controller_inst/Controller_RHD_FIFO_1/FIFO_1/lscc_fifo_inst/fifo0/_FABRIC.u_fifo/rd_addr_p1_r_i0.
Duplicate register/latch removal. \Controller_inst/Controller_RHD_FIFO_1/FIFO_1/lscc_fifo_inst/fifo0/_FABRIC.u_fifo/rd_cmpaddr_r_i0 is a one-to-one match with \Controller_inst/Controller_RHD_FIFO_1/FIFO_1/lscc_fifo_inst/fifo0/_FABRIC.u_fifo/MISC.rd_flag_addr_r_i0.
Duplicate register/latch removal. \Controller_inst/Controller_RHD_FIFO_1/FIFO_1/lscc_fifo_inst/fifo0/_FABRIC.u_fifo/raddr_r_i0 is a one-to-one match with \Controller_inst/Controller_RHD_FIFO_1/FIFO_1/lscc_fifo_inst/fifo0/_FABRIC.u_fifo/rd_cmpaddr_r_i0.
Duplicate register/latch removal. \Controller_inst/Controller_RHD_FIFO_1/FIFO_1/lscc_fifo_inst/fifo0/_FABRIC.u_fifo/MISC.rd_flag_addr_p1_r_i8 is a one-to-one match with \Controller_inst/Controller_RHD_FIFO_1/FIFO_1/lscc_fifo_inst/fifo0/_FABRIC.u_fifo/rd_addr_p1_r_i8.
Duplicate register/latch removal. \Controller_inst/Controller_RHD_FIFO_1/FIFO_1/lscc_fifo_inst/fifo0/_FABRIC.u_fifo/MISC.rd_flag_addr_p1_r_i7 is a one-to-one match with \Controller_inst/Controller_RHD_FIFO_1/FIFO_1/lscc_fifo_inst/fifo0/_FABRIC.u_fifo/rd_addr_p1_r_i7.
Duplicate register/latch removal. \Controller_inst/Controller_RHD_FIFO_1/FIFO_1/lscc_fifo_inst/fifo0/_FABRIC.u_fifo/MISC.rd_flag_addr_p1_r_i6 is a one-to-one match with \Controller_inst/Controller_RHD_FIFO_1/FIFO_1/lscc_fifo_inst/fifo0/_FABRIC.u_fifo/rd_addr_p1_r_i6.
Duplicate register/latch removal. \Controller_inst/Controller_RHD_FIFO_1/FIFO_1/lscc_fifo_inst/fifo0/_FABRIC.u_fifo/MISC.rd_flag_addr_p1_r_i5 is a one-to-one match with \Controller_inst/Controller_RHD_FIFO_1/FIFO_1/lscc_fifo_inst/fifo0/_FABRIC.u_fifo/rd_addr_p1_r_i5.
Duplicate register/latch removal. \Controller_inst/Controller_RHD_FIFO_1/FIFO_1/lscc_fifo_inst/fifo0/_FABRIC.u_fifo/MISC.rd_flag_addr_p1_r_i4 is a one-to-one match with \Controller_inst/Controller_RHD_FIFO_1/FIFO_1/lscc_fifo_inst/fifo0/_FABRIC.u_fifo/rd_addr_p1_r_i4.
Duplicate register/latch removal. \Controller_inst/Controller_RHD_FIFO_1/FIFO_1/lscc_fifo_inst/fifo0/_FABRIC.u_fifo/MISC.rd_flag_addr_p1_r_i3 is a one-to-one match with \Controller_inst/Controller_RHD_FIFO_1/FIFO_1/lscc_fifo_inst/fifo0/_FABRIC.u_fifo/rd_addr_p1_r_i3.
Duplicate register/latch removal. \Controller_inst/Controller_RHD_FIFO_1/FIFO_1/lscc_fifo_inst/fifo0/_FABRIC.u_fifo/MISC.rd_flag_addr_p1_r_i2 is a one-to-one match with \Controller_inst/Controller_RHD_FIFO_1/FIFO_1/lscc_fifo_inst/fifo0/_FABRIC.u_fifo/rd_addr_p1_r_i2.
Duplicate register/latch removal. \Controller_inst/Controller_RHD_FIFO_1/FIFO_1/lscc_fifo_inst/fifo0/_FABRIC.u_fifo/MISC.rd_flag_addr_p1_r_i1 is a one-to-one match with \Controller_inst/Controller_RHD_FIFO_1/FIFO_1/lscc_fifo_inst/fifo0/_FABRIC.u_fifo/rd_addr_p1_r_i1.
Duplicate register/latch removal. \Controller_inst/Controller_RHD_FIFO_1/FIFO_1/lscc_fifo_inst/fifo0/_FABRIC.u_fifo/MISC.rd_flag_addr_r_i7 is a one-to-one match with \Controller_inst/Controller_RHD_FIFO_1/FIFO_1/lscc_fifo_inst/fifo0/_FABRIC.u_fifo/rd_cmpaddr_r_i7.
Duplicate register/latch removal. \Controller_inst/Controller_RHD_FIFO_1/FIFO_1/lscc_fifo_inst/fifo0/_FABRIC.u_fifo/MISC.rd_flag_addr_r_i6 is a one-to-one match with \Controller_inst/Controller_RHD_FIFO_1/FIFO_1/lscc_fifo_inst/fifo0/_FABRIC.u_fifo/rd_cmpaddr_r_i6.
Duplicate register/latch removal. \Controller_inst/Controller_RHD_FIFO_1/FIFO_1/lscc_fifo_inst/fifo0/_FABRIC.u_fifo/MISC.rd_flag_addr_r_i5 is a one-to-one match with \Controller_inst/Controller_RHD_FIFO_1/FIFO_1/lscc_fifo_inst/fifo0/_FABRIC.u_fifo/rd_cmpaddr_r_i5.
Duplicate register/latch removal. \Controller_inst/Controller_RHD_FIFO_1/FIFO_1/lscc_fifo_inst/fifo0/_FABRIC.u_fifo/MISC.rd_flag_addr_r_i4 is a one-to-one match with \Controller_inst/Controller_RHD_FIFO_1/FIFO_1/lscc_fifo_inst/fifo0/_FABRIC.u_fifo/rd_cmpaddr_r_i4.
Duplicate register/latch removal. \Controller_inst/Controller_RHD_FIFO_1/FIFO_1/lscc_fifo_inst/fifo0/_FABRIC.u_fifo/MISC.rd_flag_addr_r_i3 is a one-to-one match with \Controller_inst/Controller_RHD_FIFO_1/FIFO_1/lscc_fifo_inst/fifo0/_FABRIC.u_fifo/rd_cmpaddr_r_i3.
Duplicate register/latch removal. \Controller_inst/Controller_RHD_FIFO_1/FIFO_1/lscc_fifo_inst/fifo0/_FABRIC.u_fifo/MISC.rd_flag_addr_r_i2 is a one-to-one match with \Controller_inst/Controller_RHD_FIFO_1/FIFO_1/lscc_fifo_inst/fifo0/_FABRIC.u_fifo/rd_cmpaddr_r_i2.
Duplicate register/latch removal. \Controller_inst/Controller_RHD_FIFO_1/FIFO_1/lscc_fifo_inst/fifo0/_FABRIC.u_fifo/MISC.rd_flag_addr_r_i1 is a one-to-one match with \Controller_inst/Controller_RHD_FIFO_1/FIFO_1/lscc_fifo_inst/fifo0/_FABRIC.u_fifo/rd_cmpaddr_r_i1.
Duplicate register/latch removal. \Controller_inst/Controller_RHD_FIFO_1/FIFO_1/lscc_fifo_inst/fifo0/_FABRIC.u_fifo/MISC.wr_flag_addr_p1_r_i8 is a one-to-one match with \Controller_inst/Controller_RHD_FIFO_1/FIFO_1/lscc_fifo_inst/fifo0/_FABRIC.u_fifo/wr_addr_p1cmp_r_i1.
Duplicate register/latch removal. \Controller_inst/Controller_RHD_FIFO_1/FIFO_1/lscc_fifo_inst/fifo0/_FABRIC.u_fifo/MISC.wr_flag_addr_p1_r_i7 is a one-to-one match with \Controller_inst/Controller_RHD_FIFO_1/FIFO_1/lscc_fifo_inst/fifo0/_FABRIC.u_fifo/wr_addr_p1_r_i7.
Duplicate register/latch removal. \Controller_inst/Controller_RHD_FIFO_1/FIFO_1/lscc_fifo_inst/fifo0/_FABRIC.u_fifo/MISC.wr_flag_addr_p1_r_i6 is a one-to-one match with \Controller_inst/Controller_RHD_FIFO_1/FIFO_1/lscc_fifo_inst/fifo0/_FABRIC.u_fifo/wr_addr_p1_r_i6.
Duplicate register/latch removal. \Controller_inst/Controller_RHD_FIFO_1/FIFO_1/lscc_fifo_inst/fifo0/_FABRIC.u_fifo/MISC.wr_flag_addr_p1_r_i5 is a one-to-one match with \Controller_inst/Controller_RHD_FIFO_1/FIFO_1/lscc_fifo_inst/fifo0/_FABRIC.u_fifo/wr_addr_p1_r_i5.
Duplicate register/latch removal. \Controller_inst/Controller_RHD_FIFO_1/FIFO_1/lscc_fifo_inst/fifo0/_FABRIC.u_fifo/MISC.wr_flag_addr_p1_r_i4 is a one-to-one match with \Controller_inst/Controller_RHD_FIFO_1/FIFO_1/lscc_fifo_inst/fifo0/_FABRIC.u_fifo/wr_addr_p1_r_i4.
Duplicate register/latch removal. \Controller_inst/Controller_RHD_FIFO_1/FIFO_1/lscc_fifo_inst/fifo0/_FABRIC.u_fifo/MISC.wr_flag_addr_p1_r_i3 is a one-to-one match with \Controller_inst/Controller_RHD_FIFO_1/FIFO_1/lscc_fifo_inst/fifo0/_FABRIC.u_fifo/wr_addr_p1_r_i3.
Duplicate register/latch removal. \Controller_inst/Controller_RHD_FIFO_1/FIFO_1/lscc_fifo_inst/fifo0/_FABRIC.u_fifo/MISC.wr_flag_addr_p1_r_i2 is a one-to-one match with \Controller_inst/Controller_RHD_FIFO_1/FIFO_1/lscc_fifo_inst/fifo0/_FABRIC.u_fifo/wr_addr_p1_r_i2.
Duplicate register/latch removal. \Controller_inst/Controller_RHD_FIFO_1/FIFO_1/lscc_fifo_inst/fifo0/_FABRIC.u_fifo/MISC.wr_flag_addr_p1_r_i1 is a one-to-one match with \Controller_inst/Controller_RHD_FIFO_1/FIFO_1/lscc_fifo_inst/fifo0/_FABRIC.u_fifo/wr_addr_p1_r_i1.
Duplicate register/latch removal. \Controller_inst/Controller_RHD_FIFO_1/FIFO_1/lscc_fifo_inst/fifo0/_FABRIC.u_fifo/MISC.wr_flag_addr_r_i7 is a one-to-one match with \Controller_inst/Controller_RHD_FIFO_1/FIFO_1/lscc_fifo_inst/fifo0/_FABRIC.u_fifo/wr_cmpaddr_r_i7.
Duplicate register/latch removal. \Controller_inst/Controller_RHD_FIFO_1/FIFO_1/lscc_fifo_inst/fifo0/_FABRIC.u_fifo/MISC.wr_flag_addr_r_i6 is a one-to-one match with \Controller_inst/Controller_RHD_FIFO_1/FIFO_1/lscc_fifo_inst/fifo0/_FABRIC.u_fifo/wr_cmpaddr_r_i6.
Duplicate register/latch removal. \Controller_inst/Controller_RHD_FIFO_1/FIFO_1/lscc_fifo_inst/fifo0/_FABRIC.u_fifo/MISC.wr_flag_addr_r_i5 is a one-to-one match with \Controller_inst/Controller_RHD_FIFO_1/FIFO_1/lscc_fifo_inst/fifo0/_FABRIC.u_fifo/wr_cmpaddr_r_i5.
Duplicate register/latch removal. \Controller_inst/Controller_RHD_FIFO_1/FIFO_1/lscc_fifo_inst/fifo0/_FABRIC.u_fifo/MISC.wr_flag_addr_r_i4 is a one-to-one match with \Controller_inst/Controller_RHD_FIFO_1/FIFO_1/lscc_fifo_inst/fifo0/_FABRIC.u_fifo/wr_cmpaddr_r_i4.
Duplicate register/latch removal. \Controller_inst/Controller_RHD_FIFO_1/FIFO_1/lscc_fifo_inst/fifo0/_FABRIC.u_fifo/MISC.wr_flag_addr_r_i3 is a one-to-one match with \Controller_inst/Controller_RHD_FIFO_1/FIFO_1/lscc_fifo_inst/fifo0/_FABRIC.u_fifo/wr_cmpaddr_r_i3.
Duplicate register/latch removal. \Controller_inst/Controller_RHD_FIFO_1/FIFO_1/lscc_fifo_inst/fifo0/_FABRIC.u_fifo/MISC.wr_flag_addr_r_i2 is a one-to-one match with \Controller_inst/Controller_RHD_FIFO_1/FIFO_1/lscc_fifo_inst/fifo0/_FABRIC.u_fifo/wr_cmpaddr_r_i2.
Duplicate register/latch removal. \Controller_inst/Controller_RHD_FIFO_1/FIFO_1/lscc_fifo_inst/fifo0/_FABRIC.u_fifo/MISC.wr_flag_addr_r_i1 is a one-to-one match with \Controller_inst/Controller_RHD_FIFO_1/FIFO_1/lscc_fifo_inst/fifo0/_FABRIC.u_fifo/wr_cmpaddr_r_i1.
Duplicate register/latch removal. \Controller_inst/Controller_RHD_FIFO_1/FIFO_1/lscc_fifo_inst/fifo0/_FABRIC.u_fifo/raddr_r_i7 is a one-to-one match with \Controller_inst/Controller_RHD_FIFO_1/FIFO_1/lscc_fifo_inst/fifo0/_FABRIC.u_fifo/MISC.rd_flag_addr_r_i7.
Duplicate register/latch removal. \Controller_inst/Controller_RHD_FIFO_1/FIFO_1/lscc_fifo_inst/fifo0/_FABRIC.u_fifo/raddr_r_i6 is a one-to-one match with \Controller_inst/Controller_RHD_FIFO_1/FIFO_1/lscc_fifo_inst/fifo0/_FABRIC.u_fifo/MISC.rd_flag_addr_r_i6.
Duplicate register/latch removal. \Controller_inst/Controller_RHD_FIFO_1/FIFO_1/lscc_fifo_inst/fifo0/_FABRIC.u_fifo/raddr_r_i5 is a one-to-one match with \Controller_inst/Controller_RHD_FIFO_1/FIFO_1/lscc_fifo_inst/fifo0/_FABRIC.u_fifo/MISC.rd_flag_addr_r_i5.
Duplicate register/latch removal. \Controller_inst/Controller_RHD_FIFO_1/FIFO_1/lscc_fifo_inst/fifo0/_FABRIC.u_fifo/raddr_r_i4 is a one-to-one match with \Controller_inst/Controller_RHD_FIFO_1/FIFO_1/lscc_fifo_inst/fifo0/_FABRIC.u_fifo/MISC.rd_flag_addr_r_i4.
Duplicate register/latch removal. \Controller_inst/Controller_RHD_FIFO_1/FIFO_1/lscc_fifo_inst/fifo0/_FABRIC.u_fifo/raddr_r_i3 is a one-to-one match with \Controller_inst/Controller_RHD_FIFO_1/FIFO_1/lscc_fifo_inst/fifo0/_FABRIC.u_fifo/MISC.rd_flag_addr_r_i3.
Duplicate register/latch removal. \Controller_inst/Controller_RHD_FIFO_1/FIFO_1/lscc_fifo_inst/fifo0/_FABRIC.u_fifo/raddr_r_i2 is a one-to-one match with \Controller_inst/Controller_RHD_FIFO_1/FIFO_1/lscc_fifo_inst/fifo0/_FABRIC.u_fifo/MISC.rd_flag_addr_r_i2.
Duplicate register/latch removal. \Controller_inst/Controller_RHD_FIFO_1/FIFO_1/lscc_fifo_inst/fifo0/_FABRIC.u_fifo/raddr_r_i1 is a one-to-one match with \Controller_inst/Controller_RHD_FIFO_1/FIFO_1/lscc_fifo_inst/fifo0/_FABRIC.u_fifo/MISC.rd_flag_addr_r_i1.
Duplicate register/latch removal. \Controller_inst/Controller_RHD_FIFO_1/FIFO_1/lscc_fifo_inst/fifo0/_FABRIC.u_fifo/rd_addr_p1cmp_r_i8 is a one-to-one match with \Controller_inst/Controller_RHD_FIFO_1/FIFO_1/lscc_fifo_inst/fifo0/_FABRIC.u_fifo/MISC.rd_flag_addr_p1_r_i8.
Duplicate register/latch removal. \Controller_inst/Controller_RHD_FIFO_1/FIFO_1/lscc_fifo_inst/fifo0/_FABRIC.u_fifo/rd_addr_p1cmp_r_i7 is a one-to-one match with \Controller_inst/Controller_RHD_FIFO_1/FIFO_1/lscc_fifo_inst/fifo0/_FABRIC.u_fifo/MISC.rd_flag_addr_p1_r_i7.
Duplicate register/latch removal. \Controller_inst/Controller_RHD_FIFO_1/FIFO_1/lscc_fifo_inst/fifo0/_FABRIC.u_fifo/rd_addr_p1cmp_r_i6 is a one-to-one match with \Controller_inst/Controller_RHD_FIFO_1/FIFO_1/lscc_fifo_inst/fifo0/_FABRIC.u_fifo/MISC.rd_flag_addr_p1_r_i6.
Duplicate register/latch removal. \Controller_inst/Controller_RHD_FIFO_1/FIFO_1/lscc_fifo_inst/fifo0/_FABRIC.u_fifo/rd_addr_p1cmp_r_i5 is a one-to-one match with \Controller_inst/Controller_RHD_FIFO_1/FIFO_1/lscc_fifo_inst/fifo0/_FABRIC.u_fifo/MISC.rd_flag_addr_p1_r_i5.
Duplicate register/latch removal. \Controller_inst/Controller_RHD_FIFO_1/FIFO_1/lscc_fifo_inst/fifo0/_FABRIC.u_fifo/rd_addr_p1cmp_r_i4 is a one-to-one match with \Controller_inst/Controller_RHD_FIFO_1/FIFO_1/lscc_fifo_inst/fifo0/_FABRIC.u_fifo/MISC.rd_flag_addr_p1_r_i4.
Duplicate register/latch removal. \Controller_inst/Controller_RHD_FIFO_1/FIFO_1/lscc_fifo_inst/fifo0/_FABRIC.u_fifo/rd_addr_p1cmp_r_i3 is a one-to-one match with \Controller_inst/Controller_RHD_FIFO_1/FIFO_1/lscc_fifo_inst/fifo0/_FABRIC.u_fifo/MISC.rd_flag_addr_p1_r_i3.
Duplicate register/latch removal. \Controller_inst/Controller_RHD_FIFO_1/FIFO_1/lscc_fifo_inst/fifo0/_FABRIC.u_fifo/rd_addr_p1cmp_r_i2 is a one-to-one match with \Controller_inst/Controller_RHD_FIFO_1/FIFO_1/lscc_fifo_inst/fifo0/_FABRIC.u_fifo/MISC.rd_flag_addr_p1_r_i2.
Duplicate register/latch removal. \Controller_inst/Controller_RHD_FIFO_1/FIFO_1/lscc_fifo_inst/fifo0/_FABRIC.u_fifo/rd_addr_p1cmp_r_i1 is a one-to-one match with \Controller_inst/Controller_RHD_FIFO_1/FIFO_1/lscc_fifo_inst/fifo0/_FABRIC.u_fifo/MISC.rd_flag_addr_p1_r_i1.
Duplicate register/latch removal. \Controller_inst/Controller_RHD_FIFO_1/FIFO_1/lscc_fifo_inst/fifo0/_FABRIC.u_fifo/wr_cmpaddr_p1_r_i7 is a one-to-one match with \Controller_inst/Controller_RHD_FIFO_1/FIFO_1/lscc_fifo_inst/fifo0/_FABRIC.u_fifo/MISC.wr_flag_addr_p1_r_i7.
Duplicate register/latch removal. \Controller_inst/Controller_RHD_FIFO_1/FIFO_1/lscc_fifo_inst/fifo0/_FABRIC.u_fifo/wr_cmpaddr_p1_r_i6 is a one-to-one match with \Controller_inst/Controller_RHD_FIFO_1/FIFO_1/lscc_fifo_inst/fifo0/_FABRIC.u_fifo/MISC.wr_flag_addr_p1_r_i6.
Duplicate register/latch removal. \Controller_inst/Controller_RHD_FIFO_1/FIFO_1/lscc_fifo_inst/fifo0/_FABRIC.u_fifo/wr_cmpaddr_p1_r_i5 is a one-to-one match with \Controller_inst/Controller_RHD_FIFO_1/FIFO_1/lscc_fifo_inst/fifo0/_FABRIC.u_fifo/MISC.wr_flag_addr_p1_r_i5.
Duplicate register/latch removal. \Controller_inst/Controller_RHD_FIFO_1/FIFO_1/lscc_fifo_inst/fifo0/_FABRIC.u_fifo/wr_cmpaddr_p1_r_i4 is a one-to-one match with \Controller_inst/Controller_RHD_FIFO_1/FIFO_1/lscc_fifo_inst/fifo0/_FABRIC.u_fifo/MISC.wr_flag_addr_p1_r_i4.
Duplicate register/latch removal. \Controller_inst/Controller_RHD_FIFO_1/FIFO_1/lscc_fifo_inst/fifo0/_FABRIC.u_fifo/wr_cmpaddr_p1_r_i3 is a one-to-one match with \Controller_inst/Controller_RHD_FIFO_1/FIFO_1/lscc_fifo_inst/fifo0/_FABRIC.u_fifo/MISC.wr_flag_addr_p1_r_i3.
Duplicate register/latch removal. \Controller_inst/Controller_RHD_FIFO_1/FIFO_1/lscc_fifo_inst/fifo0/_FABRIC.u_fifo/wr_cmpaddr_p1_r_i2 is a one-to-one match with \Controller_inst/Controller_RHD_FIFO_1/FIFO_1/lscc_fifo_inst/fifo0/_FABRIC.u_fifo/MISC.wr_flag_addr_p1_r_i2.
Duplicate register/latch removal. \Controller_inst/Controller_RHD_FIFO_1/FIFO_1/lscc_fifo_inst/fifo0/_FABRIC.u_fifo/wr_cmpaddr_p1_r_i1 is a one-to-one match with \Controller_inst/Controller_RHD_FIFO_1/FIFO_1/lscc_fifo_inst/fifo0/_FABRIC.u_fifo/MISC.wr_flag_addr_p1_r_i1.
Duplicate register/latch removal. \Controller_inst/Controller_RHD_FIFO_1/FIFO_1/lscc_fifo_inst/fifo0/_FABRIC.u_fifo/waddr_r_i7 is a one-to-one match with \Controller_inst/Controller_RHD_FIFO_1/FIFO_1/lscc_fifo_inst/fifo0/_FABRIC.u_fifo/MISC.wr_flag_addr_r_i7.
Duplicate register/latch removal. \Controller_inst/Controller_RHD_FIFO_1/FIFO_1/lscc_fifo_inst/fifo0/_FABRIC.u_fifo/waddr_r_i6 is a one-to-one match with \Controller_inst/Controller_RHD_FIFO_1/FIFO_1/lscc_fifo_inst/fifo0/_FABRIC.u_fifo/MISC.wr_flag_addr_r_i6.
Duplicate register/latch removal. \Controller_inst/Controller_RHD_FIFO_1/FIFO_1/lscc_fifo_inst/fifo0/_FABRIC.u_fifo/waddr_r_i5 is a one-to-one match with \Controller_inst/Controller_RHD_FIFO_1/FIFO_1/lscc_fifo_inst/fifo0/_FABRIC.u_fifo/MISC.wr_flag_addr_r_i5.
Duplicate register/latch removal. \Controller_inst/Controller_RHD_FIFO_1/FIFO_1/lscc_fifo_inst/fifo0/_FABRIC.u_fifo/waddr_r_i4 is a one-to-one match with \Controller_inst/Controller_RHD_FIFO_1/FIFO_1/lscc_fifo_inst/fifo0/_FABRIC.u_fifo/MISC.wr_flag_addr_r_i4.
Duplicate register/latch removal. \Controller_inst/Controller_RHD_FIFO_1/FIFO_1/lscc_fifo_inst/fifo0/_FABRIC.u_fifo/waddr_r_i3 is a one-to-one match with \Controller_inst/Controller_RHD_FIFO_1/FIFO_1/lscc_fifo_inst/fifo0/_FABRIC.u_fifo/MISC.wr_flag_addr_r_i3.
Duplicate register/latch removal. \Controller_inst/Controller_RHD_FIFO_1/FIFO_1/lscc_fifo_inst/fifo0/_FABRIC.u_fifo/waddr_r_i2 is a one-to-one match with \Controller_inst/Controller_RHD_FIFO_1/FIFO_1/lscc_fifo_inst/fifo0/_FABRIC.u_fifo/MISC.wr_flag_addr_r_i2.
Duplicate register/latch removal. \Controller_inst/Controller_RHD_FIFO_1/FIFO_1/lscc_fifo_inst/fifo0/_FABRIC.u_fifo/waddr_r_i1 is a one-to-one match with \Controller_inst/Controller_RHD_FIFO_1/FIFO_1/lscc_fifo_inst/fifo0/_FABRIC.u_fifo/MISC.wr_flag_addr_r_i1.
Duplicate register/latch removal. \Controller_inst/Controller_RHD_FIFO_1/FIFO_1/lscc_fifo_inst/fifo0/_FABRIC.u_fifo/full_r is a one-to-one match with \Controller_inst/Controller_RHD_FIFO_1/FIFO_1/lscc_fifo_inst/fifo0/_FABRIC.u_fifo/MISC.full_flag_r.
Duplicate register/latch removal. \Controller_inst/Controller_RHD_FIFO_1/FIFO_1/lscc_fifo_inst/fifo0/_FABRIC.u_fifo/full_mem_r is a one-to-one match with \Controller_inst/Controller_RHD_FIFO_1/FIFO_1/lscc_fifo_inst/fifo0/_FABRIC.u_fifo/full_r.
Duplicate register/latch removal. \Controller_inst/Controller_RHD_FIFO_1/FIFO_1/lscc_fifo_inst/fifo0/_FABRIC.u_fifo/empty_r is a one-to-one match with \Controller_inst/Controller_RHD_FIFO_1/FIFO_1/lscc_fifo_inst/fifo0/_FABRIC.u_fifo/MISC.empty_flag_r.
Duplicate register/latch removal. \Controller_inst/Controller_RHD_FIFO_1/FIFO_1/lscc_fifo_inst/fifo0/_FABRIC.u_fifo/empty_mem_r is a one-to-one match with \Controller_inst/Controller_RHD_FIFO_1/FIFO_1/lscc_fifo_inst/fifo0/_FABRIC.u_fifo/empty_r.
Duplicate register/latch removal. \Controller_inst/Controller_RHD_FIFO_1/FIFO_1/lscc_fifo_inst/fifo0/_FABRIC.u_fifo/wr_addr_p1_r_i0 is a one-to-one match with \Controller_inst/Controller_RHD_FIFO_1/FIFO_1/lscc_fifo_inst/fifo0/_FABRIC.u_fifo/MISC.wr_flag_addr_p1_r_i0.
Duplicate register/latch removal. \Controller_inst/Controller_RHD_FIFO_1/FIFO_1/lscc_fifo_inst/fifo0/_FABRIC.u_fifo/wr_cmpaddr_r_i0 is a one-to-one match with \Controller_inst/Controller_RHD_FIFO_1/FIFO_1/lscc_fifo_inst/fifo0/_FABRIC.u_fifo/MISC.wr_flag_addr_r_i0.
Duplicate register/latch removal. \Controller_inst/Controller_RHD_FIFO_1/FIFO_1/lscc_fifo_inst/fifo0/_FABRIC.u_fifo/wr_addr_p1cmp_r_i1 is a one-to-one match with \Controller_inst/Controller_RHD_FIFO_1/FIFO_1/lscc_fifo_inst/fifo0/_FABRIC.u_fifo/wr_addr_p1_r_i8.
Duplicate register/latch removal. \Controller_inst/Controller_RHD_FIFO_1/FIFO_1/lscc_fifo_inst/fifo0/_FABRIC.u_fifo/waddr_r_i0 is a one-to-one match with \Controller_inst/Controller_RHD_FIFO_1/FIFO_1/lscc_fifo_inst/fifo0/_FABRIC.u_fifo/wr_cmpaddr_r_i0.
Duplicate register/latch removal. \Controller_inst/Controller_RHD_FIFO_1/FIFO_1/lscc_fifo_inst/fifo0/_FABRIC.u_fifo/wr_cmpaddr_p1_r_i0 is a one-to-one match with \Controller_inst/Controller_RHD_FIFO_1/FIFO_1/lscc_fifo_inst/fifo0/_FABRIC.u_fifo/wr_addr_p1_r_i0.
Duplicate register/latch removal. \Controller_inst/Controller_RHD_FIFO_1/FIFO_1/lscc_fifo_inst/fifo0/_FABRIC.u_fifo/rd_addr_p1_r_i0 is a one-to-one match with \Controller_inst/Controller_RHD_FIFO_1/FIFO_1/lscc_fifo_inst/fifo0/_FABRIC.u_fifo/MISC.rd_flag_addr_p1_r_i0.
Duplicate register/latch removal. \Controller_inst/Controller_RHD_FIFO_1/FIFO_1/lscc_fifo_inst/fifo0/_FABRIC.u_fifo/rd_addr_p1cmp_r_i0 is a one-to-one match with \Controller_inst/Controller_RHD_FIFO_1/FIFO_1/lscc_fifo_inst/fifo0/_FABRIC.u_fifo/rd_addr_p1_r_i0.
Duplicate register/latch removal. \Controller_inst/Controller_RHD_FIFO_1/FIFO_1/lscc_fifo_inst/fifo0/_FABRIC.u_fifo/rd_cmpaddr_r_i0 is a one-to-one match with \Controller_inst/Controller_RHD_FIFO_1/FIFO_1/lscc_fifo_inst/fifo0/_FABRIC.u_fifo/MISC.rd_flag_addr_r_i0.
Duplicate register/latch removal. \Controller_inst/Controller_RHD_FIFO_1/FIFO_1/lscc_fifo_inst/fifo0/_FABRIC.u_fifo/raddr_r_i0 is a one-to-one match with \Controller_inst/Controller_RHD_FIFO_1/FIFO_1/lscc_fifo_inst/fifo0/_FABRIC.u_fifo/rd_cmpaddr_r_i0.
Duplicate register/latch removal. \Controller_inst/Controller_RHD_FIFO_1/FIFO_1/lscc_fifo_inst/fifo0/_FABRIC.u_fifo/MISC.rd_flag_addr_p1_r_i8 is a one-to-one match with \Controller_inst/Controller_RHD_FIFO_1/FIFO_1/lscc_fifo_inst/fifo0/_FABRIC.u_fifo/rd_addr_p1_r_i8.
Duplicate register/latch removal. \Controller_inst/Controller_RHD_FIFO_1/FIFO_1/lscc_fifo_inst/fifo0/_FABRIC.u_fifo/MISC.rd_flag_addr_p1_r_i7 is a one-to-one match with \Controller_inst/Controller_RHD_FIFO_1/FIFO_1/lscc_fifo_inst/fifo0/_FABRIC.u_fifo/rd_addr_p1_r_i7.
Duplicate register/latch removal. \Controller_inst/Controller_RHD_FIFO_1/FIFO_1/lscc_fifo_inst/fifo0/_FABRIC.u_fifo/MISC.rd_flag_addr_p1_r_i6 is a one-to-one match with \Controller_inst/Controller_RHD_FIFO_1/FIFO_1/lscc_fifo_inst/fifo0/_FABRIC.u_fifo/rd_addr_p1_r_i6.
Duplicate register/latch removal. \Controller_inst/Controller_RHD_FIFO_1/FIFO_1/lscc_fifo_inst/fifo0/_FABRIC.u_fifo/MISC.rd_flag_addr_p1_r_i5 is a one-to-one match with \Controller_inst/Controller_RHD_FIFO_1/FIFO_1/lscc_fifo_inst/fifo0/_FABRIC.u_fifo/rd_addr_p1_r_i5.
Duplicate register/latch removal. \Controller_inst/Controller_RHD_FIFO_1/FIFO_1/lscc_fifo_inst/fifo0/_FABRIC.u_fifo/MISC.rd_flag_addr_p1_r_i4 is a one-to-one match with \Controller_inst/Controller_RHD_FIFO_1/FIFO_1/lscc_fifo_inst/fifo0/_FABRIC.u_fifo/rd_addr_p1_r_i4.
Duplicate register/latch removal. \Controller_inst/Controller_RHD_FIFO_1/FIFO_1/lscc_fifo_inst/fifo0/_FABRIC.u_fifo/MISC.rd_flag_addr_p1_r_i3 is a one-to-one match with \Controller_inst/Controller_RHD_FIFO_1/FIFO_1/lscc_fifo_inst/fifo0/_FABRIC.u_fifo/rd_addr_p1_r_i3.
Duplicate register/latch removal. \Controller_inst/Controller_RHD_FIFO_1/FIFO_1/lscc_fifo_inst/fifo0/_FABRIC.u_fifo/MISC.rd_flag_addr_p1_r_i2 is a one-to-one match with \Controller_inst/Controller_RHD_FIFO_1/FIFO_1/lscc_fifo_inst/fifo0/_FABRIC.u_fifo/rd_addr_p1_r_i2.
Duplicate register/latch removal. \Controller_inst/Controller_RHD_FIFO_1/FIFO_1/lscc_fifo_inst/fifo0/_FABRIC.u_fifo/MISC.rd_flag_addr_p1_r_i1 is a one-to-one match with \Controller_inst/Controller_RHD_FIFO_1/FIFO_1/lscc_fifo_inst/fifo0/_FABRIC.u_fifo/rd_addr_p1_r_i1.
Duplicate register/latch removal. \Controller_inst/Controller_RHD_FIFO_1/FIFO_1/lscc_fifo_inst/fifo0/_FABRIC.u_fifo/MISC.rd_flag_addr_r_i7 is a one-to-one match with \Controller_inst/Controller_RHD_FIFO_1/FIFO_1/lscc_fifo_inst/fifo0/_FABRIC.u_fifo/rd_cmpaddr_r_i7.
Duplicate register/latch removal. \Controller_inst/Controller_RHD_FIFO_1/FIFO_1/lscc_fifo_inst/fifo0/_FABRIC.u_fifo/MISC.rd_flag_addr_r_i6 is a one-to-one match with \Controller_inst/Controller_RHD_FIFO_1/FIFO_1/lscc_fifo_inst/fifo0/_FABRIC.u_fifo/rd_cmpaddr_r_i6.
Duplicate register/latch removal. \Controller_inst/Controller_RHD_FIFO_1/FIFO_1/lscc_fifo_inst/fifo0/_FABRIC.u_fifo/MISC.rd_flag_addr_r_i5 is a one-to-one match with \Controller_inst/Controller_RHD_FIFO_1/FIFO_1/lscc_fifo_inst/fifo0/_FABRIC.u_fifo/rd_cmpaddr_r_i5.
Duplicate register/latch removal. \Controller_inst/Controller_RHD_FIFO_1/FIFO_1/lscc_fifo_inst/fifo0/_FABRIC.u_fifo/MISC.rd_flag_addr_r_i4 is a one-to-one match with \Controller_inst/Controller_RHD_FIFO_1/FIFO_1/lscc_fifo_inst/fifo0/_FABRIC.u_fifo/rd_cmpaddr_r_i4.
Duplicate register/latch removal. \Controller_inst/Controller_RHD_FIFO_1/FIFO_1/lscc_fifo_inst/fifo0/_FABRIC.u_fifo/MISC.rd_flag_addr_r_i3 is a one-to-one match with \Controller_inst/Controller_RHD_FIFO_1/FIFO_1/lscc_fifo_inst/fifo0/_FABRIC.u_fifo/rd_cmpaddr_r_i3.
Duplicate register/latch removal. \Controller_inst/Controller_RHD_FIFO_1/FIFO_1/lscc_fifo_inst/fifo0/_FABRIC.u_fifo/MISC.rd_flag_addr_r_i2 is a one-to-one match with \Controller_inst/Controller_RHD_FIFO_1/FIFO_1/lscc_fifo_inst/fifo0/_FABRIC.u_fifo/rd_cmpaddr_r_i2.
Duplicate register/latch removal. \Controller_inst/Controller_RHD_FIFO_1/FIFO_1/lscc_fifo_inst/fifo0/_FABRIC.u_fifo/MISC.rd_flag_addr_r_i1 is a one-to-one match with \Controller_inst/Controller_RHD_FIFO_1/FIFO_1/lscc_fifo_inst/fifo0/_FABRIC.u_fifo/rd_cmpaddr_r_i1.
Duplicate register/latch removal. \Controller_inst/Controller_RHD_FIFO_1/FIFO_1/lscc_fifo_inst/fifo0/_FABRIC.u_fifo/MISC.wr_flag_addr_p1_r_i8 is a one-to-one match with \Controller_inst/Controller_RHD_FIFO_1/FIFO_1/lscc_fifo_inst/fifo0/_FABRIC.u_fifo/wr_addr_p1cmp_r_i1.
Duplicate register/latch removal. \Controller_inst/Controller_RHD_FIFO_1/FIFO_1/lscc_fifo_inst/fifo0/_FABRIC.u_fifo/MISC.wr_flag_addr_p1_r_i7 is a one-to-one match with \Controller_inst/Controller_RHD_FIFO_1/FIFO_1/lscc_fifo_inst/fifo0/_FABRIC.u_fifo/wr_addr_p1_r_i7.
Duplicate register/latch removal. \Controller_inst/Controller_RHD_FIFO_1/FIFO_1/lscc_fifo_inst/fifo0/_FABRIC.u_fifo/MISC.wr_flag_addr_p1_r_i6 is a one-to-one match with \Controller_inst/Controller_RHD_FIFO_1/FIFO_1/lscc_fifo_inst/fifo0/_FABRIC.u_fifo/wr_addr_p1_r_i6.
Duplicate register/latch removal. \Controller_inst/Controller_RHD_FIFO_1/FIFO_1/lscc_fifo_inst/fifo0/_FABRIC.u_fifo/MISC.wr_flag_addr_p1_r_i5 is a one-to-one match with \Controller_inst/Controller_RHD_FIFO_1/FIFO_1/lscc_fifo_inst/fifo0/_FABRIC.u_fifo/wr_addr_p1_r_i5.
Duplicate register/latch removal. \Controller_inst/Controller_RHD_FIFO_1/FIFO_1/lscc_fifo_inst/fifo0/_FABRIC.u_fifo/MISC.wr_flag_addr_p1_r_i4 is a one-to-one match with \Controller_inst/Controller_RHD_FIFO_1/FIFO_1/lscc_fifo_inst/fifo0/_FABRIC.u_fifo/wr_addr_p1_r_i4.
Duplicate register/latch removal. \Controller_inst/Controller_RHD_FIFO_1/FIFO_1/lscc_fifo_inst/fifo0/_FABRIC.u_fifo/MISC.wr_flag_addr_p1_r_i3 is a one-to-one match with \Controller_inst/Controller_RHD_FIFO_1/FIFO_1/lscc_fifo_inst/fifo0/_FABRIC.u_fifo/wr_addr_p1_r_i3.
Duplicate register/latch removal. \Controller_inst/Controller_RHD_FIFO_1/FIFO_1/lscc_fifo_inst/fifo0/_FABRIC.u_fifo/MISC.wr_flag_addr_p1_r_i2 is a one-to-one match with \Controller_inst/Controller_RHD_FIFO_1/FIFO_1/lscc_fifo_inst/fifo0/_FABRIC.u_fifo/wr_addr_p1_r_i2.
Duplicate register/latch removal. \Controller_inst/Controller_RHD_FIFO_1/FIFO_1/lscc_fifo_inst/fifo0/_FABRIC.u_fifo/MISC.wr_flag_addr_p1_r_i1 is a one-to-one match with \Controller_inst/Controller_RHD_FIFO_1/FIFO_1/lscc_fifo_inst/fifo0/_FABRIC.u_fifo/wr_addr_p1_r_i1.
Duplicate register/latch removal. \Controller_inst/Controller_RHD_FIFO_1/FIFO_1/lscc_fifo_inst/fifo0/_FABRIC.u_fifo/MISC.wr_flag_addr_r_i7 is a one-to-one match with \Controller_inst/Controller_RHD_FIFO_1/FIFO_1/lscc_fifo_inst/fifo0/_FABRIC.u_fifo/wr_cmpaddr_r_i7.
Duplicate register/latch removal. \Controller_inst/Controller_RHD_FIFO_1/FIFO_1/lscc_fifo_inst/fifo0/_FABRIC.u_fifo/MISC.wr_flag_addr_r_i6 is a one-to-one match with \Controller_inst/Controller_RHD_FIFO_1/FIFO_1/lscc_fifo_inst/fifo0/_FABRIC.u_fifo/wr_cmpaddr_r_i6.
Duplicate register/latch removal. \Controller_inst/Controller_RHD_FIFO_1/FIFO_1/lscc_fifo_inst/fifo0/_FABRIC.u_fifo/MISC.wr_flag_addr_r_i5 is a one-to-one match with \Controller_inst/Controller_RHD_FIFO_1/FIFO_1/lscc_fifo_inst/fifo0/_FABRIC.u_fifo/wr_cmpaddr_r_i5.
Duplicate register/latch removal. \Controller_inst/Controller_RHD_FIFO_1/FIFO_1/lscc_fifo_inst/fifo0/_FABRIC.u_fifo/MISC.wr_flag_addr_r_i4 is a one-to-one match with \Controller_inst/Controller_RHD_FIFO_1/FIFO_1/lscc_fifo_inst/fifo0/_FABRIC.u_fifo/wr_cmpaddr_r_i4.
Duplicate register/latch removal. \Controller_inst/Controller_RHD_FIFO_1/FIFO_1/lscc_fifo_inst/fifo0/_FABRIC.u_fifo/MISC.wr_flag_addr_r_i3 is a one-to-one match with \Controller_inst/Controller_RHD_FIFO_1/FIFO_1/lscc_fifo_inst/fifo0/_FABRIC.u_fifo/wr_cmpaddr_r_i3.
Duplicate register/latch removal. \Controller_inst/Controller_RHD_FIFO_1/FIFO_1/lscc_fifo_inst/fifo0/_FABRIC.u_fifo/MISC.wr_flag_addr_r_i2 is a one-to-one match with \Controller_inst/Controller_RHD_FIFO_1/FIFO_1/lscc_fifo_inst/fifo0/_FABRIC.u_fifo/wr_cmpaddr_r_i2.
Duplicate register/latch removal. \Controller_inst/Controller_RHD_FIFO_1/FIFO_1/lscc_fifo_inst/fifo0/_FABRIC.u_fifo/MISC.wr_flag_addr_r_i1 is a one-to-one match with \Controller_inst/Controller_RHD_FIFO_1/FIFO_1/lscc_fifo_inst/fifo0/_FABRIC.u_fifo/wr_cmpaddr_r_i1.
Duplicate register/latch removal. \Controller_inst/Controller_RHD_FIFO_1/FIFO_1/lscc_fifo_inst/fifo0/_FABRIC.u_fifo/raddr_r_i7 is a one-to-one match with \Controller_inst/Controller_RHD_FIFO_1/FIFO_1/lscc_fifo_inst/fifo0/_FABRIC.u_fifo/MISC.rd_flag_addr_r_i7.
Duplicate register/latch removal. \Controller_inst/Controller_RHD_FIFO_1/FIFO_1/lscc_fifo_inst/fifo0/_FABRIC.u_fifo/raddr_r_i6 is a one-to-one match with \Controller_inst/Controller_RHD_FIFO_1/FIFO_1/lscc_fifo_inst/fifo0/_FABRIC.u_fifo/MISC.rd_flag_addr_r_i6.
Duplicate register/latch removal. \Controller_inst/Controller_RHD_FIFO_1/FIFO_1/lscc_fifo_inst/fifo0/_FABRIC.u_fifo/raddr_r_i5 is a one-to-one match with \Controller_inst/Controller_RHD_FIFO_1/FIFO_1/lscc_fifo_inst/fifo0/_FABRIC.u_fifo/MISC.rd_flag_addr_r_i5.
Duplicate register/latch removal. \Controller_inst/Controller_RHD_FIFO_1/FIFO_1/lscc_fifo_inst/fifo0/_FABRIC.u_fifo/raddr_r_i4 is a one-to-one match with \Controller_inst/Controller_RHD_FIFO_1/FIFO_1/lscc_fifo_inst/fifo0/_FABRIC.u_fifo/MISC.rd_flag_addr_r_i4.
Duplicate register/latch removal. \Controller_inst/Controller_RHD_FIFO_1/FIFO_1/lscc_fifo_inst/fifo0/_FABRIC.u_fifo/raddr_r_i3 is a one-to-one match with \Controller_inst/Controller_RHD_FIFO_1/FIFO_1/lscc_fifo_inst/fifo0/_FABRIC.u_fifo/MISC.rd_flag_addr_r_i3.
Duplicate register/latch removal. \Controller_inst/Controller_RHD_FIFO_1/FIFO_1/lscc_fifo_inst/fifo0/_FABRIC.u_fifo/raddr_r_i2 is a one-to-one match with \Controller_inst/Controller_RHD_FIFO_1/FIFO_1/lscc_fifo_inst/fifo0/_FABRIC.u_fifo/MISC.rd_flag_addr_r_i2.
Duplicate register/latch removal. \Controller_inst/Controller_RHD_FIFO_1/FIFO_1/lscc_fifo_inst/fifo0/_FABRIC.u_fifo/raddr_r_i1 is a one-to-one match with \Controller_inst/Controller_RHD_FIFO_1/FIFO_1/lscc_fifo_inst/fifo0/_FABRIC.u_fifo/MISC.rd_flag_addr_r_i1.
Duplicate register/latch removal. \Controller_inst/Controller_RHD_FIFO_1/FIFO_1/lscc_fifo_inst/fifo0/_FABRIC.u_fifo/rd_addr_p1cmp_r_i8 is a one-to-one match with \Controller_inst/Controller_RHD_FIFO_1/FIFO_1/lscc_fifo_inst/fifo0/_FABRIC.u_fifo/MISC.rd_flag_addr_p1_r_i8.
Duplicate register/latch removal. \Controller_inst/Controller_RHD_FIFO_1/FIFO_1/lscc_fifo_inst/fifo0/_FABRIC.u_fifo/rd_addr_p1cmp_r_i7 is a one-to-one match with \Controller_inst/Controller_RHD_FIFO_1/FIFO_1/lscc_fifo_inst/fifo0/_FABRIC.u_fifo/MISC.rd_flag_addr_p1_r_i7.
Duplicate register/latch removal. \Controller_inst/Controller_RHD_FIFO_1/FIFO_1/lscc_fifo_inst/fifo0/_FABRIC.u_fifo/rd_addr_p1cmp_r_i6 is a one-to-one match with \Controller_inst/Controller_RHD_FIFO_1/FIFO_1/lscc_fifo_inst/fifo0/_FABRIC.u_fifo/MISC.rd_flag_addr_p1_r_i6.
Duplicate register/latch removal. \Controller_inst/Controller_RHD_FIFO_1/FIFO_1/lscc_fifo_inst/fifo0/_FABRIC.u_fifo/rd_addr_p1cmp_r_i5 is a one-to-one match with \Controller_inst/Controller_RHD_FIFO_1/FIFO_1/lscc_fifo_inst/fifo0/_FABRIC.u_fifo/MISC.rd_flag_addr_p1_r_i5.
Duplicate register/latch removal. \Controller_inst/Controller_RHD_FIFO_1/FIFO_1/lscc_fifo_inst/fifo0/_FABRIC.u_fifo/rd_addr_p1cmp_r_i4 is a one-to-one match with \Controller_inst/Controller_RHD_FIFO_1/FIFO_1/lscc_fifo_inst/fifo0/_FABRIC.u_fifo/MISC.rd_flag_addr_p1_r_i4.
Duplicate register/latch removal. \Controller_inst/Controller_RHD_FIFO_1/FIFO_1/lscc_fifo_inst/fifo0/_FABRIC.u_fifo/rd_addr_p1cmp_r_i3 is a one-to-one match with \Controller_inst/Controller_RHD_FIFO_1/FIFO_1/lscc_fifo_inst/fifo0/_FABRIC.u_fifo/MISC.rd_flag_addr_p1_r_i3.
Duplicate register/latch removal. \Controller_inst/Controller_RHD_FIFO_1/FIFO_1/lscc_fifo_inst/fifo0/_FABRIC.u_fifo/rd_addr_p1cmp_r_i2 is a one-to-one match with \Controller_inst/Controller_RHD_FIFO_1/FIFO_1/lscc_fifo_inst/fifo0/_FABRIC.u_fifo/MISC.rd_flag_addr_p1_r_i2.
Duplicate register/latch removal. \Controller_inst/Controller_RHD_FIFO_1/FIFO_1/lscc_fifo_inst/fifo0/_FABRIC.u_fifo/rd_addr_p1cmp_r_i1 is a one-to-one match with \Controller_inst/Controller_RHD_FIFO_1/FIFO_1/lscc_fifo_inst/fifo0/_FABRIC.u_fifo/MISC.rd_flag_addr_p1_r_i1.
Duplicate register/latch removal. \Controller_inst/Controller_RHD_FIFO_1/FIFO_1/lscc_fifo_inst/fifo0/_FABRIC.u_fifo/wr_cmpaddr_p1_r_i7 is a one-to-one match with \Controller_inst/Controller_RHD_FIFO_1/FIFO_1/lscc_fifo_inst/fifo0/_FABRIC.u_fifo/MISC.wr_flag_addr_p1_r_i7.
Duplicate register/latch removal. \Controller_inst/Controller_RHD_FIFO_1/FIFO_1/lscc_fifo_inst/fifo0/_FABRIC.u_fifo/wr_cmpaddr_p1_r_i6 is a one-to-one match with \Controller_inst/Controller_RHD_FIFO_1/FIFO_1/lscc_fifo_inst/fifo0/_FABRIC.u_fifo/MISC.wr_flag_addr_p1_r_i6.
Duplicate register/latch removal. \Controller_inst/Controller_RHD_FIFO_1/FIFO_1/lscc_fifo_inst/fifo0/_FABRIC.u_fifo/wr_cmpaddr_p1_r_i5 is a one-to-one match with \Controller_inst/Controller_RHD_FIFO_1/FIFO_1/lscc_fifo_inst/fifo0/_FABRIC.u_fifo/MISC.wr_flag_addr_p1_r_i5.
Duplicate register/latch removal. \Controller_inst/Controller_RHD_FIFO_1/FIFO_1/lscc_fifo_inst/fifo0/_FABRIC.u_fifo/wr_cmpaddr_p1_r_i4 is a one-to-one match with \Controller_inst/Controller_RHD_FIFO_1/FIFO_1/lscc_fifo_inst/fifo0/_FABRIC.u_fifo/MISC.wr_flag_addr_p1_r_i4.
Duplicate register/latch removal. \Controller_inst/Controller_RHD_FIFO_1/FIFO_1/lscc_fifo_inst/fifo0/_FABRIC.u_fifo/wr_cmpaddr_p1_r_i3 is a one-to-one match with \Controller_inst/Controller_RHD_FIFO_1/FIFO_1/lscc_fifo_inst/fifo0/_FABRIC.u_fifo/MISC.wr_flag_addr_p1_r_i3.
Duplicate register/latch removal. \Controller_inst/Controller_RHD_FIFO_1/FIFO_1/lscc_fifo_inst/fifo0/_FABRIC.u_fifo/wr_cmpaddr_p1_r_i2 is a one-to-one match with \Controller_inst/Controller_RHD_FIFO_1/FIFO_1/lscc_fifo_inst/fifo0/_FABRIC.u_fifo/MISC.wr_flag_addr_p1_r_i2.
Duplicate register/latch removal. \Controller_inst/Controller_RHD_FIFO_1/FIFO_1/lscc_fifo_inst/fifo0/_FABRIC.u_fifo/wr_cmpaddr_p1_r_i1 is a one-to-one match with \Controller_inst/Controller_RHD_FIFO_1/FIFO_1/lscc_fifo_inst/fifo0/_FABRIC.u_fifo/MISC.wr_flag_addr_p1_r_i1.
Duplicate register/latch removal. \Controller_inst/Controller_RHD_FIFO_1/FIFO_1/lscc_fifo_inst/fifo0/_FABRIC.u_fifo/waddr_r_i7 is a one-to-one match with \Controller_inst/Controller_RHD_FIFO_1/FIFO_1/lscc_fifo_inst/fifo0/_FABRIC.u_fifo/MISC.wr_flag_addr_r_i7.
Duplicate register/latch removal. \Controller_inst/Controller_RHD_FIFO_1/FIFO_1/lscc_fifo_inst/fifo0/_FABRIC.u_fifo/waddr_r_i6 is a one-to-one match with \Controller_inst/Controller_RHD_FIFO_1/FIFO_1/lscc_fifo_inst/fifo0/_FABRIC.u_fifo/MISC.wr_flag_addr_r_i6.
Duplicate register/latch removal. \Controller_inst/Controller_RHD_FIFO_1/FIFO_1/lscc_fifo_inst/fifo0/_FABRIC.u_fifo/waddr_r_i5 is a one-to-one match with \Controller_inst/Controller_RHD_FIFO_1/FIFO_1/lscc_fifo_inst/fifo0/_FABRIC.u_fifo/MISC.wr_flag_addr_r_i5.
Duplicate register/latch removal. \Controller_inst/Controller_RHD_FIFO_1/FIFO_1/lscc_fifo_inst/fifo0/_FABRIC.u_fifo/waddr_r_i4 is a one-to-one match with \Controller_inst/Controller_RHD_FIFO_1/FIFO_1/lscc_fifo_inst/fifo0/_FABRIC.u_fifo/MISC.wr_flag_addr_r_i4.
Duplicate register/latch removal. \Controller_inst/Controller_RHD_FIFO_1/FIFO_1/lscc_fifo_inst/fifo0/_FABRIC.u_fifo/waddr_r_i3 is a one-to-one match with \Controller_inst/Controller_RHD_FIFO_1/FIFO_1/lscc_fifo_inst/fifo0/_FABRIC.u_fifo/MISC.wr_flag_addr_r_i3.
Duplicate register/latch removal. \Controller_inst/Controller_RHD_FIFO_1/FIFO_1/lscc_fifo_inst/fifo0/_FABRIC.u_fifo/waddr_r_i2 is a one-to-one match with \Controller_inst/Controller_RHD_FIFO_1/FIFO_1/lscc_fifo_inst/fifo0/_FABRIC.u_fifo/MISC.wr_flag_addr_r_i2.
Duplicate register/latch removal. \Controller_inst/Controller_RHD_FIFO_1/FIFO_1/lscc_fifo_inst/fifo0/_FABRIC.u_fifo/waddr_r_i1 is a one-to-one match with \Controller_inst/Controller_RHD_FIFO_1/FIFO_1/lscc_fifo_inst/fifo0/_FABRIC.u_fifo/MISC.wr_flag_addr_r_i1.
Duplicate register/latch removal. \Controller_inst/Controller_RHD_FIFO_1/FIFO_1/lscc_fifo_inst/fifo0/_FABRIC.u_fifo/full_r is a one-to-one match with \Controller_inst/Controller_RHD_FIFO_1/FIFO_1/lscc_fifo_inst/fifo0/_FABRIC.u_fifo/MISC.full_flag_r.
Duplicate register/latch removal. \Controller_inst/Controller_RHD_FIFO_1/FIFO_1/lscc_fifo_inst/fifo0/_FABRIC.u_fifo/full_mem_r is a one-to-one match with \Controller_inst/Controller_RHD_FIFO_1/FIFO_1/lscc_fifo_inst/fifo0/_FABRIC.u_fifo/full_r.
Duplicate register/latch removal. \Controller_inst/Controller_RHD_FIFO_1/FIFO_1/lscc_fifo_inst/fifo0/_FABRIC.u_fifo/empty_r is a one-to-one match with \Controller_inst/Controller_RHD_FIFO_1/FIFO_1/lscc_fifo_inst/fifo0/_FABRIC.u_fifo/MISC.empty_flag_r.
Duplicate register/latch removal. \Controller_inst/Controller_RHD_FIFO_1/FIFO_1/lscc_fifo_inst/fifo0/_FABRIC.u_fifo/empty_mem_r is a one-to-one match with \Controller_inst/Controller_RHD_FIFO_1/FIFO_1/lscc_fifo_inst/fifo0/_FABRIC.u_fifo/empty_r.
Duplicate register/latch removal. \Controller_inst/Controller_RHD_FIFO_1/FIFO_1/lscc_fifo_inst/fifo0/_FABRIC.u_fifo/wr_addr_p1_r_i0 is a one-to-one match with \Controller_inst/Controller_RHD_FIFO_1/FIFO_1/lscc_fifo_inst/fifo0/_FABRIC.u_fifo/MISC.wr_flag_addr_p1_r_i0.
Duplicate register/latch removal. \Controller_inst/Controller_RHD_FIFO_1/FIFO_1/lscc_fifo_inst/fifo0/_FABRIC.u_fifo/wr_cmpaddr_r_i0 is a one-to-one match with \Controller_inst/Controller_RHD_FIFO_1/FIFO_1/lscc_fifo_inst/fifo0/_FABRIC.u_fifo/MISC.wr_flag_addr_r_i0.
Duplicate register/latch removal. \Controller_inst/Controller_RHD_FIFO_1/FIFO_1/lscc_fifo_inst/fifo0/_FABRIC.u_fifo/wr_addr_p1cmp_r_i1 is a one-to-one match with \Controller_inst/Controller_RHD_FIFO_1/FIFO_1/lscc_fifo_inst/fifo0/_FABRIC.u_fifo/wr_addr_p1_r_i8.
Duplicate register/latch removal. \Controller_inst/Controller_RHD_FIFO_1/FIFO_1/lscc_fifo_inst/fifo0/_FABRIC.u_fifo/waddr_r_i0 is a one-to-one match with \Controller_inst/Controller_RHD_FIFO_1/FIFO_1/lscc_fifo_inst/fifo0/_FABRIC.u_fifo/wr_cmpaddr_r_i0.
Duplicate register/latch removal. \Controller_inst/Controller_RHD_FIFO_1/FIFO_1/lscc_fifo_inst/fifo0/_FABRIC.u_fifo/wr_cmpaddr_p1_r_i0 is a one-to-one match with \Controller_inst/Controller_RHD_FIFO_1/FIFO_1/lscc_fifo_inst/fifo0/_FABRIC.u_fifo/wr_addr_p1_r_i0.
Duplicate register/latch removal. \Controller_inst/Controller_RHD_FIFO_1/FIFO_1/lscc_fifo_inst/fifo0/_FABRIC.u_fifo/rd_addr_p1_r_i0 is a one-to-one match with \Controller_inst/Controller_RHD_FIFO_1/FIFO_1/lscc_fifo_inst/fifo0/_FABRIC.u_fifo/MISC.rd_flag_addr_p1_r_i0.
Duplicate register/latch removal. \Controller_inst/Controller_RHD_FIFO_1/FIFO_1/lscc_fifo_inst/fifo0/_FABRIC.u_fifo/rd_addr_p1cmp_r_i0 is a one-to-one match with \Controller_inst/Controller_RHD_FIFO_1/FIFO_1/lscc_fifo_inst/fifo0/_FABRIC.u_fifo/rd_addr_p1_r_i0.
Duplicate register/latch removal. \Controller_inst/Controller_RHD_FIFO_1/FIFO_1/lscc_fifo_inst/fifo0/_FABRIC.u_fifo/rd_cmpaddr_r_i0 is a one-to-one match with \Controller_inst/Controller_RHD_FIFO_1/FIFO_1/lscc_fifo_inst/fifo0/_FABRIC.u_fifo/MISC.rd_flag_addr_r_i0.
Duplicate register/latch removal. \Controller_inst/Controller_RHD_FIFO_1/FIFO_1/lscc_fifo_inst/fifo0/_FABRIC.u_fifo/raddr_r_i0 is a one-to-one match with \Controller_inst/Controller_RHD_FIFO_1/FIFO_1/lscc_fifo_inst/fifo0/_FABRIC.u_fifo/rd_cmpaddr_r_i0.
Duplicate register/latch removal. \Controller_inst/Controller_RHD_FIFO_1/FIFO_1/lscc_fifo_inst/fifo0/_FABRIC.u_fifo/MISC.rd_flag_addr_p1_r_i8 is a one-to-one match with \Controller_inst/Controller_RHD_FIFO_1/FIFO_1/lscc_fifo_inst/fifo0/_FABRIC.u_fifo/rd_addr_p1_r_i8.
Duplicate register/latch removal. \Controller_inst/Controller_RHD_FIFO_1/FIFO_1/lscc_fifo_inst/fifo0/_FABRIC.u_fifo/MISC.rd_flag_addr_p1_r_i7 is a one-to-one match with \Controller_inst/Controller_RHD_FIFO_1/FIFO_1/lscc_fifo_inst/fifo0/_FABRIC.u_fifo/rd_addr_p1_r_i7.
Duplicate register/latch removal. \Controller_inst/Controller_RHD_FIFO_1/FIFO_1/lscc_fifo_inst/fifo0/_FABRIC.u_fifo/MISC.rd_flag_addr_p1_r_i6 is a one-to-one match with \Controller_inst/Controller_RHD_FIFO_1/FIFO_1/lscc_fifo_inst/fifo0/_FABRIC.u_fifo/rd_addr_p1_r_i6.
Duplicate register/latch removal. \Controller_inst/Controller_RHD_FIFO_1/FIFO_1/lscc_fifo_inst/fifo0/_FABRIC.u_fifo/MISC.rd_flag_addr_p1_r_i5 is a one-to-one match with \Controller_inst/Controller_RHD_FIFO_1/FIFO_1/lscc_fifo_inst/fifo0/_FABRIC.u_fifo/rd_addr_p1_r_i5.
Duplicate register/latch removal. \Controller_inst/Controller_RHD_FIFO_1/FIFO_1/lscc_fifo_inst/fifo0/_FABRIC.u_fifo/MISC.rd_flag_addr_p1_r_i4 is a one-to-one match with \Controller_inst/Controller_RHD_FIFO_1/FIFO_1/lscc_fifo_inst/fifo0/_FABRIC.u_fifo/rd_addr_p1_r_i4.
Duplicate register/latch removal. \Controller_inst/Controller_RHD_FIFO_1/FIFO_1/lscc_fifo_inst/fifo0/_FABRIC.u_fifo/MISC.rd_flag_addr_p1_r_i3 is a one-to-one match with \Controller_inst/Controller_RHD_FIFO_1/FIFO_1/lscc_fifo_inst/fifo0/_FABRIC.u_fifo/rd_addr_p1_r_i3.
Duplicate register/latch removal. \Controller_inst/Controller_RHD_FIFO_1/FIFO_1/lscc_fifo_inst/fifo0/_FABRIC.u_fifo/MISC.rd_flag_addr_p1_r_i2 is a one-to-one match with \Controller_inst/Controller_RHD_FIFO_1/FIFO_1/lscc_fifo_inst/fifo0/_FABRIC.u_fifo/rd_addr_p1_r_i2.
Duplicate register/latch removal. \Controller_inst/Controller_RHD_FIFO_1/FIFO_1/lscc_fifo_inst/fifo0/_FABRIC.u_fifo/MISC.rd_flag_addr_p1_r_i1 is a one-to-one match with \Controller_inst/Controller_RHD_FIFO_1/FIFO_1/lscc_fifo_inst/fifo0/_FABRIC.u_fifo/rd_addr_p1_r_i1.
Duplicate register/latch removal. \Controller_inst/Controller_RHD_FIFO_1/FIFO_1/lscc_fifo_inst/fifo0/_FABRIC.u_fifo/MISC.rd_flag_addr_r_i7 is a one-to-one match with \Controller_inst/Controller_RHD_FIFO_1/FIFO_1/lscc_fifo_inst/fifo0/_FABRIC.u_fifo/rd_cmpaddr_r_i7.
Duplicate register/latch removal. \Controller_inst/Controller_RHD_FIFO_1/FIFO_1/lscc_fifo_inst/fifo0/_FABRIC.u_fifo/MISC.rd_flag_addr_r_i6 is a one-to-one match with \Controller_inst/Controller_RHD_FIFO_1/FIFO_1/lscc_fifo_inst/fifo0/_FABRIC.u_fifo/rd_cmpaddr_r_i6.
Duplicate register/latch removal. \Controller_inst/Controller_RHD_FIFO_1/FIFO_1/lscc_fifo_inst/fifo0/_FABRIC.u_fifo/MISC.rd_flag_addr_r_i5 is a one-to-one match with \Controller_inst/Controller_RHD_FIFO_1/FIFO_1/lscc_fifo_inst/fifo0/_FABRIC.u_fifo/rd_cmpaddr_r_i5.
Duplicate register/latch removal. \Controller_inst/Controller_RHD_FIFO_1/FIFO_1/lscc_fifo_inst/fifo0/_FABRIC.u_fifo/MISC.rd_flag_addr_r_i4 is a one-to-one match with \Controller_inst/Controller_RHD_FIFO_1/FIFO_1/lscc_fifo_inst/fifo0/_FABRIC.u_fifo/rd_cmpaddr_r_i4.
Duplicate register/latch removal. \Controller_inst/Controller_RHD_FIFO_1/FIFO_1/lscc_fifo_inst/fifo0/_FABRIC.u_fifo/MISC.rd_flag_addr_r_i3 is a one-to-one match with \Controller_inst/Controller_RHD_FIFO_1/FIFO_1/lscc_fifo_inst/fifo0/_FABRIC.u_fifo/rd_cmpaddr_r_i3.
Duplicate register/latch removal. \Controller_inst/Controller_RHD_FIFO_1/FIFO_1/lscc_fifo_inst/fifo0/_FABRIC.u_fifo/MISC.rd_flag_addr_r_i2 is a one-to-one match with \Controller_inst/Controller_RHD_FIFO_1/FIFO_1/lscc_fifo_inst/fifo0/_FABRIC.u_fifo/rd_cmpaddr_r_i2.
Duplicate register/latch removal. \Controller_inst/Controller_RHD_FIFO_1/FIFO_1/lscc_fifo_inst/fifo0/_FABRIC.u_fifo/MISC.rd_flag_addr_r_i1 is a one-to-one match with \Controller_inst/Controller_RHD_FIFO_1/FIFO_1/lscc_fifo_inst/fifo0/_FABRIC.u_fifo/rd_cmpaddr_r_i1.
Duplicate register/latch removal. \Controller_inst/Controller_RHD_FIFO_1/FIFO_1/lscc_fifo_inst/fifo0/_FABRIC.u_fifo/MISC.wr_flag_addr_p1_r_i8 is a one-to-one match with \Controller_inst/Controller_RHD_FIFO_1/FIFO_1/lscc_fifo_inst/fifo0/_FABRIC.u_fifo/wr_addr_p1cmp_r_i1.
Duplicate register/latch removal. \Controller_inst/Controller_RHD_FIFO_1/FIFO_1/lscc_fifo_inst/fifo0/_FABRIC.u_fifo/MISC.wr_flag_addr_p1_r_i7 is a one-to-one match with \Controller_inst/Controller_RHD_FIFO_1/FIFO_1/lscc_fifo_inst/fifo0/_FABRIC.u_fifo/wr_addr_p1_r_i7.
Duplicate register/latch removal. \Controller_inst/Controller_RHD_FIFO_1/FIFO_1/lscc_fifo_inst/fifo0/_FABRIC.u_fifo/MISC.wr_flag_addr_p1_r_i6 is a one-to-one match with \Controller_inst/Controller_RHD_FIFO_1/FIFO_1/lscc_fifo_inst/fifo0/_FABRIC.u_fifo/wr_addr_p1_r_i6.
Duplicate register/latch removal. \Controller_inst/Controller_RHD_FIFO_1/FIFO_1/lscc_fifo_inst/fifo0/_FABRIC.u_fifo/MISC.wr_flag_addr_p1_r_i5 is a one-to-one match with \Controller_inst/Controller_RHD_FIFO_1/FIFO_1/lscc_fifo_inst/fifo0/_FABRIC.u_fifo/wr_addr_p1_r_i5.
Duplicate register/latch removal. \Controller_inst/Controller_RHD_FIFO_1/FIFO_1/lscc_fifo_inst/fifo0/_FABRIC.u_fifo/MISC.wr_flag_addr_p1_r_i4 is a one-to-one match with \Controller_inst/Controller_RHD_FIFO_1/FIFO_1/lscc_fifo_inst/fifo0/_FABRIC.u_fifo/wr_addr_p1_r_i4.
Duplicate register/latch removal. \Controller_inst/Controller_RHD_FIFO_1/FIFO_1/lscc_fifo_inst/fifo0/_FABRIC.u_fifo/MISC.wr_flag_addr_p1_r_i3 is a one-to-one match with \Controller_inst/Controller_RHD_FIFO_1/FIFO_1/lscc_fifo_inst/fifo0/_FABRIC.u_fifo/wr_addr_p1_r_i3.
Duplicate register/latch removal. \Controller_inst/Controller_RHD_FIFO_1/FIFO_1/lscc_fifo_inst/fifo0/_FABRIC.u_fifo/MISC.wr_flag_addr_p1_r_i2 is a one-to-one match with \Controller_inst/Controller_RHD_FIFO_1/FIFO_1/lscc_fifo_inst/fifo0/_FABRIC.u_fifo/wr_addr_p1_r_i2.
Duplicate register/latch removal. \Controller_inst/Controller_RHD_FIFO_1/FIFO_1/lscc_fifo_inst/fifo0/_FABRIC.u_fifo/MISC.wr_flag_addr_p1_r_i1 is a one-to-one match with \Controller_inst/Controller_RHD_FIFO_1/FIFO_1/lscc_fifo_inst/fifo0/_FABRIC.u_fifo/wr_addr_p1_r_i1.
Duplicate register/latch removal. \Controller_inst/Controller_RHD_FIFO_1/FIFO_1/lscc_fifo_inst/fifo0/_FABRIC.u_fifo/MISC.wr_flag_addr_r_i7 is a one-to-one match with \Controller_inst/Controller_RHD_FIFO_1/FIFO_1/lscc_fifo_inst/fifo0/_FABRIC.u_fifo/wr_cmpaddr_r_i7.
Duplicate register/latch removal. \Controller_inst/Controller_RHD_FIFO_1/FIFO_1/lscc_fifo_inst/fifo0/_FABRIC.u_fifo/MISC.wr_flag_addr_r_i6 is a one-to-one match with \Controller_inst/Controller_RHD_FIFO_1/FIFO_1/lscc_fifo_inst/fifo0/_FABRIC.u_fifo/wr_cmpaddr_r_i6.
Duplicate register/latch removal. \Controller_inst/Controller_RHD_FIFO_1/FIFO_1/lscc_fifo_inst/fifo0/_FABRIC.u_fifo/MISC.wr_flag_addr_r_i5 is a one-to-one match with \Controller_inst/Controller_RHD_FIFO_1/FIFO_1/lscc_fifo_inst/fifo0/_FABRIC.u_fifo/wr_cmpaddr_r_i5.
Duplicate register/latch removal. \Controller_inst/Controller_RHD_FIFO_1/FIFO_1/lscc_fifo_inst/fifo0/_FABRIC.u_fifo/MISC.wr_flag_addr_r_i4 is a one-to-one match with \Controller_inst/Controller_RHD_FIFO_1/FIFO_1/lscc_fifo_inst/fifo0/_FABRIC.u_fifo/wr_cmpaddr_r_i4.
Duplicate register/latch removal. \Controller_inst/Controller_RHD_FIFO_1/FIFO_1/lscc_fifo_inst/fifo0/_FABRIC.u_fifo/MISC.wr_flag_addr_r_i3 is a one-to-one match with \Controller_inst/Controller_RHD_FIFO_1/FIFO_1/lscc_fifo_inst/fifo0/_FABRIC.u_fifo/wr_cmpaddr_r_i3.
Duplicate register/latch removal. \Controller_inst/Controller_RHD_FIFO_1/FIFO_1/lscc_fifo_inst/fifo0/_FABRIC.u_fifo/MISC.wr_flag_addr_r_i2 is a one-to-one match with \Controller_inst/Controller_RHD_FIFO_1/FIFO_1/lscc_fifo_inst/fifo0/_FABRIC.u_fifo/wr_cmpaddr_r_i2.
Duplicate register/latch removal. \Controller_inst/Controller_RHD_FIFO_1/FIFO_1/lscc_fifo_inst/fifo0/_FABRIC.u_fifo/MISC.wr_flag_addr_r_i1 is a one-to-one match with \Controller_inst/Controller_RHD_FIFO_1/FIFO_1/lscc_fifo_inst/fifo0/_FABRIC.u_fifo/wr_cmpaddr_r_i1.
Duplicate register/latch removal. \Controller_inst/Controller_RHD_FIFO_1/FIFO_1/lscc_fifo_inst/fifo0/_FABRIC.u_fifo/raddr_r_i7 is a one-to-one match with \Controller_inst/Controller_RHD_FIFO_1/FIFO_1/lscc_fifo_inst/fifo0/_FABRIC.u_fifo/MISC.rd_flag_addr_r_i7.
Duplicate register/latch removal. \Controller_inst/Controller_RHD_FIFO_1/FIFO_1/lscc_fifo_inst/fifo0/_FABRIC.u_fifo/raddr_r_i6 is a one-to-one match with \Controller_inst/Controller_RHD_FIFO_1/FIFO_1/lscc_fifo_inst/fifo0/_FABRIC.u_fifo/MISC.rd_flag_addr_r_i6.
Duplicate register/latch removal. \Controller_inst/Controller_RHD_FIFO_1/FIFO_1/lscc_fifo_inst/fifo0/_FABRIC.u_fifo/raddr_r_i5 is a one-to-one match with \Controller_inst/Controller_RHD_FIFO_1/FIFO_1/lscc_fifo_inst/fifo0/_FABRIC.u_fifo/MISC.rd_flag_addr_r_i5.
Duplicate register/latch removal. \Controller_inst/Controller_RHD_FIFO_1/FIFO_1/lscc_fifo_inst/fifo0/_FABRIC.u_fifo/raddr_r_i4 is a one-to-one match with \Controller_inst/Controller_RHD_FIFO_1/FIFO_1/lscc_fifo_inst/fifo0/_FABRIC.u_fifo/MISC.rd_flag_addr_r_i4.
Duplicate register/latch removal. \Controller_inst/Controller_RHD_FIFO_1/FIFO_1/lscc_fifo_inst/fifo0/_FABRIC.u_fifo/raddr_r_i3 is a one-to-one match with \Controller_inst/Controller_RHD_FIFO_1/FIFO_1/lscc_fifo_inst/fifo0/_FABRIC.u_fifo/MISC.rd_flag_addr_r_i3.
Duplicate register/latch removal. \Controller_inst/Controller_RHD_FIFO_1/FIFO_1/lscc_fifo_inst/fifo0/_FABRIC.u_fifo/raddr_r_i2 is a one-to-one match with \Controller_inst/Controller_RHD_FIFO_1/FIFO_1/lscc_fifo_inst/fifo0/_FABRIC.u_fifo/MISC.rd_flag_addr_r_i2.
Duplicate register/latch removal. \Controller_inst/Controller_RHD_FIFO_1/FIFO_1/lscc_fifo_inst/fifo0/_FABRIC.u_fifo/raddr_r_i1 is a one-to-one match with \Controller_inst/Controller_RHD_FIFO_1/FIFO_1/lscc_fifo_inst/fifo0/_FABRIC.u_fifo/MISC.rd_flag_addr_r_i1.
Duplicate register/latch removal. \Controller_inst/Controller_RHD_FIFO_1/FIFO_1/lscc_fifo_inst/fifo0/_FABRIC.u_fifo/rd_addr_p1cmp_r_i8 is a one-to-one match with \Controller_inst/Controller_RHD_FIFO_1/FIFO_1/lscc_fifo_inst/fifo0/_FABRIC.u_fifo/MISC.rd_flag_addr_p1_r_i8.
Duplicate register/latch removal. \Controller_inst/Controller_RHD_FIFO_1/FIFO_1/lscc_fifo_inst/fifo0/_FABRIC.u_fifo/rd_addr_p1cmp_r_i7 is a one-to-one match with \Controller_inst/Controller_RHD_FIFO_1/FIFO_1/lscc_fifo_inst/fifo0/_FABRIC.u_fifo/MISC.rd_flag_addr_p1_r_i7.
Duplicate register/latch removal. \Controller_inst/Controller_RHD_FIFO_1/FIFO_1/lscc_fifo_inst/fifo0/_FABRIC.u_fifo/rd_addr_p1cmp_r_i6 is a one-to-one match with \Controller_inst/Controller_RHD_FIFO_1/FIFO_1/lscc_fifo_inst/fifo0/_FABRIC.u_fifo/MISC.rd_flag_addr_p1_r_i6.
Duplicate register/latch removal. \Controller_inst/Controller_RHD_FIFO_1/FIFO_1/lscc_fifo_inst/fifo0/_FABRIC.u_fifo/rd_addr_p1cmp_r_i5 is a one-to-one match with \Controller_inst/Controller_RHD_FIFO_1/FIFO_1/lscc_fifo_inst/fifo0/_FABRIC.u_fifo/MISC.rd_flag_addr_p1_r_i5.
Duplicate register/latch removal. \Controller_inst/Controller_RHD_FIFO_1/FIFO_1/lscc_fifo_inst/fifo0/_FABRIC.u_fifo/rd_addr_p1cmp_r_i4 is a one-to-one match with \Controller_inst/Controller_RHD_FIFO_1/FIFO_1/lscc_fifo_inst/fifo0/_FABRIC.u_fifo/MISC.rd_flag_addr_p1_r_i4.
Duplicate register/latch removal. \Controller_inst/Controller_RHD_FIFO_1/FIFO_1/lscc_fifo_inst/fifo0/_FABRIC.u_fifo/rd_addr_p1cmp_r_i3 is a one-to-one match with \Controller_inst/Controller_RHD_FIFO_1/FIFO_1/lscc_fifo_inst/fifo0/_FABRIC.u_fifo/MISC.rd_flag_addr_p1_r_i3.
Duplicate register/latch removal. \Controller_inst/Controller_RHD_FIFO_1/FIFO_1/lscc_fifo_inst/fifo0/_FABRIC.u_fifo/rd_addr_p1cmp_r_i2 is a one-to-one match with \Controller_inst/Controller_RHD_FIFO_1/FIFO_1/lscc_fifo_inst/fifo0/_FABRIC.u_fifo/MISC.rd_flag_addr_p1_r_i2.
Duplicate register/latch removal. \Controller_inst/Controller_RHD_FIFO_1/FIFO_1/lscc_fifo_inst/fifo0/_FABRIC.u_fifo/rd_addr_p1cmp_r_i1 is a one-to-one match with \Controller_inst/Controller_RHD_FIFO_1/FIFO_1/lscc_fifo_inst/fifo0/_FABRIC.u_fifo/MISC.rd_flag_addr_p1_r_i1.
Duplicate register/latch removal. \Controller_inst/Controller_RHD_FIFO_1/FIFO_1/lscc_fifo_inst/fifo0/_FABRIC.u_fifo/wr_cmpaddr_p1_r_i7 is a one-to-one match with \Controller_inst/Controller_RHD_FIFO_1/FIFO_1/lscc_fifo_inst/fifo0/_FABRIC.u_fifo/MISC.wr_flag_addr_p1_r_i7.
Duplicate register/latch removal. \Controller_inst/Controller_RHD_FIFO_1/FIFO_1/lscc_fifo_inst/fifo0/_FABRIC.u_fifo/wr_cmpaddr_p1_r_i6 is a one-to-one match with \Controller_inst/Controller_RHD_FIFO_1/FIFO_1/lscc_fifo_inst/fifo0/_FABRIC.u_fifo/MISC.wr_flag_addr_p1_r_i6.
Duplicate register/latch removal. \Controller_inst/Controller_RHD_FIFO_1/FIFO_1/lscc_fifo_inst/fifo0/_FABRIC.u_fifo/wr_cmpaddr_p1_r_i5 is a one-to-one match with \Controller_inst/Controller_RHD_FIFO_1/FIFO_1/lscc_fifo_inst/fifo0/_FABRIC.u_fifo/MISC.wr_flag_addr_p1_r_i5.
Duplicate register/latch removal. \Controller_inst/Controller_RHD_FIFO_1/FIFO_1/lscc_fifo_inst/fifo0/_FABRIC.u_fifo/wr_cmpaddr_p1_r_i4 is a one-to-one match with \Controller_inst/Controller_RHD_FIFO_1/FIFO_1/lscc_fifo_inst/fifo0/_FABRIC.u_fifo/MISC.wr_flag_addr_p1_r_i4.
Duplicate register/latch removal. \Controller_inst/Controller_RHD_FIFO_1/FIFO_1/lscc_fifo_inst/fifo0/_FABRIC.u_fifo/wr_cmpaddr_p1_r_i3 is a one-to-one match with \Controller_inst/Controller_RHD_FIFO_1/FIFO_1/lscc_fifo_inst/fifo0/_FABRIC.u_fifo/MISC.wr_flag_addr_p1_r_i3.
Duplicate register/latch removal. \Controller_inst/Controller_RHD_FIFO_1/FIFO_1/lscc_fifo_inst/fifo0/_FABRIC.u_fifo/wr_cmpaddr_p1_r_i2 is a one-to-one match with \Controller_inst/Controller_RHD_FIFO_1/FIFO_1/lscc_fifo_inst/fifo0/_FABRIC.u_fifo/MISC.wr_flag_addr_p1_r_i2.
Duplicate register/latch removal. \Controller_inst/Controller_RHD_FIFO_1/FIFO_1/lscc_fifo_inst/fifo0/_FABRIC.u_fifo/wr_cmpaddr_p1_r_i1 is a one-to-one match with \Controller_inst/Controller_RHD_FIFO_1/FIFO_1/lscc_fifo_inst/fifo0/_FABRIC.u_fifo/MISC.wr_flag_addr_p1_r_i1.
Duplicate register/latch removal. \Controller_inst/Controller_RHD_FIFO_1/FIFO_1/lscc_fifo_inst/fifo0/_FABRIC.u_fifo/waddr_r_i7 is a one-to-one match with \Controller_inst/Controller_RHD_FIFO_1/FIFO_1/lscc_fifo_inst/fifo0/_FABRIC.u_fifo/MISC.wr_flag_addr_r_i7.
Duplicate register/latch removal. \Controller_inst/Controller_RHD_FIFO_1/FIFO_1/lscc_fifo_inst/fifo0/_FABRIC.u_fifo/waddr_r_i6 is a one-to-one match with \Controller_inst/Controller_RHD_FIFO_1/FIFO_1/lscc_fifo_inst/fifo0/_FABRIC.u_fifo/MISC.wr_flag_addr_r_i6.
Duplicate register/latch removal. \Controller_inst/Controller_RHD_FIFO_1/FIFO_1/lscc_fifo_inst/fifo0/_FABRIC.u_fifo/waddr_r_i5 is a one-to-one match with \Controller_inst/Controller_RHD_FIFO_1/FIFO_1/lscc_fifo_inst/fifo0/_FABRIC.u_fifo/MISC.wr_flag_addr_r_i5.
Duplicate register/latch removal. \Controller_inst/Controller_RHD_FIFO_1/FIFO_1/lscc_fifo_inst/fifo0/_FABRIC.u_fifo/waddr_r_i4 is a one-to-one match with \Controller_inst/Controller_RHD_FIFO_1/FIFO_1/lscc_fifo_inst/fifo0/_FABRIC.u_fifo/MISC.wr_flag_addr_r_i4.
Duplicate register/latch removal. \Controller_inst/Controller_RHD_FIFO_1/FIFO_1/lscc_fifo_inst/fifo0/_FABRIC.u_fifo/waddr_r_i3 is a one-to-one match with \Controller_inst/Controller_RHD_FIFO_1/FIFO_1/lscc_fifo_inst/fifo0/_FABRIC.u_fifo/MISC.wr_flag_addr_r_i3.
Duplicate register/latch removal. \Controller_inst/Controller_RHD_FIFO_1/FIFO_1/lscc_fifo_inst/fifo0/_FABRIC.u_fifo/waddr_r_i2 is a one-to-one match with \Controller_inst/Controller_RHD_FIFO_1/FIFO_1/lscc_fifo_inst/fifo0/_FABRIC.u_fifo/MISC.wr_flag_addr_r_i2.
Duplicate register/latch removal. \Controller_inst/Controller_RHD_FIFO_1/FIFO_1/lscc_fifo_inst/fifo0/_FABRIC.u_fifo/waddr_r_i1 is a one-to-one match with \Controller_inst/Controller_RHD_FIFO_1/FIFO_1/lscc_fifo_inst/fifo0/_FABRIC.u_fifo/MISC.wr_flag_addr_r_i1.
Duplicate register/latch removal. \Controller_inst/Controller_RHD_FIFO_1/FIFO_1/lscc_fifo_inst/fifo0/_FABRIC.u_fifo/full_r is a one-to-one match with \Controller_inst/Controller_RHD_FIFO_1/FIFO_1/lscc_fifo_inst/fifo0/_FABRIC.u_fifo/MISC.full_flag_r.
Duplicate register/latch removal. \Controller_inst/Controller_RHD_FIFO_1/FIFO_1/lscc_fifo_inst/fifo0/_FABRIC.u_fifo/full_mem_r is a one-to-one match with \Controller_inst/Controller_RHD_FIFO_1/FIFO_1/lscc_fifo_inst/fifo0/_FABRIC.u_fifo/full_r.
Duplicate register/latch removal. \Controller_inst/Controller_RHD_FIFO_1/FIFO_1/lscc_fifo_inst/fifo0/_FABRIC.u_fifo/empty_r is a one-to-one match with \Controller_inst/Controller_RHD_FIFO_1/FIFO_1/lscc_fifo_inst/fifo0/_FABRIC.u_fifo/MISC.empty_flag_r.
Duplicate register/latch removal. \Controller_inst/Controller_RHD_FIFO_1/FIFO_1/lscc_fifo_inst/fifo0/_FABRIC.u_fifo/empty_mem_r is a one-to-one match with \Controller_inst/Controller_RHD_FIFO_1/FIFO_1/lscc_fifo_inst/fifo0/_FABRIC.u_fifo/empty_r.
Duplicate register/latch removal. \Controller_inst/Controller_RHD_FIFO_1/FIFO_1/lscc_fifo_inst/fifo0/_FABRIC.u_fifo/wr_addr_p1_r_i0 is a one-to-one match with \Controller_inst/Controller_RHD_FIFO_1/FIFO_1/lscc_fifo_inst/fifo0/_FABRIC.u_fifo/MISC.wr_flag_addr_p1_r_i0.
Duplicate register/latch removal. \Controller_inst/Controller_RHD_FIFO_1/FIFO_1/lscc_fifo_inst/fifo0/_FABRIC.u_fifo/wr_cmpaddr_r_i0 is a one-to-one match with \Controller_inst/Controller_RHD_FIFO_1/FIFO_1/lscc_fifo_inst/fifo0/_FABRIC.u_fifo/MISC.wr_flag_addr_r_i0.
Duplicate register/latch removal. \Controller_inst/Controller_RHD_FIFO_1/FIFO_1/lscc_fifo_inst/fifo0/_FABRIC.u_fifo/wr_addr_p1cmp_r_i1 is a one-to-one match with \Controller_inst/Controller_RHD_FIFO_1/FIFO_1/lscc_fifo_inst/fifo0/_FABRIC.u_fifo/wr_addr_p1_r_i8.
Duplicate register/latch removal. \Controller_inst/Controller_RHD_FIFO_1/FIFO_1/lscc_fifo_inst/fifo0/_FABRIC.u_fifo/waddr_r_i0 is a one-to-one match with \Controller_inst/Controller_RHD_FIFO_1/FIFO_1/lscc_fifo_inst/fifo0/_FABRIC.u_fifo/wr_cmpaddr_r_i0.
Duplicate register/latch removal. \Controller_inst/Controller_RHD_FIFO_1/FIFO_1/lscc_fifo_inst/fifo0/_FABRIC.u_fifo/wr_cmpaddr_p1_r_i0 is a one-to-one match with \Controller_inst/Controller_RHD_FIFO_1/FIFO_1/lscc_fifo_inst/fifo0/_FABRIC.u_fifo/wr_addr_p1_r_i0.
Duplicate register/latch removal. \Controller_inst/Controller_RHD_FIFO_1/FIFO_1/lscc_fifo_inst/fifo0/_FABRIC.u_fifo/rd_addr_p1_r_i0 is a one-to-one match with \Controller_inst/Controller_RHD_FIFO_1/FIFO_1/lscc_fifo_inst/fifo0/_FABRIC.u_fifo/MISC.rd_flag_addr_p1_r_i0.
Duplicate register/latch removal. \Controller_inst/Controller_RHD_FIFO_1/FIFO_1/lscc_fifo_inst/fifo0/_FABRIC.u_fifo/rd_addr_p1cmp_r_i0 is a one-to-one match with \Controller_inst/Controller_RHD_FIFO_1/FIFO_1/lscc_fifo_inst/fifo0/_FABRIC.u_fifo/rd_addr_p1_r_i0.
Duplicate register/latch removal. \Controller_inst/Controller_RHD_FIFO_1/FIFO_1/lscc_fifo_inst/fifo0/_FABRIC.u_fifo/rd_cmpaddr_r_i0 is a one-to-one match with \Controller_inst/Controller_RHD_FIFO_1/FIFO_1/lscc_fifo_inst/fifo0/_FABRIC.u_fifo/MISC.rd_flag_addr_r_i0.
Duplicate register/latch removal. \Controller_inst/Controller_RHD_FIFO_1/FIFO_1/lscc_fifo_inst/fifo0/_FABRIC.u_fifo/raddr_r_i0 is a one-to-one match with \Controller_inst/Controller_RHD_FIFO_1/FIFO_1/lscc_fifo_inst/fifo0/_FABRIC.u_fifo/rd_cmpaddr_r_i0.
Duplicate register/latch removal. \Controller_inst/Controller_RHD_FIFO_1/FIFO_1/lscc_fifo_inst/fifo0/_FABRIC.u_fifo/MISC.rd_flag_addr_p1_r_i8 is a one-to-one match with \Controller_inst/Controller_RHD_FIFO_1/FIFO_1/lscc_fifo_inst/fifo0/_FABRIC.u_fifo/rd_addr_p1_r_i8.
Duplicate register/latch removal. \Controller_inst/Controller_RHD_FIFO_1/FIFO_1/lscc_fifo_inst/fifo0/_FABRIC.u_fifo/MISC.rd_flag_addr_p1_r_i7 is a one-to-one match with \Controller_inst/Controller_RHD_FIFO_1/FIFO_1/lscc_fifo_inst/fifo0/_FABRIC.u_fifo/rd_addr_p1_r_i7.
Duplicate register/latch removal. \Controller_inst/Controller_RHD_FIFO_1/FIFO_1/lscc_fifo_inst/fifo0/_FABRIC.u_fifo/MISC.rd_flag_addr_p1_r_i6 is a one-to-one match with \Controller_inst/Controller_RHD_FIFO_1/FIFO_1/lscc_fifo_inst/fifo0/_FABRIC.u_fifo/rd_addr_p1_r_i6.
Duplicate register/latch removal. \Controller_inst/Controller_RHD_FIFO_1/FIFO_1/lscc_fifo_inst/fifo0/_FABRIC.u_fifo/MISC.rd_flag_addr_p1_r_i5 is a one-to-one match with \Controller_inst/Controller_RHD_FIFO_1/FIFO_1/lscc_fifo_inst/fifo0/_FABRIC.u_fifo/rd_addr_p1_r_i5.
Duplicate register/latch removal. \Controller_inst/Controller_RHD_FIFO_1/FIFO_1/lscc_fifo_inst/fifo0/_FABRIC.u_fifo/MISC.rd_flag_addr_p1_r_i4 is a one-to-one match with \Controller_inst/Controller_RHD_FIFO_1/FIFO_1/lscc_fifo_inst/fifo0/_FABRIC.u_fifo/rd_addr_p1_r_i4.
Duplicate register/latch removal. \Controller_inst/Controller_RHD_FIFO_1/FIFO_1/lscc_fifo_inst/fifo0/_FABRIC.u_fifo/MISC.rd_flag_addr_p1_r_i3 is a one-to-one match with \Controller_inst/Controller_RHD_FIFO_1/FIFO_1/lscc_fifo_inst/fifo0/_FABRIC.u_fifo/rd_addr_p1_r_i3.
Duplicate register/latch removal. \Controller_inst/Controller_RHD_FIFO_1/FIFO_1/lscc_fifo_inst/fifo0/_FABRIC.u_fifo/MISC.rd_flag_addr_p1_r_i2 is a one-to-one match with \Controller_inst/Controller_RHD_FIFO_1/FIFO_1/lscc_fifo_inst/fifo0/_FABRIC.u_fifo/rd_addr_p1_r_i2.
Duplicate register/latch removal. \Controller_inst/Controller_RHD_FIFO_1/FIFO_1/lscc_fifo_inst/fifo0/_FABRIC.u_fifo/MISC.rd_flag_addr_p1_r_i1 is a one-to-one match with \Controller_inst/Controller_RHD_FIFO_1/FIFO_1/lscc_fifo_inst/fifo0/_FABRIC.u_fifo/rd_addr_p1_r_i1.
Duplicate register/latch removal. \Controller_inst/Controller_RHD_FIFO_1/FIFO_1/lscc_fifo_inst/fifo0/_FABRIC.u_fifo/MISC.rd_flag_addr_r_i7 is a one-to-one match with \Controller_inst/Controller_RHD_FIFO_1/FIFO_1/lscc_fifo_inst/fifo0/_FABRIC.u_fifo/rd_cmpaddr_r_i7.
Duplicate register/latch removal. \Controller_inst/Controller_RHD_FIFO_1/FIFO_1/lscc_fifo_inst/fifo0/_FABRIC.u_fifo/MISC.rd_flag_addr_r_i6 is a one-to-one match with \Controller_inst/Controller_RHD_FIFO_1/FIFO_1/lscc_fifo_inst/fifo0/_FABRIC.u_fifo/rd_cmpaddr_r_i6.
Duplicate register/latch removal. \Controller_inst/Controller_RHD_FIFO_1/FIFO_1/lscc_fifo_inst/fifo0/_FABRIC.u_fifo/MISC.rd_flag_addr_r_i5 is a one-to-one match with \Controller_inst/Controller_RHD_FIFO_1/FIFO_1/lscc_fifo_inst/fifo0/_FABRIC.u_fifo/rd_cmpaddr_r_i5.
Duplicate register/latch removal. \Controller_inst/Controller_RHD_FIFO_1/FIFO_1/lscc_fifo_inst/fifo0/_FABRIC.u_fifo/MISC.rd_flag_addr_r_i4 is a one-to-one match with \Controller_inst/Controller_RHD_FIFO_1/FIFO_1/lscc_fifo_inst/fifo0/_FABRIC.u_fifo/rd_cmpaddr_r_i4.
Duplicate register/latch removal. \Controller_inst/Controller_RHD_FIFO_1/FIFO_1/lscc_fifo_inst/fifo0/_FABRIC.u_fifo/MISC.rd_flag_addr_r_i3 is a one-to-one match with \Controller_inst/Controller_RHD_FIFO_1/FIFO_1/lscc_fifo_inst/fifo0/_FABRIC.u_fifo/rd_cmpaddr_r_i3.
Duplicate register/latch removal. \Controller_inst/Controller_RHD_FIFO_1/FIFO_1/lscc_fifo_inst/fifo0/_FABRIC.u_fifo/MISC.rd_flag_addr_r_i2 is a one-to-one match with \Controller_inst/Controller_RHD_FIFO_1/FIFO_1/lscc_fifo_inst/fifo0/_FABRIC.u_fifo/rd_cmpaddr_r_i2.
Duplicate register/latch removal. \Controller_inst/Controller_RHD_FIFO_1/FIFO_1/lscc_fifo_inst/fifo0/_FABRIC.u_fifo/MISC.rd_flag_addr_r_i1 is a one-to-one match with \Controller_inst/Controller_RHD_FIFO_1/FIFO_1/lscc_fifo_inst/fifo0/_FABRIC.u_fifo/rd_cmpaddr_r_i1.
Duplicate register/latch removal. \Controller_inst/Controller_RHD_FIFO_1/FIFO_1/lscc_fifo_inst/fifo0/_FABRIC.u_fifo/MISC.wr_flag_addr_p1_r_i8 is a one-to-one match with \Controller_inst/Controller_RHD_FIFO_1/FIFO_1/lscc_fifo_inst/fifo0/_FABRIC.u_fifo/wr_addr_p1cmp_r_i1.
Duplicate register/latch removal. \Controller_inst/Controller_RHD_FIFO_1/FIFO_1/lscc_fifo_inst/fifo0/_FABRIC.u_fifo/MISC.wr_flag_addr_p1_r_i7 is a one-to-one match with \Controller_inst/Controller_RHD_FIFO_1/FIFO_1/lscc_fifo_inst/fifo0/_FABRIC.u_fifo/wr_addr_p1_r_i7.
Duplicate register/latch removal. \Controller_inst/Controller_RHD_FIFO_1/FIFO_1/lscc_fifo_inst/fifo0/_FABRIC.u_fifo/MISC.wr_flag_addr_p1_r_i6 is a one-to-one match with \Controller_inst/Controller_RHD_FIFO_1/FIFO_1/lscc_fifo_inst/fifo0/_FABRIC.u_fifo/wr_addr_p1_r_i6.
Duplicate register/latch removal. \Controller_inst/Controller_RHD_FIFO_1/FIFO_1/lscc_fifo_inst/fifo0/_FABRIC.u_fifo/MISC.wr_flag_addr_p1_r_i5 is a one-to-one match with \Controller_inst/Controller_RHD_FIFO_1/FIFO_1/lscc_fifo_inst/fifo0/_FABRIC.u_fifo/wr_addr_p1_r_i5.
Duplicate register/latch removal. \Controller_inst/Controller_RHD_FIFO_1/FIFO_1/lscc_fifo_inst/fifo0/_FABRIC.u_fifo/MISC.wr_flag_addr_p1_r_i4 is a one-to-one match with \Controller_inst/Controller_RHD_FIFO_1/FIFO_1/lscc_fifo_inst/fifo0/_FABRIC.u_fifo/wr_addr_p1_r_i4.
Duplicate register/latch removal. \Controller_inst/Controller_RHD_FIFO_1/FIFO_1/lscc_fifo_inst/fifo0/_FABRIC.u_fifo/MISC.wr_flag_addr_p1_r_i3 is a one-to-one match with \Controller_inst/Controller_RHD_FIFO_1/FIFO_1/lscc_fifo_inst/fifo0/_FABRIC.u_fifo/wr_addr_p1_r_i3.
Duplicate register/latch removal. \Controller_inst/Controller_RHD_FIFO_1/FIFO_1/lscc_fifo_inst/fifo0/_FABRIC.u_fifo/MISC.wr_flag_addr_p1_r_i2 is a one-to-one match with \Controller_inst/Controller_RHD_FIFO_1/FIFO_1/lscc_fifo_inst/fifo0/_FABRIC.u_fifo/wr_addr_p1_r_i2.
Duplicate register/latch removal. \Controller_inst/Controller_RHD_FIFO_1/FIFO_1/lscc_fifo_inst/fifo0/_FABRIC.u_fifo/MISC.wr_flag_addr_p1_r_i1 is a one-to-one match with \Controller_inst/Controller_RHD_FIFO_1/FIFO_1/lscc_fifo_inst/fifo0/_FABRIC.u_fifo/wr_addr_p1_r_i1.
Duplicate register/latch removal. \Controller_inst/Controller_RHD_FIFO_1/FIFO_1/lscc_fifo_inst/fifo0/_FABRIC.u_fifo/MISC.wr_flag_addr_r_i7 is a one-to-one match with \Controller_inst/Controller_RHD_FIFO_1/FIFO_1/lscc_fifo_inst/fifo0/_FABRIC.u_fifo/wr_cmpaddr_r_i7.
Duplicate register/latch removal. \Controller_inst/Controller_RHD_FIFO_1/FIFO_1/lscc_fifo_inst/fifo0/_FABRIC.u_fifo/MISC.wr_flag_addr_r_i6 is a one-to-one match with \Controller_inst/Controller_RHD_FIFO_1/FIFO_1/lscc_fifo_inst/fifo0/_FABRIC.u_fifo/wr_cmpaddr_r_i6.
Duplicate register/latch removal. \Controller_inst/Controller_RHD_FIFO_1/FIFO_1/lscc_fifo_inst/fifo0/_FABRIC.u_fifo/MISC.wr_flag_addr_r_i5 is a one-to-one match with \Controller_inst/Controller_RHD_FIFO_1/FIFO_1/lscc_fifo_inst/fifo0/_FABRIC.u_fifo/wr_cmpaddr_r_i5.
Duplicate register/latch removal. \Controller_inst/Controller_RHD_FIFO_1/FIFO_1/lscc_fifo_inst/fifo0/_FABRIC.u_fifo/MISC.wr_flag_addr_r_i4 is a one-to-one match with \Controller_inst/Controller_RHD_FIFO_1/FIFO_1/lscc_fifo_inst/fifo0/_FABRIC.u_fifo/wr_cmpaddr_r_i4.
Duplicate register/latch removal. \Controller_inst/Controller_RHD_FIFO_1/FIFO_1/lscc_fifo_inst/fifo0/_FABRIC.u_fifo/MISC.wr_flag_addr_r_i3 is a one-to-one match with \Controller_inst/Controller_RHD_FIFO_1/FIFO_1/lscc_fifo_inst/fifo0/_FABRIC.u_fifo/wr_cmpaddr_r_i3.
Duplicate register/latch removal. \Controller_inst/Controller_RHD_FIFO_1/FIFO_1/lscc_fifo_inst/fifo0/_FABRIC.u_fifo/MISC.wr_flag_addr_r_i2 is a one-to-one match with \Controller_inst/Controller_RHD_FIFO_1/FIFO_1/lscc_fifo_inst/fifo0/_FABRIC.u_fifo/wr_cmpaddr_r_i2.
Duplicate register/latch removal. \Controller_inst/Controller_RHD_FIFO_1/FIFO_1/lscc_fifo_inst/fifo0/_FABRIC.u_fifo/MISC.wr_flag_addr_r_i1 is a one-to-one match with \Controller_inst/Controller_RHD_FIFO_1/FIFO_1/lscc_fifo_inst/fifo0/_FABRIC.u_fifo/wr_cmpaddr_r_i1.
Duplicate register/latch removal. \Controller_inst/Controller_RHD_FIFO_1/FIFO_1/lscc_fifo_inst/fifo0/_FABRIC.u_fifo/raddr_r_i7 is a one-to-one match with \Controller_inst/Controller_RHD_FIFO_1/FIFO_1/lscc_fifo_inst/fifo0/_FABRIC.u_fifo/MISC.rd_flag_addr_r_i7.
Duplicate register/latch removal. \Controller_inst/Controller_RHD_FIFO_1/FIFO_1/lscc_fifo_inst/fifo0/_FABRIC.u_fifo/raddr_r_i6 is a one-to-one match with \Controller_inst/Controller_RHD_FIFO_1/FIFO_1/lscc_fifo_inst/fifo0/_FABRIC.u_fifo/MISC.rd_flag_addr_r_i6.
Duplicate register/latch removal. \Controller_inst/Controller_RHD_FIFO_1/FIFO_1/lscc_fifo_inst/fifo0/_FABRIC.u_fifo/raddr_r_i5 is a one-to-one match with \Controller_inst/Controller_RHD_FIFO_1/FIFO_1/lscc_fifo_inst/fifo0/_FABRIC.u_fifo/MISC.rd_flag_addr_r_i5.
Duplicate register/latch removal. \Controller_inst/Controller_RHD_FIFO_1/FIFO_1/lscc_fifo_inst/fifo0/_FABRIC.u_fifo/raddr_r_i4 is a one-to-one match with \Controller_inst/Controller_RHD_FIFO_1/FIFO_1/lscc_fifo_inst/fifo0/_FABRIC.u_fifo/MISC.rd_flag_addr_r_i4.
Duplicate register/latch removal. \Controller_inst/Controller_RHD_FIFO_1/FIFO_1/lscc_fifo_inst/fifo0/_FABRIC.u_fifo/raddr_r_i3 is a one-to-one match with \Controller_inst/Controller_RHD_FIFO_1/FIFO_1/lscc_fifo_inst/fifo0/_FABRIC.u_fifo/MISC.rd_flag_addr_r_i3.
Duplicate register/latch removal. \Controller_inst/Controller_RHD_FIFO_1/FIFO_1/lscc_fifo_inst/fifo0/_FABRIC.u_fifo/raddr_r_i2 is a one-to-one match with \Controller_inst/Controller_RHD_FIFO_1/FIFO_1/lscc_fifo_inst/fifo0/_FABRIC.u_fifo/MISC.rd_flag_addr_r_i2.
Duplicate register/latch removal. \Controller_inst/Controller_RHD_FIFO_1/FIFO_1/lscc_fifo_inst/fifo0/_FABRIC.u_fifo/raddr_r_i1 is a one-to-one match with \Controller_inst/Controller_RHD_FIFO_1/FIFO_1/lscc_fifo_inst/fifo0/_FABRIC.u_fifo/MISC.rd_flag_addr_r_i1.
Duplicate register/latch removal. \Controller_inst/Controller_RHD_FIFO_1/FIFO_1/lscc_fifo_inst/fifo0/_FABRIC.u_fifo/rd_addr_p1cmp_r_i8 is a one-to-one match with \Controller_inst/Controller_RHD_FIFO_1/FIFO_1/lscc_fifo_inst/fifo0/_FABRIC.u_fifo/MISC.rd_flag_addr_p1_r_i8.
Duplicate register/latch removal. \Controller_inst/Controller_RHD_FIFO_1/FIFO_1/lscc_fifo_inst/fifo0/_FABRIC.u_fifo/rd_addr_p1cmp_r_i7 is a one-to-one match with \Controller_inst/Controller_RHD_FIFO_1/FIFO_1/lscc_fifo_inst/fifo0/_FABRIC.u_fifo/MISC.rd_flag_addr_p1_r_i7.
Duplicate register/latch removal. \Controller_inst/Controller_RHD_FIFO_1/FIFO_1/lscc_fifo_inst/fifo0/_FABRIC.u_fifo/rd_addr_p1cmp_r_i6 is a one-to-one match with \Controller_inst/Controller_RHD_FIFO_1/FIFO_1/lscc_fifo_inst/fifo0/_FABRIC.u_fifo/MISC.rd_flag_addr_p1_r_i6.
Duplicate register/latch removal. \Controller_inst/Controller_RHD_FIFO_1/FIFO_1/lscc_fifo_inst/fifo0/_FABRIC.u_fifo/rd_addr_p1cmp_r_i5 is a one-to-one match with \Controller_inst/Controller_RHD_FIFO_1/FIFO_1/lscc_fifo_inst/fifo0/_FABRIC.u_fifo/MISC.rd_flag_addr_p1_r_i5.
Duplicate register/latch removal. \Controller_inst/Controller_RHD_FIFO_1/FIFO_1/lscc_fifo_inst/fifo0/_FABRIC.u_fifo/rd_addr_p1cmp_r_i4 is a one-to-one match with \Controller_inst/Controller_RHD_FIFO_1/FIFO_1/lscc_fifo_inst/fifo0/_FABRIC.u_fifo/MISC.rd_flag_addr_p1_r_i4.
Duplicate register/latch removal. \Controller_inst/Controller_RHD_FIFO_1/FIFO_1/lscc_fifo_inst/fifo0/_FABRIC.u_fifo/rd_addr_p1cmp_r_i3 is a one-to-one match with \Controller_inst/Controller_RHD_FIFO_1/FIFO_1/lscc_fifo_inst/fifo0/_FABRIC.u_fifo/MISC.rd_flag_addr_p1_r_i3.
Duplicate register/latch removal. \Controller_inst/Controller_RHD_FIFO_1/FIFO_1/lscc_fifo_inst/fifo0/_FABRIC.u_fifo/rd_addr_p1cmp_r_i2 is a one-to-one match with \Controller_inst/Controller_RHD_FIFO_1/FIFO_1/lscc_fifo_inst/fifo0/_FABRIC.u_fifo/MISC.rd_flag_addr_p1_r_i2.
Duplicate register/latch removal. \Controller_inst/Controller_RHD_FIFO_1/FIFO_1/lscc_fifo_inst/fifo0/_FABRIC.u_fifo/rd_addr_p1cmp_r_i1 is a one-to-one match with \Controller_inst/Controller_RHD_FIFO_1/FIFO_1/lscc_fifo_inst/fifo0/_FABRIC.u_fifo/MISC.rd_flag_addr_p1_r_i1.
Duplicate register/latch removal. \Controller_inst/Controller_RHD_FIFO_1/FIFO_1/lscc_fifo_inst/fifo0/_FABRIC.u_fifo/wr_cmpaddr_p1_r_i7 is a one-to-one match with \Controller_inst/Controller_RHD_FIFO_1/FIFO_1/lscc_fifo_inst/fifo0/_FABRIC.u_fifo/MISC.wr_flag_addr_p1_r_i7.
Duplicate register/latch removal. \Controller_inst/Controller_RHD_FIFO_1/FIFO_1/lscc_fifo_inst/fifo0/_FABRIC.u_fifo/wr_cmpaddr_p1_r_i6 is a one-to-one match with \Controller_inst/Controller_RHD_FIFO_1/FIFO_1/lscc_fifo_inst/fifo0/_FABRIC.u_fifo/MISC.wr_flag_addr_p1_r_i6.
Duplicate register/latch removal. \Controller_inst/Controller_RHD_FIFO_1/FIFO_1/lscc_fifo_inst/fifo0/_FABRIC.u_fifo/wr_cmpaddr_p1_r_i5 is a one-to-one match with \Controller_inst/Controller_RHD_FIFO_1/FIFO_1/lscc_fifo_inst/fifo0/_FABRIC.u_fifo/MISC.wr_flag_addr_p1_r_i5.
Duplicate register/latch removal. \Controller_inst/Controller_RHD_FIFO_1/FIFO_1/lscc_fifo_inst/fifo0/_FABRIC.u_fifo/wr_cmpaddr_p1_r_i4 is a one-to-one match with \Controller_inst/Controller_RHD_FIFO_1/FIFO_1/lscc_fifo_inst/fifo0/_FABRIC.u_fifo/MISC.wr_flag_addr_p1_r_i4.
Duplicate register/latch removal. \Controller_inst/Controller_RHD_FIFO_1/FIFO_1/lscc_fifo_inst/fifo0/_FABRIC.u_fifo/wr_cmpaddr_p1_r_i3 is a one-to-one match with \Controller_inst/Controller_RHD_FIFO_1/FIFO_1/lscc_fifo_inst/fifo0/_FABRIC.u_fifo/MISC.wr_flag_addr_p1_r_i3.
Duplicate register/latch removal. \Controller_inst/Controller_RHD_FIFO_1/FIFO_1/lscc_fifo_inst/fifo0/_FABRIC.u_fifo/wr_cmpaddr_p1_r_i2 is a one-to-one match with \Controller_inst/Controller_RHD_FIFO_1/FIFO_1/lscc_fifo_inst/fifo0/_FABRIC.u_fifo/MISC.wr_flag_addr_p1_r_i2.
Duplicate register/latch removal. \Controller_inst/Controller_RHD_FIFO_1/FIFO_1/lscc_fifo_inst/fifo0/_FABRIC.u_fifo/wr_cmpaddr_p1_r_i1 is a one-to-one match with \Controller_inst/Controller_RHD_FIFO_1/FIFO_1/lscc_fifo_inst/fifo0/_FABRIC.u_fifo/MISC.wr_flag_addr_p1_r_i1.
Duplicate register/latch removal. \Controller_inst/Controller_RHD_FIFO_1/FIFO_1/lscc_fifo_inst/fifo0/_FABRIC.u_fifo/waddr_r_i7 is a one-to-one match with \Controller_inst/Controller_RHD_FIFO_1/FIFO_1/lscc_fifo_inst/fifo0/_FABRIC.u_fifo/MISC.wr_flag_addr_r_i7.
Duplicate register/latch removal. \Controller_inst/Controller_RHD_FIFO_1/FIFO_1/lscc_fifo_inst/fifo0/_FABRIC.u_fifo/waddr_r_i6 is a one-to-one match with \Controller_inst/Controller_RHD_FIFO_1/FIFO_1/lscc_fifo_inst/fifo0/_FABRIC.u_fifo/MISC.wr_flag_addr_r_i6.
Duplicate register/latch removal. \Controller_inst/Controller_RHD_FIFO_1/FIFO_1/lscc_fifo_inst/fifo0/_FABRIC.u_fifo/waddr_r_i5 is a one-to-one match with \Controller_inst/Controller_RHD_FIFO_1/FIFO_1/lscc_fifo_inst/fifo0/_FABRIC.u_fifo/MISC.wr_flag_addr_r_i5.
Duplicate register/latch removal. \Controller_inst/Controller_RHD_FIFO_1/FIFO_1/lscc_fifo_inst/fifo0/_FABRIC.u_fifo/waddr_r_i4 is a one-to-one match with \Controller_inst/Controller_RHD_FIFO_1/FIFO_1/lscc_fifo_inst/fifo0/_FABRIC.u_fifo/MISC.wr_flag_addr_r_i4.
Duplicate register/latch removal. \Controller_inst/Controller_RHD_FIFO_1/FIFO_1/lscc_fifo_inst/fifo0/_FABRIC.u_fifo/waddr_r_i3 is a one-to-one match with \Controller_inst/Controller_RHD_FIFO_1/FIFO_1/lscc_fifo_inst/fifo0/_FABRIC.u_fifo/MISC.wr_flag_addr_r_i3.
Duplicate register/latch removal. \Controller_inst/Controller_RHD_FIFO_1/FIFO_1/lscc_fifo_inst/fifo0/_FABRIC.u_fifo/waddr_r_i2 is a one-to-one match with \Controller_inst/Controller_RHD_FIFO_1/FIFO_1/lscc_fifo_inst/fifo0/_FABRIC.u_fifo/MISC.wr_flag_addr_r_i2.
Duplicate register/latch removal. \Controller_inst/Controller_RHD_FIFO_1/FIFO_1/lscc_fifo_inst/fifo0/_FABRIC.u_fifo/waddr_r_i1 is a one-to-one match with \Controller_inst/Controller_RHD_FIFO_1/FIFO_1/lscc_fifo_inst/fifo0/_FABRIC.u_fifo/MISC.wr_flag_addr_r_i1.
Duplicate register/latch removal. \Controller_inst/Controller_RHD_FIFO_1/FIFO_1/lscc_fifo_inst/fifo0/_FABRIC.u_fifo/full_r is a one-to-one match with \Controller_inst/Controller_RHD_FIFO_1/FIFO_1/lscc_fifo_inst/fifo0/_FABRIC.u_fifo/MISC.full_flag_r.
Duplicate register/latch removal. \Controller_inst/Controller_RHD_FIFO_1/FIFO_1/lscc_fifo_inst/fifo0/_FABRIC.u_fifo/full_mem_r is a one-to-one match with \Controller_inst/Controller_RHD_FIFO_1/FIFO_1/lscc_fifo_inst/fifo0/_FABRIC.u_fifo/full_r.
Duplicate register/latch removal. \Controller_inst/Controller_RHD_FIFO_1/FIFO_1/lscc_fifo_inst/fifo0/_FABRIC.u_fifo/empty_r is a one-to-one match with \Controller_inst/Controller_RHD_FIFO_1/FIFO_1/lscc_fifo_inst/fifo0/_FABRIC.u_fifo/MISC.empty_flag_r.
Duplicate register/latch removal. \Controller_inst/Controller_RHD_FIFO_1/FIFO_1/lscc_fifo_inst/fifo0/_FABRIC.u_fifo/empty_mem_r is a one-to-one match with \Controller_inst/Controller_RHD_FIFO_1/FIFO_1/lscc_fifo_inst/fifo0/_FABRIC.u_fifo/empty_r.
Duplicate register/latch removal. \Controller_inst/Controller_RHD_FIFO_1/FIFO_1/lscc_fifo_inst/fifo0/_FABRIC.u_fifo/wr_addr_p1_r_i0 is a one-to-one match with \Controller_inst/Controller_RHD_FIFO_1/FIFO_1/lscc_fifo_inst/fifo0/_FABRIC.u_fifo/MISC.wr_flag_addr_p1_r_i0.
Duplicate register/latch removal. \Controller_inst/Controller_RHD_FIFO_1/FIFO_1/lscc_fifo_inst/fifo0/_FABRIC.u_fifo/wr_cmpaddr_r_i0 is a one-to-one match with \Controller_inst/Controller_RHD_FIFO_1/FIFO_1/lscc_fifo_inst/fifo0/_FABRIC.u_fifo/MISC.wr_flag_addr_r_i0.
Duplicate register/latch removal. \Controller_inst/Controller_RHD_FIFO_1/FIFO_1/lscc_fifo_inst/fifo0/_FABRIC.u_fifo/wr_addr_p1cmp_r_i1 is a one-to-one match with \Controller_inst/Controller_RHD_FIFO_1/FIFO_1/lscc_fifo_inst/fifo0/_FABRIC.u_fifo/wr_addr_p1_r_i8.
Duplicate register/latch removal. \Controller_inst/Controller_RHD_FIFO_1/FIFO_1/lscc_fifo_inst/fifo0/_FABRIC.u_fifo/waddr_r_i0 is a one-to-one match with \Controller_inst/Controller_RHD_FIFO_1/FIFO_1/lscc_fifo_inst/fifo0/_FABRIC.u_fifo/wr_cmpaddr_r_i0.
Duplicate register/latch removal. \Controller_inst/Controller_RHD_FIFO_1/FIFO_1/lscc_fifo_inst/fifo0/_FABRIC.u_fifo/wr_cmpaddr_p1_r_i0 is a one-to-one match with \Controller_inst/Controller_RHD_FIFO_1/FIFO_1/lscc_fifo_inst/fifo0/_FABRIC.u_fifo/wr_addr_p1_r_i0.
Duplicate register/latch removal. \Controller_inst/Controller_RHD_FIFO_1/FIFO_1/lscc_fifo_inst/fifo0/_FABRIC.u_fifo/rd_addr_p1_r_i0 is a one-to-one match with \Controller_inst/Controller_RHD_FIFO_1/FIFO_1/lscc_fifo_inst/fifo0/_FABRIC.u_fifo/MISC.rd_flag_addr_p1_r_i0.
Duplicate register/latch removal. \Controller_inst/Controller_RHD_FIFO_1/FIFO_1/lscc_fifo_inst/fifo0/_FABRIC.u_fifo/rd_addr_p1cmp_r_i0 is a one-to-one match with \Controller_inst/Controller_RHD_FIFO_1/FIFO_1/lscc_fifo_inst/fifo0/_FABRIC.u_fifo/rd_addr_p1_r_i0.
Duplicate register/latch removal. \Controller_inst/Controller_RHD_FIFO_1/FIFO_1/lscc_fifo_inst/fifo0/_FABRIC.u_fifo/rd_cmpaddr_r_i0 is a one-to-one match with \Controller_inst/Controller_RHD_FIFO_1/FIFO_1/lscc_fifo_inst/fifo0/_FABRIC.u_fifo/MISC.rd_flag_addr_r_i0.
Duplicate register/latch removal. \Controller_inst/Controller_RHD_FIFO_1/FIFO_1/lscc_fifo_inst/fifo0/_FABRIC.u_fifo/raddr_r_i0 is a one-to-one match with \Controller_inst/Controller_RHD_FIFO_1/FIFO_1/lscc_fifo_inst/fifo0/_FABRIC.u_fifo/rd_cmpaddr_r_i0.
Duplicate register/latch removal. \Controller_inst/Controller_RHD_FIFO_1/FIFO_1/lscc_fifo_inst/fifo0/_FABRIC.u_fifo/MISC.rd_flag_addr_p1_r_i8 is a one-to-one match with \Controller_inst/Controller_RHD_FIFO_1/FIFO_1/lscc_fifo_inst/fifo0/_FABRIC.u_fifo/rd_addr_p1_r_i8.
Duplicate register/latch removal. \Controller_inst/Controller_RHD_FIFO_1/FIFO_1/lscc_fifo_inst/fifo0/_FABRIC.u_fifo/MISC.rd_flag_addr_p1_r_i7 is a one-to-one match with \Controller_inst/Controller_RHD_FIFO_1/FIFO_1/lscc_fifo_inst/fifo0/_FABRIC.u_fifo/rd_addr_p1_r_i7.
Duplicate register/latch removal. \Controller_inst/Controller_RHD_FIFO_1/FIFO_1/lscc_fifo_inst/fifo0/_FABRIC.u_fifo/MISC.rd_flag_addr_p1_r_i6 is a one-to-one match with \Controller_inst/Controller_RHD_FIFO_1/FIFO_1/lscc_fifo_inst/fifo0/_FABRIC.u_fifo/rd_addr_p1_r_i6.
Duplicate register/latch removal. \Controller_inst/Controller_RHD_FIFO_1/FIFO_1/lscc_fifo_inst/fifo0/_FABRIC.u_fifo/MISC.rd_flag_addr_p1_r_i5 is a one-to-one match with \Controller_inst/Controller_RHD_FIFO_1/FIFO_1/lscc_fifo_inst/fifo0/_FABRIC.u_fifo/rd_addr_p1_r_i5.
Duplicate register/latch removal. \Controller_inst/Controller_RHD_FIFO_1/FIFO_1/lscc_fifo_inst/fifo0/_FABRIC.u_fifo/MISC.rd_flag_addr_p1_r_i4 is a one-to-one match with \Controller_inst/Controller_RHD_FIFO_1/FIFO_1/lscc_fifo_inst/fifo0/_FABRIC.u_fifo/rd_addr_p1_r_i4.
Duplicate register/latch removal. \Controller_inst/Controller_RHD_FIFO_1/FIFO_1/lscc_fifo_inst/fifo0/_FABRIC.u_fifo/MISC.rd_flag_addr_p1_r_i3 is a one-to-one match with \Controller_inst/Controller_RHD_FIFO_1/FIFO_1/lscc_fifo_inst/fifo0/_FABRIC.u_fifo/rd_addr_p1_r_i3.
Duplicate register/latch removal. \Controller_inst/Controller_RHD_FIFO_1/FIFO_1/lscc_fifo_inst/fifo0/_FABRIC.u_fifo/MISC.rd_flag_addr_p1_r_i2 is a one-to-one match with \Controller_inst/Controller_RHD_FIFO_1/FIFO_1/lscc_fifo_inst/fifo0/_FABRIC.u_fifo/rd_addr_p1_r_i2.
Duplicate register/latch removal. \Controller_inst/Controller_RHD_FIFO_1/FIFO_1/lscc_fifo_inst/fifo0/_FABRIC.u_fifo/MISC.rd_flag_addr_p1_r_i1 is a one-to-one match with \Controller_inst/Controller_RHD_FIFO_1/FIFO_1/lscc_fifo_inst/fifo0/_FABRIC.u_fifo/rd_addr_p1_r_i1.
Duplicate register/latch removal. \Controller_inst/Controller_RHD_FIFO_1/FIFO_1/lscc_fifo_inst/fifo0/_FABRIC.u_fifo/MISC.rd_flag_addr_r_i7 is a one-to-one match with \Controller_inst/Controller_RHD_FIFO_1/FIFO_1/lscc_fifo_inst/fifo0/_FABRIC.u_fifo/rd_cmpaddr_r_i7.
Duplicate register/latch removal. \Controller_inst/Controller_RHD_FIFO_1/FIFO_1/lscc_fifo_inst/fifo0/_FABRIC.u_fifo/MISC.rd_flag_addr_r_i6 is a one-to-one match with \Controller_inst/Controller_RHD_FIFO_1/FIFO_1/lscc_fifo_inst/fifo0/_FABRIC.u_fifo/rd_cmpaddr_r_i6.
Duplicate register/latch removal. \Controller_inst/Controller_RHD_FIFO_1/FIFO_1/lscc_fifo_inst/fifo0/_FABRIC.u_fifo/MISC.rd_flag_addr_r_i5 is a one-to-one match with \Controller_inst/Controller_RHD_FIFO_1/FIFO_1/lscc_fifo_inst/fifo0/_FABRIC.u_fifo/rd_cmpaddr_r_i5.
Duplicate register/latch removal. \Controller_inst/Controller_RHD_FIFO_1/FIFO_1/lscc_fifo_inst/fifo0/_FABRIC.u_fifo/MISC.rd_flag_addr_r_i4 is a one-to-one match with \Controller_inst/Controller_RHD_FIFO_1/FIFO_1/lscc_fifo_inst/fifo0/_FABRIC.u_fifo/rd_cmpaddr_r_i4.
Duplicate register/latch removal. \Controller_inst/Controller_RHD_FIFO_1/FIFO_1/lscc_fifo_inst/fifo0/_FABRIC.u_fifo/MISC.rd_flag_addr_r_i3 is a one-to-one match with \Controller_inst/Controller_RHD_FIFO_1/FIFO_1/lscc_fifo_inst/fifo0/_FABRIC.u_fifo/rd_cmpaddr_r_i3.
Duplicate register/latch removal. \Controller_inst/Controller_RHD_FIFO_1/FIFO_1/lscc_fifo_inst/fifo0/_FABRIC.u_fifo/MISC.rd_flag_addr_r_i2 is a one-to-one match with \Controller_inst/Controller_RHD_FIFO_1/FIFO_1/lscc_fifo_inst/fifo0/_FABRIC.u_fifo/rd_cmpaddr_r_i2.
Duplicate register/latch removal. \Controller_inst/Controller_RHD_FIFO_1/FIFO_1/lscc_fifo_inst/fifo0/_FABRIC.u_fifo/MISC.rd_flag_addr_r_i1 is a one-to-one match with \Controller_inst/Controller_RHD_FIFO_1/FIFO_1/lscc_fifo_inst/fifo0/_FABRIC.u_fifo/rd_cmpaddr_r_i1.
Duplicate register/latch removal. \Controller_inst/Controller_RHD_FIFO_1/FIFO_1/lscc_fifo_inst/fifo0/_FABRIC.u_fifo/MISC.wr_flag_addr_p1_r_i8 is a one-to-one match with \Controller_inst/Controller_RHD_FIFO_1/FIFO_1/lscc_fifo_inst/fifo0/_FABRIC.u_fifo/wr_addr_p1cmp_r_i1.
Duplicate register/latch removal. \Controller_inst/Controller_RHD_FIFO_1/FIFO_1/lscc_fifo_inst/fifo0/_FABRIC.u_fifo/MISC.wr_flag_addr_p1_r_i7 is a one-to-one match with \Controller_inst/Controller_RHD_FIFO_1/FIFO_1/lscc_fifo_inst/fifo0/_FABRIC.u_fifo/wr_addr_p1_r_i7.
Duplicate register/latch removal. \Controller_inst/Controller_RHD_FIFO_1/FIFO_1/lscc_fifo_inst/fifo0/_FABRIC.u_fifo/MISC.wr_flag_addr_p1_r_i6 is a one-to-one match with \Controller_inst/Controller_RHD_FIFO_1/FIFO_1/lscc_fifo_inst/fifo0/_FABRIC.u_fifo/wr_addr_p1_r_i6.
Duplicate register/latch removal. \Controller_inst/Controller_RHD_FIFO_1/FIFO_1/lscc_fifo_inst/fifo0/_FABRIC.u_fifo/MISC.wr_flag_addr_p1_r_i5 is a one-to-one match with \Controller_inst/Controller_RHD_FIFO_1/FIFO_1/lscc_fifo_inst/fifo0/_FABRIC.u_fifo/wr_addr_p1_r_i5.
Duplicate register/latch removal. \Controller_inst/Controller_RHD_FIFO_1/FIFO_1/lscc_fifo_inst/fifo0/_FABRIC.u_fifo/MISC.wr_flag_addr_p1_r_i4 is a one-to-one match with \Controller_inst/Controller_RHD_FIFO_1/FIFO_1/lscc_fifo_inst/fifo0/_FABRIC.u_fifo/wr_addr_p1_r_i4.
Duplicate register/latch removal. \Controller_inst/Controller_RHD_FIFO_1/FIFO_1/lscc_fifo_inst/fifo0/_FABRIC.u_fifo/MISC.wr_flag_addr_p1_r_i3 is a one-to-one match with \Controller_inst/Controller_RHD_FIFO_1/FIFO_1/lscc_fifo_inst/fifo0/_FABRIC.u_fifo/wr_addr_p1_r_i3.
Duplicate register/latch removal. \Controller_inst/Controller_RHD_FIFO_1/FIFO_1/lscc_fifo_inst/fifo0/_FABRIC.u_fifo/MISC.wr_flag_addr_p1_r_i2 is a one-to-one match with \Controller_inst/Controller_RHD_FIFO_1/FIFO_1/lscc_fifo_inst/fifo0/_FABRIC.u_fifo/wr_addr_p1_r_i2.
Duplicate register/latch removal. \Controller_inst/Controller_RHD_FIFO_1/FIFO_1/lscc_fifo_inst/fifo0/_FABRIC.u_fifo/MISC.wr_flag_addr_p1_r_i1 is a one-to-one match with \Controller_inst/Controller_RHD_FIFO_1/FIFO_1/lscc_fifo_inst/fifo0/_FABRIC.u_fifo/wr_addr_p1_r_i1.
Duplicate register/latch removal. \Controller_inst/Controller_RHD_FIFO_1/FIFO_1/lscc_fifo_inst/fifo0/_FABRIC.u_fifo/MISC.wr_flag_addr_r_i7 is a one-to-one match with \Controller_inst/Controller_RHD_FIFO_1/FIFO_1/lscc_fifo_inst/fifo0/_FABRIC.u_fifo/wr_cmpaddr_r_i7.
Duplicate register/latch removal. \Controller_inst/Controller_RHD_FIFO_1/FIFO_1/lscc_fifo_inst/fifo0/_FABRIC.u_fifo/MISC.wr_flag_addr_r_i6 is a one-to-one match with \Controller_inst/Controller_RHD_FIFO_1/FIFO_1/lscc_fifo_inst/fifo0/_FABRIC.u_fifo/wr_cmpaddr_r_i6.
Duplicate register/latch removal. \Controller_inst/Controller_RHD_FIFO_1/FIFO_1/lscc_fifo_inst/fifo0/_FABRIC.u_fifo/MISC.wr_flag_addr_r_i5 is a one-to-one match with \Controller_inst/Controller_RHD_FIFO_1/FIFO_1/lscc_fifo_inst/fifo0/_FABRIC.u_fifo/wr_cmpaddr_r_i5.
Duplicate register/latch removal. \Controller_inst/Controller_RHD_FIFO_1/FIFO_1/lscc_fifo_inst/fifo0/_FABRIC.u_fifo/MISC.wr_flag_addr_r_i4 is a one-to-one match with \Controller_inst/Controller_RHD_FIFO_1/FIFO_1/lscc_fifo_inst/fifo0/_FABRIC.u_fifo/wr_cmpaddr_r_i4.
Duplicate register/latch removal. \Controller_inst/Controller_RHD_FIFO_1/FIFO_1/lscc_fifo_inst/fifo0/_FABRIC.u_fifo/MISC.wr_flag_addr_r_i3 is a one-to-one match with \Controller_inst/Controller_RHD_FIFO_1/FIFO_1/lscc_fifo_inst/fifo0/_FABRIC.u_fifo/wr_cmpaddr_r_i3.
Duplicate register/latch removal. \Controller_inst/Controller_RHD_FIFO_1/FIFO_1/lscc_fifo_inst/fifo0/_FABRIC.u_fifo/MISC.wr_flag_addr_r_i2 is a one-to-one match with \Controller_inst/Controller_RHD_FIFO_1/FIFO_1/lscc_fifo_inst/fifo0/_FABRIC.u_fifo/wr_cmpaddr_r_i2.
Duplicate register/latch removal. \Controller_inst/Controller_RHD_FIFO_1/FIFO_1/lscc_fifo_inst/fifo0/_FABRIC.u_fifo/MISC.wr_flag_addr_r_i1 is a one-to-one match with \Controller_inst/Controller_RHD_FIFO_1/FIFO_1/lscc_fifo_inst/fifo0/_FABRIC.u_fifo/wr_cmpaddr_r_i1.
Duplicate register/latch removal. \Controller_inst/Controller_RHD_FIFO_1/FIFO_1/lscc_fifo_inst/fifo0/_FABRIC.u_fifo/raddr_r_i7 is a one-to-one match with \Controller_inst/Controller_RHD_FIFO_1/FIFO_1/lscc_fifo_inst/fifo0/_FABRIC.u_fifo/MISC.rd_flag_addr_r_i7.
Duplicate register/latch removal. \Controller_inst/Controller_RHD_FIFO_1/FIFO_1/lscc_fifo_inst/fifo0/_FABRIC.u_fifo/raddr_r_i6 is a one-to-one match with \Controller_inst/Controller_RHD_FIFO_1/FIFO_1/lscc_fifo_inst/fifo0/_FABRIC.u_fifo/MISC.rd_flag_addr_r_i6.
Duplicate register/latch removal. \Controller_inst/Controller_RHD_FIFO_1/FIFO_1/lscc_fifo_inst/fifo0/_FABRIC.u_fifo/raddr_r_i5 is a one-to-one match with \Controller_inst/Controller_RHD_FIFO_1/FIFO_1/lscc_fifo_inst/fifo0/_FABRIC.u_fifo/MISC.rd_flag_addr_r_i5.
Duplicate register/latch removal. \Controller_inst/Controller_RHD_FIFO_1/FIFO_1/lscc_fifo_inst/fifo0/_FABRIC.u_fifo/raddr_r_i4 is a one-to-one match with \Controller_inst/Controller_RHD_FIFO_1/FIFO_1/lscc_fifo_inst/fifo0/_FABRIC.u_fifo/MISC.rd_flag_addr_r_i4.
Duplicate register/latch removal. \Controller_inst/Controller_RHD_FIFO_1/FIFO_1/lscc_fifo_inst/fifo0/_FABRIC.u_fifo/raddr_r_i3 is a one-to-one match with \Controller_inst/Controller_RHD_FIFO_1/FIFO_1/lscc_fifo_inst/fifo0/_FABRIC.u_fifo/MISC.rd_flag_addr_r_i3.
Duplicate register/latch removal. \Controller_inst/Controller_RHD_FIFO_1/FIFO_1/lscc_fifo_inst/fifo0/_FABRIC.u_fifo/raddr_r_i2 is a one-to-one match with \Controller_inst/Controller_RHD_FIFO_1/FIFO_1/lscc_fifo_inst/fifo0/_FABRIC.u_fifo/MISC.rd_flag_addr_r_i2.
Duplicate register/latch removal. \Controller_inst/Controller_RHD_FIFO_1/FIFO_1/lscc_fifo_inst/fifo0/_FABRIC.u_fifo/raddr_r_i1 is a one-to-one match with \Controller_inst/Controller_RHD_FIFO_1/FIFO_1/lscc_fifo_inst/fifo0/_FABRIC.u_fifo/MISC.rd_flag_addr_r_i1.
Duplicate register/latch removal. \Controller_inst/Controller_RHD_FIFO_1/FIFO_1/lscc_fifo_inst/fifo0/_FABRIC.u_fifo/rd_addr_p1cmp_r_i8 is a one-to-one match with \Controller_inst/Controller_RHD_FIFO_1/FIFO_1/lscc_fifo_inst/fifo0/_FABRIC.u_fifo/MISC.rd_flag_addr_p1_r_i8.
Duplicate register/latch removal. \Controller_inst/Controller_RHD_FIFO_1/FIFO_1/lscc_fifo_inst/fifo0/_FABRIC.u_fifo/rd_addr_p1cmp_r_i7 is a one-to-one match with \Controller_inst/Controller_RHD_FIFO_1/FIFO_1/lscc_fifo_inst/fifo0/_FABRIC.u_fifo/MISC.rd_flag_addr_p1_r_i7.
Duplicate register/latch removal. \Controller_inst/Controller_RHD_FIFO_1/FIFO_1/lscc_fifo_inst/fifo0/_FABRIC.u_fifo/rd_addr_p1cmp_r_i6 is a one-to-one match with \Controller_inst/Controller_RHD_FIFO_1/FIFO_1/lscc_fifo_inst/fifo0/_FABRIC.u_fifo/MISC.rd_flag_addr_p1_r_i6.
Duplicate register/latch removal. \Controller_inst/Controller_RHD_FIFO_1/FIFO_1/lscc_fifo_inst/fifo0/_FABRIC.u_fifo/rd_addr_p1cmp_r_i5 is a one-to-one match with \Controller_inst/Controller_RHD_FIFO_1/FIFO_1/lscc_fifo_inst/fifo0/_FABRIC.u_fifo/MISC.rd_flag_addr_p1_r_i5.
Duplicate register/latch removal. \Controller_inst/Controller_RHD_FIFO_1/FIFO_1/lscc_fifo_inst/fifo0/_FABRIC.u_fifo/rd_addr_p1cmp_r_i4 is a one-to-one match with \Controller_inst/Controller_RHD_FIFO_1/FIFO_1/lscc_fifo_inst/fifo0/_FABRIC.u_fifo/MISC.rd_flag_addr_p1_r_i4.
Duplicate register/latch removal. \Controller_inst/Controller_RHD_FIFO_1/FIFO_1/lscc_fifo_inst/fifo0/_FABRIC.u_fifo/rd_addr_p1cmp_r_i3 is a one-to-one match with \Controller_inst/Controller_RHD_FIFO_1/FIFO_1/lscc_fifo_inst/fifo0/_FABRIC.u_fifo/MISC.rd_flag_addr_p1_r_i3.
Duplicate register/latch removal. \Controller_inst/Controller_RHD_FIFO_1/FIFO_1/lscc_fifo_inst/fifo0/_FABRIC.u_fifo/rd_addr_p1cmp_r_i2 is a one-to-one match with \Controller_inst/Controller_RHD_FIFO_1/FIFO_1/lscc_fifo_inst/fifo0/_FABRIC.u_fifo/MISC.rd_flag_addr_p1_r_i2.
Duplicate register/latch removal. \Controller_inst/Controller_RHD_FIFO_1/FIFO_1/lscc_fifo_inst/fifo0/_FABRIC.u_fifo/rd_addr_p1cmp_r_i1 is a one-to-one match with \Controller_inst/Controller_RHD_FIFO_1/FIFO_1/lscc_fifo_inst/fifo0/_FABRIC.u_fifo/MISC.rd_flag_addr_p1_r_i1.
Duplicate register/latch removal. \Controller_inst/Controller_RHD_FIFO_1/FIFO_1/lscc_fifo_inst/fifo0/_FABRIC.u_fifo/wr_cmpaddr_p1_r_i7 is a one-to-one match with \Controller_inst/Controller_RHD_FIFO_1/FIFO_1/lscc_fifo_inst/fifo0/_FABRIC.u_fifo/MISC.wr_flag_addr_p1_r_i7.
Duplicate register/latch removal. \Controller_inst/Controller_RHD_FIFO_1/FIFO_1/lscc_fifo_inst/fifo0/_FABRIC.u_fifo/wr_cmpaddr_p1_r_i6 is a one-to-one match with \Controller_inst/Controller_RHD_FIFO_1/FIFO_1/lscc_fifo_inst/fifo0/_FABRIC.u_fifo/MISC.wr_flag_addr_p1_r_i6.
Duplicate register/latch removal. \Controller_inst/Controller_RHD_FIFO_1/FIFO_1/lscc_fifo_inst/fifo0/_FABRIC.u_fifo/wr_cmpaddr_p1_r_i5 is a one-to-one match with \Controller_inst/Controller_RHD_FIFO_1/FIFO_1/lscc_fifo_inst/fifo0/_FABRIC.u_fifo/MISC.wr_flag_addr_p1_r_i5.
Duplicate register/latch removal. \Controller_inst/Controller_RHD_FIFO_1/FIFO_1/lscc_fifo_inst/fifo0/_FABRIC.u_fifo/wr_cmpaddr_p1_r_i4 is a one-to-one match with \Controller_inst/Controller_RHD_FIFO_1/FIFO_1/lscc_fifo_inst/fifo0/_FABRIC.u_fifo/MISC.wr_flag_addr_p1_r_i4.
Duplicate register/latch removal. \Controller_inst/Controller_RHD_FIFO_1/FIFO_1/lscc_fifo_inst/fifo0/_FABRIC.u_fifo/wr_cmpaddr_p1_r_i3 is a one-to-one match with \Controller_inst/Controller_RHD_FIFO_1/FIFO_1/lscc_fifo_inst/fifo0/_FABRIC.u_fifo/MISC.wr_flag_addr_p1_r_i3.
Duplicate register/latch removal. \Controller_inst/Controller_RHD_FIFO_1/FIFO_1/lscc_fifo_inst/fifo0/_FABRIC.u_fifo/wr_cmpaddr_p1_r_i2 is a one-to-one match with \Controller_inst/Controller_RHD_FIFO_1/FIFO_1/lscc_fifo_inst/fifo0/_FABRIC.u_fifo/MISC.wr_flag_addr_p1_r_i2.
Duplicate register/latch removal. \Controller_inst/Controller_RHD_FIFO_1/FIFO_1/lscc_fifo_inst/fifo0/_FABRIC.u_fifo/wr_cmpaddr_p1_r_i1 is a one-to-one match with \Controller_inst/Controller_RHD_FIFO_1/FIFO_1/lscc_fifo_inst/fifo0/_FABRIC.u_fifo/MISC.wr_flag_addr_p1_r_i1.
Duplicate register/latch removal. \Controller_inst/Controller_RHD_FIFO_1/FIFO_1/lscc_fifo_inst/fifo0/_FABRIC.u_fifo/waddr_r_i7 is a one-to-one match with \Controller_inst/Controller_RHD_FIFO_1/FIFO_1/lscc_fifo_inst/fifo0/_FABRIC.u_fifo/MISC.wr_flag_addr_r_i7.
Duplicate register/latch removal. \Controller_inst/Controller_RHD_FIFO_1/FIFO_1/lscc_fifo_inst/fifo0/_FABRIC.u_fifo/waddr_r_i6 is a one-to-one match with \Controller_inst/Controller_RHD_FIFO_1/FIFO_1/lscc_fifo_inst/fifo0/_FABRIC.u_fifo/MISC.wr_flag_addr_r_i6.
Duplicate register/latch removal. \Controller_inst/Controller_RHD_FIFO_1/FIFO_1/lscc_fifo_inst/fifo0/_FABRIC.u_fifo/waddr_r_i5 is a one-to-one match with \Controller_inst/Controller_RHD_FIFO_1/FIFO_1/lscc_fifo_inst/fifo0/_FABRIC.u_fifo/MISC.wr_flag_addr_r_i5.
Duplicate register/latch removal. \Controller_inst/Controller_RHD_FIFO_1/FIFO_1/lscc_fifo_inst/fifo0/_FABRIC.u_fifo/waddr_r_i4 is a one-to-one match with \Controller_inst/Controller_RHD_FIFO_1/FIFO_1/lscc_fifo_inst/fifo0/_FABRIC.u_fifo/MISC.wr_flag_addr_r_i4.
Duplicate register/latch removal. \Controller_inst/Controller_RHD_FIFO_1/FIFO_1/lscc_fifo_inst/fifo0/_FABRIC.u_fifo/waddr_r_i3 is a one-to-one match with \Controller_inst/Controller_RHD_FIFO_1/FIFO_1/lscc_fifo_inst/fifo0/_FABRIC.u_fifo/MISC.wr_flag_addr_r_i3.
Duplicate register/latch removal. \Controller_inst/Controller_RHD_FIFO_1/FIFO_1/lscc_fifo_inst/fifo0/_FABRIC.u_fifo/waddr_r_i2 is a one-to-one match with \Controller_inst/Controller_RHD_FIFO_1/FIFO_1/lscc_fifo_inst/fifo0/_FABRIC.u_fifo/MISC.wr_flag_addr_r_i2.
Duplicate register/latch removal. \Controller_inst/Controller_RHD_FIFO_1/FIFO_1/lscc_fifo_inst/fifo0/_FABRIC.u_fifo/waddr_r_i1 is a one-to-one match with \Controller_inst/Controller_RHD_FIFO_1/FIFO_1/lscc_fifo_inst/fifo0/_FABRIC.u_fifo/MISC.wr_flag_addr_r_i1.
Duplicate register/latch removal. \Controller_inst/Controller_RHD_FIFO_1/FIFO_1/lscc_fifo_inst/fifo0/_FABRIC.u_fifo/full_r is a one-to-one match with \Controller_inst/Controller_RHD_FIFO_1/FIFO_1/lscc_fifo_inst/fifo0/_FABRIC.u_fifo/MISC.full_flag_r.
Duplicate register/latch removal. \Controller_inst/Controller_RHD_FIFO_1/FIFO_1/lscc_fifo_inst/fifo0/_FABRIC.u_fifo/full_mem_r is a one-to-one match with \Controller_inst/Controller_RHD_FIFO_1/FIFO_1/lscc_fifo_inst/fifo0/_FABRIC.u_fifo/full_r.
Duplicate register/latch removal. \Controller_inst/Controller_RHD_FIFO_1/FIFO_1/lscc_fifo_inst/fifo0/_FABRIC.u_fifo/empty_r is a one-to-one match with \Controller_inst/Controller_RHD_FIFO_1/FIFO_1/lscc_fifo_inst/fifo0/_FABRIC.u_fifo/MISC.empty_flag_r.
Duplicate register/latch removal. \Controller_inst/Controller_RHD_FIFO_1/FIFO_1/lscc_fifo_inst/fifo0/_FABRIC.u_fifo/empty_mem_r is a one-to-one match with \Controller_inst/Controller_RHD_FIFO_1/FIFO_1/lscc_fifo_inst/fifo0/_FABRIC.u_fifo/empty_r.
Duplicate register/latch removal. \Controller_inst/Controller_RHD_FIFO_1/FIFO_1/lscc_fifo_inst/fifo0/_FABRIC.u_fifo/wr_addr_p1_r_i0 is a one-to-one match with \Controller_inst/Controller_RHD_FIFO_1/FIFO_1/lscc_fifo_inst/fifo0/_FABRIC.u_fifo/MISC.wr_flag_addr_p1_r_i0.
Duplicate register/latch removal. \Controller_inst/Controller_RHD_FIFO_1/FIFO_1/lscc_fifo_inst/fifo0/_FABRIC.u_fifo/wr_cmpaddr_r_i0 is a one-to-one match with \Controller_inst/Controller_RHD_FIFO_1/FIFO_1/lscc_fifo_inst/fifo0/_FABRIC.u_fifo/MISC.wr_flag_addr_r_i0.
Duplicate register/latch removal. \Controller_inst/Controller_RHD_FIFO_1/FIFO_1/lscc_fifo_inst/fifo0/_FABRIC.u_fifo/wr_addr_p1cmp_r_i1 is a one-to-one match with \Controller_inst/Controller_RHD_FIFO_1/FIFO_1/lscc_fifo_inst/fifo0/_FABRIC.u_fifo/wr_addr_p1_r_i8.
Duplicate register/latch removal. \Controller_inst/Controller_RHD_FIFO_1/FIFO_1/lscc_fifo_inst/fifo0/_FABRIC.u_fifo/waddr_r_i0 is a one-to-one match with \Controller_inst/Controller_RHD_FIFO_1/FIFO_1/lscc_fifo_inst/fifo0/_FABRIC.u_fifo/wr_cmpaddr_r_i0.
Duplicate register/latch removal. \Controller_inst/Controller_RHD_FIFO_1/FIFO_1/lscc_fifo_inst/fifo0/_FABRIC.u_fifo/wr_cmpaddr_p1_r_i0 is a one-to-one match with \Controller_inst/Controller_RHD_FIFO_1/FIFO_1/lscc_fifo_inst/fifo0/_FABRIC.u_fifo/wr_addr_p1_r_i0.
Duplicate register/latch removal. \Controller_inst/Controller_RHD_FIFO_1/FIFO_1/lscc_fifo_inst/fifo0/_FABRIC.u_fifo/rd_addr_p1_r_i0 is a one-to-one match with \Controller_inst/Controller_RHD_FIFO_1/FIFO_1/lscc_fifo_inst/fifo0/_FABRIC.u_fifo/MISC.rd_flag_addr_p1_r_i0.
Duplicate register/latch removal. \Controller_inst/Controller_RHD_FIFO_1/FIFO_1/lscc_fifo_inst/fifo0/_FABRIC.u_fifo/rd_addr_p1cmp_r_i0 is a one-to-one match with \Controller_inst/Controller_RHD_FIFO_1/FIFO_1/lscc_fifo_inst/fifo0/_FABRIC.u_fifo/rd_addr_p1_r_i0.
Duplicate register/latch removal. \Controller_inst/Controller_RHD_FIFO_1/FIFO_1/lscc_fifo_inst/fifo0/_FABRIC.u_fifo/rd_cmpaddr_r_i0 is a one-to-one match with \Controller_inst/Controller_RHD_FIFO_1/FIFO_1/lscc_fifo_inst/fifo0/_FABRIC.u_fifo/MISC.rd_flag_addr_r_i0.
Duplicate register/latch removal. \Controller_inst/Controller_RHD_FIFO_1/FIFO_1/lscc_fifo_inst/fifo0/_FABRIC.u_fifo/raddr_r_i0 is a one-to-one match with \Controller_inst/Controller_RHD_FIFO_1/FIFO_1/lscc_fifo_inst/fifo0/_FABRIC.u_fifo/rd_cmpaddr_r_i0.
Duplicate register/latch removal. \Controller_inst/Controller_RHD_FIFO_1/FIFO_1/lscc_fifo_inst/fifo0/_FABRIC.u_fifo/MISC.rd_flag_addr_p1_r_i8 is a one-to-one match with \Controller_inst/Controller_RHD_FIFO_1/FIFO_1/lscc_fifo_inst/fifo0/_FABRIC.u_fifo/rd_addr_p1_r_i8.
Duplicate register/latch removal. \Controller_inst/Controller_RHD_FIFO_1/FIFO_1/lscc_fifo_inst/fifo0/_FABRIC.u_fifo/MISC.rd_flag_addr_p1_r_i7 is a one-to-one match with \Controller_inst/Controller_RHD_FIFO_1/FIFO_1/lscc_fifo_inst/fifo0/_FABRIC.u_fifo/rd_addr_p1_r_i7.
Duplicate register/latch removal. \Controller_inst/Controller_RHD_FIFO_1/FIFO_1/lscc_fifo_inst/fifo0/_FABRIC.u_fifo/MISC.rd_flag_addr_p1_r_i6 is a one-to-one match with \Controller_inst/Controller_RHD_FIFO_1/FIFO_1/lscc_fifo_inst/fifo0/_FABRIC.u_fifo/rd_addr_p1_r_i6.
Duplicate register/latch removal. \Controller_inst/Controller_RHD_FIFO_1/FIFO_1/lscc_fifo_inst/fifo0/_FABRIC.u_fifo/MISC.rd_flag_addr_p1_r_i5 is a one-to-one match with \Controller_inst/Controller_RHD_FIFO_1/FIFO_1/lscc_fifo_inst/fifo0/_FABRIC.u_fifo/rd_addr_p1_r_i5.
Duplicate register/latch removal. \Controller_inst/Controller_RHD_FIFO_1/FIFO_1/lscc_fifo_inst/fifo0/_FABRIC.u_fifo/MISC.rd_flag_addr_p1_r_i4 is a one-to-one match with \Controller_inst/Controller_RHD_FIFO_1/FIFO_1/lscc_fifo_inst/fifo0/_FABRIC.u_fifo/rd_addr_p1_r_i4.
Duplicate register/latch removal. \Controller_inst/Controller_RHD_FIFO_1/FIFO_1/lscc_fifo_inst/fifo0/_FABRIC.u_fifo/MISC.rd_flag_addr_p1_r_i3 is a one-to-one match with \Controller_inst/Controller_RHD_FIFO_1/FIFO_1/lscc_fifo_inst/fifo0/_FABRIC.u_fifo/rd_addr_p1_r_i3.
Duplicate register/latch removal. \Controller_inst/Controller_RHD_FIFO_1/FIFO_1/lscc_fifo_inst/fifo0/_FABRIC.u_fifo/MISC.rd_flag_addr_p1_r_i2 is a one-to-one match with \Controller_inst/Controller_RHD_FIFO_1/FIFO_1/lscc_fifo_inst/fifo0/_FABRIC.u_fifo/rd_addr_p1_r_i2.
Duplicate register/latch removal. \Controller_inst/Controller_RHD_FIFO_1/FIFO_1/lscc_fifo_inst/fifo0/_FABRIC.u_fifo/MISC.rd_flag_addr_p1_r_i1 is a one-to-one match with \Controller_inst/Controller_RHD_FIFO_1/FIFO_1/lscc_fifo_inst/fifo0/_FABRIC.u_fifo/rd_addr_p1_r_i1.
Duplicate register/latch removal. \Controller_inst/Controller_RHD_FIFO_1/FIFO_1/lscc_fifo_inst/fifo0/_FABRIC.u_fifo/MISC.rd_flag_addr_r_i7 is a one-to-one match with \Controller_inst/Controller_RHD_FIFO_1/FIFO_1/lscc_fifo_inst/fifo0/_FABRIC.u_fifo/rd_cmpaddr_r_i7.
Duplicate register/latch removal. \Controller_inst/Controller_RHD_FIFO_1/FIFO_1/lscc_fifo_inst/fifo0/_FABRIC.u_fifo/MISC.rd_flag_addr_r_i6 is a one-to-one match with \Controller_inst/Controller_RHD_FIFO_1/FIFO_1/lscc_fifo_inst/fifo0/_FABRIC.u_fifo/rd_cmpaddr_r_i6.
Duplicate register/latch removal. \Controller_inst/Controller_RHD_FIFO_1/FIFO_1/lscc_fifo_inst/fifo0/_FABRIC.u_fifo/MISC.rd_flag_addr_r_i5 is a one-to-one match with \Controller_inst/Controller_RHD_FIFO_1/FIFO_1/lscc_fifo_inst/fifo0/_FABRIC.u_fifo/rd_cmpaddr_r_i5.
Duplicate register/latch removal. \Controller_inst/Controller_RHD_FIFO_1/FIFO_1/lscc_fifo_inst/fifo0/_FABRIC.u_fifo/MISC.rd_flag_addr_r_i4 is a one-to-one match with \Controller_inst/Controller_RHD_FIFO_1/FIFO_1/lscc_fifo_inst/fifo0/_FABRIC.u_fifo/rd_cmpaddr_r_i4.
Duplicate register/latch removal. \Controller_inst/Controller_RHD_FIFO_1/FIFO_1/lscc_fifo_inst/fifo0/_FABRIC.u_fifo/MISC.rd_flag_addr_r_i3 is a one-to-one match with \Controller_inst/Controller_RHD_FIFO_1/FIFO_1/lscc_fifo_inst/fifo0/_FABRIC.u_fifo/rd_cmpaddr_r_i3.
Duplicate register/latch removal. \Controller_inst/Controller_RHD_FIFO_1/FIFO_1/lscc_fifo_inst/fifo0/_FABRIC.u_fifo/MISC.rd_flag_addr_r_i2 is a one-to-one match with \Controller_inst/Controller_RHD_FIFO_1/FIFO_1/lscc_fifo_inst/fifo0/_FABRIC.u_fifo/rd_cmpaddr_r_i2.
Duplicate register/latch removal. \Controller_inst/Controller_RHD_FIFO_1/FIFO_1/lscc_fifo_inst/fifo0/_FABRIC.u_fifo/MISC.rd_flag_addr_r_i1 is a one-to-one match with \Controller_inst/Controller_RHD_FIFO_1/FIFO_1/lscc_fifo_inst/fifo0/_FABRIC.u_fifo/rd_cmpaddr_r_i1.
Duplicate register/latch removal. \Controller_inst/Controller_RHD_FIFO_1/FIFO_1/lscc_fifo_inst/fifo0/_FABRIC.u_fifo/MISC.wr_flag_addr_p1_r_i8 is a one-to-one match with \Controller_inst/Controller_RHD_FIFO_1/FIFO_1/lscc_fifo_inst/fifo0/_FABRIC.u_fifo/wr_addr_p1cmp_r_i1.
Duplicate register/latch removal. \Controller_inst/Controller_RHD_FIFO_1/FIFO_1/lscc_fifo_inst/fifo0/_FABRIC.u_fifo/MISC.wr_flag_addr_p1_r_i7 is a one-to-one match with \Controller_inst/Controller_RHD_FIFO_1/FIFO_1/lscc_fifo_inst/fifo0/_FABRIC.u_fifo/wr_addr_p1_r_i7.
Duplicate register/latch removal. \Controller_inst/Controller_RHD_FIFO_1/FIFO_1/lscc_fifo_inst/fifo0/_FABRIC.u_fifo/MISC.wr_flag_addr_p1_r_i6 is a one-to-one match with \Controller_inst/Controller_RHD_FIFO_1/FIFO_1/lscc_fifo_inst/fifo0/_FABRIC.u_fifo/wr_addr_p1_r_i6.
Duplicate register/latch removal. \Controller_inst/Controller_RHD_FIFO_1/FIFO_1/lscc_fifo_inst/fifo0/_FABRIC.u_fifo/MISC.wr_flag_addr_p1_r_i5 is a one-to-one match with \Controller_inst/Controller_RHD_FIFO_1/FIFO_1/lscc_fifo_inst/fifo0/_FABRIC.u_fifo/wr_addr_p1_r_i5.
Duplicate register/latch removal. \Controller_inst/Controller_RHD_FIFO_1/FIFO_1/lscc_fifo_inst/fifo0/_FABRIC.u_fifo/MISC.wr_flag_addr_p1_r_i4 is a one-to-one match with \Controller_inst/Controller_RHD_FIFO_1/FIFO_1/lscc_fifo_inst/fifo0/_FABRIC.u_fifo/wr_addr_p1_r_i4.
Duplicate register/latch removal. \Controller_inst/Controller_RHD_FIFO_1/FIFO_1/lscc_fifo_inst/fifo0/_FABRIC.u_fifo/MISC.wr_flag_addr_p1_r_i3 is a one-to-one match with \Controller_inst/Controller_RHD_FIFO_1/FIFO_1/lscc_fifo_inst/fifo0/_FABRIC.u_fifo/wr_addr_p1_r_i3.
Duplicate register/latch removal. \Controller_inst/Controller_RHD_FIFO_1/FIFO_1/lscc_fifo_inst/fifo0/_FABRIC.u_fifo/MISC.wr_flag_addr_p1_r_i2 is a one-to-one match with \Controller_inst/Controller_RHD_FIFO_1/FIFO_1/lscc_fifo_inst/fifo0/_FABRIC.u_fifo/wr_addr_p1_r_i2.
Duplicate register/latch removal. \Controller_inst/Controller_RHD_FIFO_1/FIFO_1/lscc_fifo_inst/fifo0/_FABRIC.u_fifo/MISC.wr_flag_addr_p1_r_i1 is a one-to-one match with \Controller_inst/Controller_RHD_FIFO_1/FIFO_1/lscc_fifo_inst/fifo0/_FABRIC.u_fifo/wr_addr_p1_r_i1.
Duplicate register/latch removal. \Controller_inst/Controller_RHD_FIFO_1/FIFO_1/lscc_fifo_inst/fifo0/_FABRIC.u_fifo/MISC.wr_flag_addr_r_i7 is a one-to-one match with \Controller_inst/Controller_RHD_FIFO_1/FIFO_1/lscc_fifo_inst/fifo0/_FABRIC.u_fifo/wr_cmpaddr_r_i7.
Duplicate register/latch removal. \Controller_inst/Controller_RHD_FIFO_1/FIFO_1/lscc_fifo_inst/fifo0/_FABRIC.u_fifo/MISC.wr_flag_addr_r_i6 is a one-to-one match with \Controller_inst/Controller_RHD_FIFO_1/FIFO_1/lscc_fifo_inst/fifo0/_FABRIC.u_fifo/wr_cmpaddr_r_i6.
Duplicate register/latch removal. \Controller_inst/Controller_RHD_FIFO_1/FIFO_1/lscc_fifo_inst/fifo0/_FABRIC.u_fifo/MISC.wr_flag_addr_r_i5 is a one-to-one match with \Controller_inst/Controller_RHD_FIFO_1/FIFO_1/lscc_fifo_inst/fifo0/_FABRIC.u_fifo/wr_cmpaddr_r_i5.
Duplicate register/latch removal. \Controller_inst/Controller_RHD_FIFO_1/FIFO_1/lscc_fifo_inst/fifo0/_FABRIC.u_fifo/MISC.wr_flag_addr_r_i4 is a one-to-one match with \Controller_inst/Controller_RHD_FIFO_1/FIFO_1/lscc_fifo_inst/fifo0/_FABRIC.u_fifo/wr_cmpaddr_r_i4.
Duplicate register/latch removal. \Controller_inst/Controller_RHD_FIFO_1/FIFO_1/lscc_fifo_inst/fifo0/_FABRIC.u_fifo/MISC.wr_flag_addr_r_i3 is a one-to-one match with \Controller_inst/Controller_RHD_FIFO_1/FIFO_1/lscc_fifo_inst/fifo0/_FABRIC.u_fifo/wr_cmpaddr_r_i3.
Duplicate register/latch removal. \Controller_inst/Controller_RHD_FIFO_1/FIFO_1/lscc_fifo_inst/fifo0/_FABRIC.u_fifo/MISC.wr_flag_addr_r_i2 is a one-to-one match with \Controller_inst/Controller_RHD_FIFO_1/FIFO_1/lscc_fifo_inst/fifo0/_FABRIC.u_fifo/wr_cmpaddr_r_i2.
Duplicate register/latch removal. \Controller_inst/Controller_RHD_FIFO_1/FIFO_1/lscc_fifo_inst/fifo0/_FABRIC.u_fifo/MISC.wr_flag_addr_r_i1 is a one-to-one match with \Controller_inst/Controller_RHD_FIFO_1/FIFO_1/lscc_fifo_inst/fifo0/_FABRIC.u_fifo/wr_cmpaddr_r_i1.
Duplicate register/latch removal. \Controller_inst/Controller_RHD_FIFO_1/FIFO_1/lscc_fifo_inst/fifo0/_FABRIC.u_fifo/raddr_r_i7 is a one-to-one match with \Controller_inst/Controller_RHD_FIFO_1/FIFO_1/lscc_fifo_inst/fifo0/_FABRIC.u_fifo/MISC.rd_flag_addr_r_i7.
Duplicate register/latch removal. \Controller_inst/Controller_RHD_FIFO_1/FIFO_1/lscc_fifo_inst/fifo0/_FABRIC.u_fifo/raddr_r_i6 is a one-to-one match with \Controller_inst/Controller_RHD_FIFO_1/FIFO_1/lscc_fifo_inst/fifo0/_FABRIC.u_fifo/MISC.rd_flag_addr_r_i6.
Duplicate register/latch removal. \Controller_inst/Controller_RHD_FIFO_1/FIFO_1/lscc_fifo_inst/fifo0/_FABRIC.u_fifo/raddr_r_i5 is a one-to-one match with \Controller_inst/Controller_RHD_FIFO_1/FIFO_1/lscc_fifo_inst/fifo0/_FABRIC.u_fifo/MISC.rd_flag_addr_r_i5.
Duplicate register/latch removal. \Controller_inst/Controller_RHD_FIFO_1/FIFO_1/lscc_fifo_inst/fifo0/_FABRIC.u_fifo/raddr_r_i4 is a one-to-one match with \Controller_inst/Controller_RHD_FIFO_1/FIFO_1/lscc_fifo_inst/fifo0/_FABRIC.u_fifo/MISC.rd_flag_addr_r_i4.
Duplicate register/latch removal. \Controller_inst/Controller_RHD_FIFO_1/FIFO_1/lscc_fifo_inst/fifo0/_FABRIC.u_fifo/raddr_r_i3 is a one-to-one match with \Controller_inst/Controller_RHD_FIFO_1/FIFO_1/lscc_fifo_inst/fifo0/_FABRIC.u_fifo/MISC.rd_flag_addr_r_i3.
Duplicate register/latch removal. \Controller_inst/Controller_RHD_FIFO_1/FIFO_1/lscc_fifo_inst/fifo0/_FABRIC.u_fifo/raddr_r_i2 is a one-to-one match with \Controller_inst/Controller_RHD_FIFO_1/FIFO_1/lscc_fifo_inst/fifo0/_FABRIC.u_fifo/MISC.rd_flag_addr_r_i2.
Duplicate register/latch removal. \Controller_inst/Controller_RHD_FIFO_1/FIFO_1/lscc_fifo_inst/fifo0/_FABRIC.u_fifo/raddr_r_i1 is a one-to-one match with \Controller_inst/Controller_RHD_FIFO_1/FIFO_1/lscc_fifo_inst/fifo0/_FABRIC.u_fifo/MISC.rd_flag_addr_r_i1.
Duplicate register/latch removal. \Controller_inst/Controller_RHD_FIFO_1/FIFO_1/lscc_fifo_inst/fifo0/_FABRIC.u_fifo/rd_addr_p1cmp_r_i8 is a one-to-one match with \Controller_inst/Controller_RHD_FIFO_1/FIFO_1/lscc_fifo_inst/fifo0/_FABRIC.u_fifo/MISC.rd_flag_addr_p1_r_i8.
Duplicate register/latch removal. \Controller_inst/Controller_RHD_FIFO_1/FIFO_1/lscc_fifo_inst/fifo0/_FABRIC.u_fifo/rd_addr_p1cmp_r_i7 is a one-to-one match with \Controller_inst/Controller_RHD_FIFO_1/FIFO_1/lscc_fifo_inst/fifo0/_FABRIC.u_fifo/MISC.rd_flag_addr_p1_r_i7.
Duplicate register/latch removal. \Controller_inst/Controller_RHD_FIFO_1/FIFO_1/lscc_fifo_inst/fifo0/_FABRIC.u_fifo/rd_addr_p1cmp_r_i6 is a one-to-one match with \Controller_inst/Controller_RHD_FIFO_1/FIFO_1/lscc_fifo_inst/fifo0/_FABRIC.u_fifo/MISC.rd_flag_addr_p1_r_i6.
Duplicate register/latch removal. \Controller_inst/Controller_RHD_FIFO_1/FIFO_1/lscc_fifo_inst/fifo0/_FABRIC.u_fifo/rd_addr_p1cmp_r_i5 is a one-to-one match with \Controller_inst/Controller_RHD_FIFO_1/FIFO_1/lscc_fifo_inst/fifo0/_FABRIC.u_fifo/MISC.rd_flag_addr_p1_r_i5.
Duplicate register/latch removal. \Controller_inst/Controller_RHD_FIFO_1/FIFO_1/lscc_fifo_inst/fifo0/_FABRIC.u_fifo/rd_addr_p1cmp_r_i4 is a one-to-one match with \Controller_inst/Controller_RHD_FIFO_1/FIFO_1/lscc_fifo_inst/fifo0/_FABRIC.u_fifo/MISC.rd_flag_addr_p1_r_i4.
Duplicate register/latch removal. \Controller_inst/Controller_RHD_FIFO_1/FIFO_1/lscc_fifo_inst/fifo0/_FABRIC.u_fifo/rd_addr_p1cmp_r_i3 is a one-to-one match with \Controller_inst/Controller_RHD_FIFO_1/FIFO_1/lscc_fifo_inst/fifo0/_FABRIC.u_fifo/MISC.rd_flag_addr_p1_r_i3.
Duplicate register/latch removal. \Controller_inst/Controller_RHD_FIFO_1/FIFO_1/lscc_fifo_inst/fifo0/_FABRIC.u_fifo/rd_addr_p1cmp_r_i2 is a one-to-one match with \Controller_inst/Controller_RHD_FIFO_1/FIFO_1/lscc_fifo_inst/fifo0/_FABRIC.u_fifo/MISC.rd_flag_addr_p1_r_i2.
Duplicate register/latch removal. \Controller_inst/Controller_RHD_FIFO_1/FIFO_1/lscc_fifo_inst/fifo0/_FABRIC.u_fifo/rd_addr_p1cmp_r_i1 is a one-to-one match with \Controller_inst/Controller_RHD_FIFO_1/FIFO_1/lscc_fifo_inst/fifo0/_FABRIC.u_fifo/MISC.rd_flag_addr_p1_r_i1.
Duplicate register/latch removal. \Controller_inst/Controller_RHD_FIFO_1/FIFO_1/lscc_fifo_inst/fifo0/_FABRIC.u_fifo/wr_cmpaddr_p1_r_i7 is a one-to-one match with \Controller_inst/Controller_RHD_FIFO_1/FIFO_1/lscc_fifo_inst/fifo0/_FABRIC.u_fifo/MISC.wr_flag_addr_p1_r_i7.
Duplicate register/latch removal. \Controller_inst/Controller_RHD_FIFO_1/FIFO_1/lscc_fifo_inst/fifo0/_FABRIC.u_fifo/wr_cmpaddr_p1_r_i6 is a one-to-one match with \Controller_inst/Controller_RHD_FIFO_1/FIFO_1/lscc_fifo_inst/fifo0/_FABRIC.u_fifo/MISC.wr_flag_addr_p1_r_i6.
Duplicate register/latch removal. \Controller_inst/Controller_RHD_FIFO_1/FIFO_1/lscc_fifo_inst/fifo0/_FABRIC.u_fifo/wr_cmpaddr_p1_r_i5 is a one-to-one match with \Controller_inst/Controller_RHD_FIFO_1/FIFO_1/lscc_fifo_inst/fifo0/_FABRIC.u_fifo/MISC.wr_flag_addr_p1_r_i5.
Duplicate register/latch removal. \Controller_inst/Controller_RHD_FIFO_1/FIFO_1/lscc_fifo_inst/fifo0/_FABRIC.u_fifo/wr_cmpaddr_p1_r_i4 is a one-to-one match with \Controller_inst/Controller_RHD_FIFO_1/FIFO_1/lscc_fifo_inst/fifo0/_FABRIC.u_fifo/MISC.wr_flag_addr_p1_r_i4.
Duplicate register/latch removal. \Controller_inst/Controller_RHD_FIFO_1/FIFO_1/lscc_fifo_inst/fifo0/_FABRIC.u_fifo/wr_cmpaddr_p1_r_i3 is a one-to-one match with \Controller_inst/Controller_RHD_FIFO_1/FIFO_1/lscc_fifo_inst/fifo0/_FABRIC.u_fifo/MISC.wr_flag_addr_p1_r_i3.
Duplicate register/latch removal. \Controller_inst/Controller_RHD_FIFO_1/FIFO_1/lscc_fifo_inst/fifo0/_FABRIC.u_fifo/wr_cmpaddr_p1_r_i2 is a one-to-one match with \Controller_inst/Controller_RHD_FIFO_1/FIFO_1/lscc_fifo_inst/fifo0/_FABRIC.u_fifo/MISC.wr_flag_addr_p1_r_i2.
Duplicate register/latch removal. \Controller_inst/Controller_RHD_FIFO_1/FIFO_1/lscc_fifo_inst/fifo0/_FABRIC.u_fifo/wr_cmpaddr_p1_r_i1 is a one-to-one match with \Controller_inst/Controller_RHD_FIFO_1/FIFO_1/lscc_fifo_inst/fifo0/_FABRIC.u_fifo/MISC.wr_flag_addr_p1_r_i1.
Duplicate register/latch removal. \Controller_inst/Controller_RHD_FIFO_1/FIFO_1/lscc_fifo_inst/fifo0/_FABRIC.u_fifo/waddr_r_i7 is a one-to-one match with \Controller_inst/Controller_RHD_FIFO_1/FIFO_1/lscc_fifo_inst/fifo0/_FABRIC.u_fifo/MISC.wr_flag_addr_r_i7.
Duplicate register/latch removal. \Controller_inst/Controller_RHD_FIFO_1/FIFO_1/lscc_fifo_inst/fifo0/_FABRIC.u_fifo/waddr_r_i6 is a one-to-one match with \Controller_inst/Controller_RHD_FIFO_1/FIFO_1/lscc_fifo_inst/fifo0/_FABRIC.u_fifo/MISC.wr_flag_addr_r_i6.
Duplicate register/latch removal. \Controller_inst/Controller_RHD_FIFO_1/FIFO_1/lscc_fifo_inst/fifo0/_FABRIC.u_fifo/waddr_r_i5 is a one-to-one match with \Controller_inst/Controller_RHD_FIFO_1/FIFO_1/lscc_fifo_inst/fifo0/_FABRIC.u_fifo/MISC.wr_flag_addr_r_i5.
Duplicate register/latch removal. \Controller_inst/Controller_RHD_FIFO_1/FIFO_1/lscc_fifo_inst/fifo0/_FABRIC.u_fifo/waddr_r_i4 is a one-to-one match with \Controller_inst/Controller_RHD_FIFO_1/FIFO_1/lscc_fifo_inst/fifo0/_FABRIC.u_fifo/MISC.wr_flag_addr_r_i4.
Duplicate register/latch removal. \Controller_inst/Controller_RHD_FIFO_1/FIFO_1/lscc_fifo_inst/fifo0/_FABRIC.u_fifo/waddr_r_i3 is a one-to-one match with \Controller_inst/Controller_RHD_FIFO_1/FIFO_1/lscc_fifo_inst/fifo0/_FABRIC.u_fifo/MISC.wr_flag_addr_r_i3.
Duplicate register/latch removal. \Controller_inst/Controller_RHD_FIFO_1/FIFO_1/lscc_fifo_inst/fifo0/_FABRIC.u_fifo/waddr_r_i2 is a one-to-one match with \Controller_inst/Controller_RHD_FIFO_1/FIFO_1/lscc_fifo_inst/fifo0/_FABRIC.u_fifo/MISC.wr_flag_addr_r_i2.
Duplicate register/latch removal. \Controller_inst/Controller_RHD_FIFO_1/FIFO_1/lscc_fifo_inst/fifo0/_FABRIC.u_fifo/waddr_r_i1 is a one-to-one match with \Controller_inst/Controller_RHD_FIFO_1/FIFO_1/lscc_fifo_inst/fifo0/_FABRIC.u_fifo/MISC.wr_flag_addr_r_i1.
Duplicate register/latch removal. \Controller_inst/Controller_RHD_FIFO_1/FIFO_1/lscc_fifo_inst/fifo0/_FABRIC.u_fifo/full_r is a one-to-one match with \Controller_inst/Controller_RHD_FIFO_1/FIFO_1/lscc_fifo_inst/fifo0/_FABRIC.u_fifo/MISC.full_flag_r.
Duplicate register/latch removal. \Controller_inst/Controller_RHD_FIFO_1/FIFO_1/lscc_fifo_inst/fifo0/_FABRIC.u_fifo/full_mem_r is a one-to-one match with \Controller_inst/Controller_RHD_FIFO_1/FIFO_1/lscc_fifo_inst/fifo0/_FABRIC.u_fifo/full_r.
Duplicate register/latch removal. \Controller_inst/Controller_RHD_FIFO_1/FIFO_1/lscc_fifo_inst/fifo0/_FABRIC.u_fifo/empty_r is a one-to-one match with \Controller_inst/Controller_RHD_FIFO_1/FIFO_1/lscc_fifo_inst/fifo0/_FABRIC.u_fifo/MISC.empty_flag_r.
Duplicate register/latch removal. \Controller_inst/Controller_RHD_FIFO_1/FIFO_1/lscc_fifo_inst/fifo0/_FABRIC.u_fifo/empty_mem_r is a one-to-one match with \Controller_inst/Controller_RHD_FIFO_1/FIFO_1/lscc_fifo_inst/fifo0/_FABRIC.u_fifo/empty_r.
Duplicate register/latch removal. \Controller_inst/Controller_RHD_FIFO_1/FIFO_1/lscc_fifo_inst/fifo0/_FABRIC.u_fifo/wr_addr_p1_r_i0 is a one-to-one match with \Controller_inst/Controller_RHD_FIFO_1/FIFO_1/lscc_fifo_inst/fifo0/_FABRIC.u_fifo/MISC.wr_flag_addr_p1_r_i0.
Duplicate register/latch removal. \Controller_inst/Controller_RHD_FIFO_1/FIFO_1/lscc_fifo_inst/fifo0/_FABRIC.u_fifo/wr_cmpaddr_r_i0 is a one-to-one match with \Controller_inst/Controller_RHD_FIFO_1/FIFO_1/lscc_fifo_inst/fifo0/_FABRIC.u_fifo/MISC.wr_flag_addr_r_i0.
Duplicate register/latch removal. \Controller_inst/Controller_RHD_FIFO_1/FIFO_1/lscc_fifo_inst/fifo0/_FABRIC.u_fifo/wr_addr_p1cmp_r_i1 is a one-to-one match with \Controller_inst/Controller_RHD_FIFO_1/FIFO_1/lscc_fifo_inst/fifo0/_FABRIC.u_fifo/wr_addr_p1_r_i8.
Duplicate register/latch removal. \Controller_inst/Controller_RHD_FIFO_1/FIFO_1/lscc_fifo_inst/fifo0/_FABRIC.u_fifo/waddr_r_i0 is a one-to-one match with \Controller_inst/Controller_RHD_FIFO_1/FIFO_1/lscc_fifo_inst/fifo0/_FABRIC.u_fifo/wr_cmpaddr_r_i0.
Duplicate register/latch removal. \Controller_inst/Controller_RHD_FIFO_1/FIFO_1/lscc_fifo_inst/fifo0/_FABRIC.u_fifo/wr_cmpaddr_p1_r_i0 is a one-to-one match with \Controller_inst/Controller_RHD_FIFO_1/FIFO_1/lscc_fifo_inst/fifo0/_FABRIC.u_fifo/wr_addr_p1_r_i0.
Duplicate register/latch removal. \Controller_inst/Controller_RHD_FIFO_1/FIFO_1/lscc_fifo_inst/fifo0/_FABRIC.u_fifo/rd_addr_p1_r_i0 is a one-to-one match with \Controller_inst/Controller_RHD_FIFO_1/FIFO_1/lscc_fifo_inst/fifo0/_FABRIC.u_fifo/MISC.rd_flag_addr_p1_r_i0.
Duplicate register/latch removal. \Controller_inst/Controller_RHD_FIFO_1/FIFO_1/lscc_fifo_inst/fifo0/_FABRIC.u_fifo/rd_addr_p1cmp_r_i0 is a one-to-one match with \Controller_inst/Controller_RHD_FIFO_1/FIFO_1/lscc_fifo_inst/fifo0/_FABRIC.u_fifo/rd_addr_p1_r_i0.
Duplicate register/latch removal. \Controller_inst/Controller_RHD_FIFO_1/FIFO_1/lscc_fifo_inst/fifo0/_FABRIC.u_fifo/rd_cmpaddr_r_i0 is a one-to-one match with \Controller_inst/Controller_RHD_FIFO_1/FIFO_1/lscc_fifo_inst/fifo0/_FABRIC.u_fifo/MISC.rd_flag_addr_r_i0.
Duplicate register/latch removal. \Controller_inst/Controller_RHD_FIFO_1/FIFO_1/lscc_fifo_inst/fifo0/_FABRIC.u_fifo/raddr_r_i0 is a one-to-one match with \Controller_inst/Controller_RHD_FIFO_1/FIFO_1/lscc_fifo_inst/fifo0/_FABRIC.u_fifo/rd_cmpaddr_r_i0.
Duplicate register/latch removal. \Controller_inst/Controller_RHD_FIFO_1/FIFO_1/lscc_fifo_inst/fifo0/_FABRIC.u_fifo/MISC.rd_flag_addr_p1_r_i8 is a one-to-one match with \Controller_inst/Controller_RHD_FIFO_1/FIFO_1/lscc_fifo_inst/fifo0/_FABRIC.u_fifo/rd_addr_p1_r_i8.
Duplicate register/latch removal. \Controller_inst/Controller_RHD_FIFO_1/FIFO_1/lscc_fifo_inst/fifo0/_FABRIC.u_fifo/MISC.rd_flag_addr_p1_r_i7 is a one-to-one match with \Controller_inst/Controller_RHD_FIFO_1/FIFO_1/lscc_fifo_inst/fifo0/_FABRIC.u_fifo/rd_addr_p1_r_i7.
Duplicate register/latch removal. \Controller_inst/Controller_RHD_FIFO_1/FIFO_1/lscc_fifo_inst/fifo0/_FABRIC.u_fifo/MISC.rd_flag_addr_p1_r_i6 is a one-to-one match with \Controller_inst/Controller_RHD_FIFO_1/FIFO_1/lscc_fifo_inst/fifo0/_FABRIC.u_fifo/rd_addr_p1_r_i6.
Duplicate register/latch removal. \Controller_inst/Controller_RHD_FIFO_1/FIFO_1/lscc_fifo_inst/fifo0/_FABRIC.u_fifo/MISC.rd_flag_addr_p1_r_i5 is a one-to-one match with \Controller_inst/Controller_RHD_FIFO_1/FIFO_1/lscc_fifo_inst/fifo0/_FABRIC.u_fifo/rd_addr_p1_r_i5.
Duplicate register/latch removal. \Controller_inst/Controller_RHD_FIFO_1/FIFO_1/lscc_fifo_inst/fifo0/_FABRIC.u_fifo/MISC.rd_flag_addr_p1_r_i4 is a one-to-one match with \Controller_inst/Controller_RHD_FIFO_1/FIFO_1/lscc_fifo_inst/fifo0/_FABRIC.u_fifo/rd_addr_p1_r_i4.
Duplicate register/latch removal. \Controller_inst/Controller_RHD_FIFO_1/FIFO_1/lscc_fifo_inst/fifo0/_FABRIC.u_fifo/MISC.rd_flag_addr_p1_r_i3 is a one-to-one match with \Controller_inst/Controller_RHD_FIFO_1/FIFO_1/lscc_fifo_inst/fifo0/_FABRIC.u_fifo/rd_addr_p1_r_i3.
Duplicate register/latch removal. \Controller_inst/Controller_RHD_FIFO_1/FIFO_1/lscc_fifo_inst/fifo0/_FABRIC.u_fifo/MISC.rd_flag_addr_p1_r_i2 is a one-to-one match with \Controller_inst/Controller_RHD_FIFO_1/FIFO_1/lscc_fifo_inst/fifo0/_FABRIC.u_fifo/rd_addr_p1_r_i2.
Duplicate register/latch removal. \Controller_inst/Controller_RHD_FIFO_1/FIFO_1/lscc_fifo_inst/fifo0/_FABRIC.u_fifo/MISC.rd_flag_addr_p1_r_i1 is a one-to-one match with \Controller_inst/Controller_RHD_FIFO_1/FIFO_1/lscc_fifo_inst/fifo0/_FABRIC.u_fifo/rd_addr_p1_r_i1.
Duplicate register/latch removal. \Controller_inst/Controller_RHD_FIFO_1/FIFO_1/lscc_fifo_inst/fifo0/_FABRIC.u_fifo/MISC.rd_flag_addr_r_i7 is a one-to-one match with \Controller_inst/Controller_RHD_FIFO_1/FIFO_1/lscc_fifo_inst/fifo0/_FABRIC.u_fifo/rd_cmpaddr_r_i7.
Duplicate register/latch removal. \Controller_inst/Controller_RHD_FIFO_1/FIFO_1/lscc_fifo_inst/fifo0/_FABRIC.u_fifo/MISC.rd_flag_addr_r_i6 is a one-to-one match with \Controller_inst/Controller_RHD_FIFO_1/FIFO_1/lscc_fifo_inst/fifo0/_FABRIC.u_fifo/rd_cmpaddr_r_i6.
Duplicate register/latch removal. \Controller_inst/Controller_RHD_FIFO_1/FIFO_1/lscc_fifo_inst/fifo0/_FABRIC.u_fifo/MISC.rd_flag_addr_r_i5 is a one-to-one match with \Controller_inst/Controller_RHD_FIFO_1/FIFO_1/lscc_fifo_inst/fifo0/_FABRIC.u_fifo/rd_cmpaddr_r_i5.
Duplicate register/latch removal. \Controller_inst/Controller_RHD_FIFO_1/FIFO_1/lscc_fifo_inst/fifo0/_FABRIC.u_fifo/MISC.rd_flag_addr_r_i4 is a one-to-one match with \Controller_inst/Controller_RHD_FIFO_1/FIFO_1/lscc_fifo_inst/fifo0/_FABRIC.u_fifo/rd_cmpaddr_r_i4.
Duplicate register/latch removal. \Controller_inst/Controller_RHD_FIFO_1/FIFO_1/lscc_fifo_inst/fifo0/_FABRIC.u_fifo/MISC.rd_flag_addr_r_i3 is a one-to-one match with \Controller_inst/Controller_RHD_FIFO_1/FIFO_1/lscc_fifo_inst/fifo0/_FABRIC.u_fifo/rd_cmpaddr_r_i3.
Duplicate register/latch removal. \Controller_inst/Controller_RHD_FIFO_1/FIFO_1/lscc_fifo_inst/fifo0/_FABRIC.u_fifo/MISC.rd_flag_addr_r_i2 is a one-to-one match with \Controller_inst/Controller_RHD_FIFO_1/FIFO_1/lscc_fifo_inst/fifo0/_FABRIC.u_fifo/rd_cmpaddr_r_i2.
Duplicate register/latch removal. \Controller_inst/Controller_RHD_FIFO_1/FIFO_1/lscc_fifo_inst/fifo0/_FABRIC.u_fifo/MISC.rd_flag_addr_r_i1 is a one-to-one match with \Controller_inst/Controller_RHD_FIFO_1/FIFO_1/lscc_fifo_inst/fifo0/_FABRIC.u_fifo/rd_cmpaddr_r_i1.
Duplicate register/latch removal. \Controller_inst/Controller_RHD_FIFO_1/FIFO_1/lscc_fifo_inst/fifo0/_FABRIC.u_fifo/MISC.wr_flag_addr_p1_r_i8 is a one-to-one match with \Controller_inst/Controller_RHD_FIFO_1/FIFO_1/lscc_fifo_inst/fifo0/_FABRIC.u_fifo/wr_addr_p1cmp_r_i1.
Duplicate register/latch removal. \Controller_inst/Controller_RHD_FIFO_1/FIFO_1/lscc_fifo_inst/fifo0/_FABRIC.u_fifo/MISC.wr_flag_addr_p1_r_i7 is a one-to-one match with \Controller_inst/Controller_RHD_FIFO_1/FIFO_1/lscc_fifo_inst/fifo0/_FABRIC.u_fifo/wr_addr_p1_r_i7.
Duplicate register/latch removal. \Controller_inst/Controller_RHD_FIFO_1/FIFO_1/lscc_fifo_inst/fifo0/_FABRIC.u_fifo/MISC.wr_flag_addr_p1_r_i6 is a one-to-one match with \Controller_inst/Controller_RHD_FIFO_1/FIFO_1/lscc_fifo_inst/fifo0/_FABRIC.u_fifo/wr_addr_p1_r_i6.
Duplicate register/latch removal. \Controller_inst/Controller_RHD_FIFO_1/FIFO_1/lscc_fifo_inst/fifo0/_FABRIC.u_fifo/MISC.wr_flag_addr_p1_r_i5 is a one-to-one match with \Controller_inst/Controller_RHD_FIFO_1/FIFO_1/lscc_fifo_inst/fifo0/_FABRIC.u_fifo/wr_addr_p1_r_i5.
Duplicate register/latch removal. \Controller_inst/Controller_RHD_FIFO_1/FIFO_1/lscc_fifo_inst/fifo0/_FABRIC.u_fifo/MISC.wr_flag_addr_p1_r_i4 is a one-to-one match with \Controller_inst/Controller_RHD_FIFO_1/FIFO_1/lscc_fifo_inst/fifo0/_FABRIC.u_fifo/wr_addr_p1_r_i4.
Duplicate register/latch removal. \Controller_inst/Controller_RHD_FIFO_1/FIFO_1/lscc_fifo_inst/fifo0/_FABRIC.u_fifo/MISC.wr_flag_addr_p1_r_i3 is a one-to-one match with \Controller_inst/Controller_RHD_FIFO_1/FIFO_1/lscc_fifo_inst/fifo0/_FABRIC.u_fifo/wr_addr_p1_r_i3.
Duplicate register/latch removal. \Controller_inst/Controller_RHD_FIFO_1/FIFO_1/lscc_fifo_inst/fifo0/_FABRIC.u_fifo/MISC.wr_flag_addr_p1_r_i2 is a one-to-one match with \Controller_inst/Controller_RHD_FIFO_1/FIFO_1/lscc_fifo_inst/fifo0/_FABRIC.u_fifo/wr_addr_p1_r_i2.
Duplicate register/latch removal. \Controller_inst/Controller_RHD_FIFO_1/FIFO_1/lscc_fifo_inst/fifo0/_FABRIC.u_fifo/MISC.wr_flag_addr_p1_r_i1 is a one-to-one match with \Controller_inst/Controller_RHD_FIFO_1/FIFO_1/lscc_fifo_inst/fifo0/_FABRIC.u_fifo/wr_addr_p1_r_i1.
Duplicate register/latch removal. \Controller_inst/Controller_RHD_FIFO_1/FIFO_1/lscc_fifo_inst/fifo0/_FABRIC.u_fifo/MISC.wr_flag_addr_r_i7 is a one-to-one match with \Controller_inst/Controller_RHD_FIFO_1/FIFO_1/lscc_fifo_inst/fifo0/_FABRIC.u_fifo/wr_cmpaddr_r_i7.
Duplicate register/latch removal. \Controller_inst/Controller_RHD_FIFO_1/FIFO_1/lscc_fifo_inst/fifo0/_FABRIC.u_fifo/MISC.wr_flag_addr_r_i6 is a one-to-one match with \Controller_inst/Controller_RHD_FIFO_1/FIFO_1/lscc_fifo_inst/fifo0/_FABRIC.u_fifo/wr_cmpaddr_r_i6.
Duplicate register/latch removal. \Controller_inst/Controller_RHD_FIFO_1/FIFO_1/lscc_fifo_inst/fifo0/_FABRIC.u_fifo/MISC.wr_flag_addr_r_i5 is a one-to-one match with \Controller_inst/Controller_RHD_FIFO_1/FIFO_1/lscc_fifo_inst/fifo0/_FABRIC.u_fifo/wr_cmpaddr_r_i5.
Duplicate register/latch removal. \Controller_inst/Controller_RHD_FIFO_1/FIFO_1/lscc_fifo_inst/fifo0/_FABRIC.u_fifo/MISC.wr_flag_addr_r_i4 is a one-to-one match with \Controller_inst/Controller_RHD_FIFO_1/FIFO_1/lscc_fifo_inst/fifo0/_FABRIC.u_fifo/wr_cmpaddr_r_i4.
Duplicate register/latch removal. \Controller_inst/Controller_RHD_FIFO_1/FIFO_1/lscc_fifo_inst/fifo0/_FABRIC.u_fifo/MISC.wr_flag_addr_r_i3 is a one-to-one match with \Controller_inst/Controller_RHD_FIFO_1/FIFO_1/lscc_fifo_inst/fifo0/_FABRIC.u_fifo/wr_cmpaddr_r_i3.
Duplicate register/latch removal. \Controller_inst/Controller_RHD_FIFO_1/FIFO_1/lscc_fifo_inst/fifo0/_FABRIC.u_fifo/MISC.wr_flag_addr_r_i2 is a one-to-one match with \Controller_inst/Controller_RHD_FIFO_1/FIFO_1/lscc_fifo_inst/fifo0/_FABRIC.u_fifo/wr_cmpaddr_r_i2.
Duplicate register/latch removal. \Controller_inst/Controller_RHD_FIFO_1/FIFO_1/lscc_fifo_inst/fifo0/_FABRIC.u_fifo/MISC.wr_flag_addr_r_i1 is a one-to-one match with \Controller_inst/Controller_RHD_FIFO_1/FIFO_1/lscc_fifo_inst/fifo0/_FABRIC.u_fifo/wr_cmpaddr_r_i1.
Duplicate register/latch removal. \Controller_inst/Controller_RHD_FIFO_1/FIFO_1/lscc_fifo_inst/fifo0/_FABRIC.u_fifo/raddr_r_i7 is a one-to-one match with \Controller_inst/Controller_RHD_FIFO_1/FIFO_1/lscc_fifo_inst/fifo0/_FABRIC.u_fifo/MISC.rd_flag_addr_r_i7.
Duplicate register/latch removal. \Controller_inst/Controller_RHD_FIFO_1/FIFO_1/lscc_fifo_inst/fifo0/_FABRIC.u_fifo/raddr_r_i6 is a one-to-one match with \Controller_inst/Controller_RHD_FIFO_1/FIFO_1/lscc_fifo_inst/fifo0/_FABRIC.u_fifo/MISC.rd_flag_addr_r_i6.
Duplicate register/latch removal. \Controller_inst/Controller_RHD_FIFO_1/FIFO_1/lscc_fifo_inst/fifo0/_FABRIC.u_fifo/raddr_r_i5 is a one-to-one match with \Controller_inst/Controller_RHD_FIFO_1/FIFO_1/lscc_fifo_inst/fifo0/_FABRIC.u_fifo/MISC.rd_flag_addr_r_i5.
Duplicate register/latch removal. \Controller_inst/Controller_RHD_FIFO_1/FIFO_1/lscc_fifo_inst/fifo0/_FABRIC.u_fifo/raddr_r_i4 is a one-to-one match with \Controller_inst/Controller_RHD_FIFO_1/FIFO_1/lscc_fifo_inst/fifo0/_FABRIC.u_fifo/MISC.rd_flag_addr_r_i4.
Duplicate register/latch removal. \Controller_inst/Controller_RHD_FIFO_1/FIFO_1/lscc_fifo_inst/fifo0/_FABRIC.u_fifo/raddr_r_i3 is a one-to-one match with \Controller_inst/Controller_RHD_FIFO_1/FIFO_1/lscc_fifo_inst/fifo0/_FABRIC.u_fifo/MISC.rd_flag_addr_r_i3.
Duplicate register/latch removal. \Controller_inst/Controller_RHD_FIFO_1/FIFO_1/lscc_fifo_inst/fifo0/_FABRIC.u_fifo/raddr_r_i2 is a one-to-one match with \Controller_inst/Controller_RHD_FIFO_1/FIFO_1/lscc_fifo_inst/fifo0/_FABRIC.u_fifo/MISC.rd_flag_addr_r_i2.
Duplicate register/latch removal. \Controller_inst/Controller_RHD_FIFO_1/FIFO_1/lscc_fifo_inst/fifo0/_FABRIC.u_fifo/raddr_r_i1 is a one-to-one match with \Controller_inst/Controller_RHD_FIFO_1/FIFO_1/lscc_fifo_inst/fifo0/_FABRIC.u_fifo/MISC.rd_flag_addr_r_i1.
Duplicate register/latch removal. \Controller_inst/Controller_RHD_FIFO_1/FIFO_1/lscc_fifo_inst/fifo0/_FABRIC.u_fifo/rd_addr_p1cmp_r_i8 is a one-to-one match with \Controller_inst/Controller_RHD_FIFO_1/FIFO_1/lscc_fifo_inst/fifo0/_FABRIC.u_fifo/MISC.rd_flag_addr_p1_r_i8.
Duplicate register/latch removal. \Controller_inst/Controller_RHD_FIFO_1/FIFO_1/lscc_fifo_inst/fifo0/_FABRIC.u_fifo/rd_addr_p1cmp_r_i7 is a one-to-one match with \Controller_inst/Controller_RHD_FIFO_1/FIFO_1/lscc_fifo_inst/fifo0/_FABRIC.u_fifo/MISC.rd_flag_addr_p1_r_i7.
Duplicate register/latch removal. \Controller_inst/Controller_RHD_FIFO_1/FIFO_1/lscc_fifo_inst/fifo0/_FABRIC.u_fifo/rd_addr_p1cmp_r_i6 is a one-to-one match with \Controller_inst/Controller_RHD_FIFO_1/FIFO_1/lscc_fifo_inst/fifo0/_FABRIC.u_fifo/MISC.rd_flag_addr_p1_r_i6.
Duplicate register/latch removal. \Controller_inst/Controller_RHD_FIFO_1/FIFO_1/lscc_fifo_inst/fifo0/_FABRIC.u_fifo/rd_addr_p1cmp_r_i5 is a one-to-one match with \Controller_inst/Controller_RHD_FIFO_1/FIFO_1/lscc_fifo_inst/fifo0/_FABRIC.u_fifo/MISC.rd_flag_addr_p1_r_i5.
Duplicate register/latch removal. \Controller_inst/Controller_RHD_FIFO_1/FIFO_1/lscc_fifo_inst/fifo0/_FABRIC.u_fifo/rd_addr_p1cmp_r_i4 is a one-to-one match with \Controller_inst/Controller_RHD_FIFO_1/FIFO_1/lscc_fifo_inst/fifo0/_FABRIC.u_fifo/MISC.rd_flag_addr_p1_r_i4.
Duplicate register/latch removal. \Controller_inst/Controller_RHD_FIFO_1/FIFO_1/lscc_fifo_inst/fifo0/_FABRIC.u_fifo/rd_addr_p1cmp_r_i3 is a one-to-one match with \Controller_inst/Controller_RHD_FIFO_1/FIFO_1/lscc_fifo_inst/fifo0/_FABRIC.u_fifo/MISC.rd_flag_addr_p1_r_i3.
Duplicate register/latch removal. \Controller_inst/Controller_RHD_FIFO_1/FIFO_1/lscc_fifo_inst/fifo0/_FABRIC.u_fifo/rd_addr_p1cmp_r_i2 is a one-to-one match with \Controller_inst/Controller_RHD_FIFO_1/FIFO_1/lscc_fifo_inst/fifo0/_FABRIC.u_fifo/MISC.rd_flag_addr_p1_r_i2.
Duplicate register/latch removal. \Controller_inst/Controller_RHD_FIFO_1/FIFO_1/lscc_fifo_inst/fifo0/_FABRIC.u_fifo/rd_addr_p1cmp_r_i1 is a one-to-one match with \Controller_inst/Controller_RHD_FIFO_1/FIFO_1/lscc_fifo_inst/fifo0/_FABRIC.u_fifo/MISC.rd_flag_addr_p1_r_i1.
Duplicate register/latch removal. \Controller_inst/Controller_RHD_FIFO_1/FIFO_1/lscc_fifo_inst/fifo0/_FABRIC.u_fifo/wr_cmpaddr_p1_r_i7 is a one-to-one match with \Controller_inst/Controller_RHD_FIFO_1/FIFO_1/lscc_fifo_inst/fifo0/_FABRIC.u_fifo/MISC.wr_flag_addr_p1_r_i7.
Duplicate register/latch removal. \Controller_inst/Controller_RHD_FIFO_1/FIFO_1/lscc_fifo_inst/fifo0/_FABRIC.u_fifo/wr_cmpaddr_p1_r_i6 is a one-to-one match with \Controller_inst/Controller_RHD_FIFO_1/FIFO_1/lscc_fifo_inst/fifo0/_FABRIC.u_fifo/MISC.wr_flag_addr_p1_r_i6.
Duplicate register/latch removal. \Controller_inst/Controller_RHD_FIFO_1/FIFO_1/lscc_fifo_inst/fifo0/_FABRIC.u_fifo/wr_cmpaddr_p1_r_i5 is a one-to-one match with \Controller_inst/Controller_RHD_FIFO_1/FIFO_1/lscc_fifo_inst/fifo0/_FABRIC.u_fifo/MISC.wr_flag_addr_p1_r_i5.
Duplicate register/latch removal. \Controller_inst/Controller_RHD_FIFO_1/FIFO_1/lscc_fifo_inst/fifo0/_FABRIC.u_fifo/wr_cmpaddr_p1_r_i4 is a one-to-one match with \Controller_inst/Controller_RHD_FIFO_1/FIFO_1/lscc_fifo_inst/fifo0/_FABRIC.u_fifo/MISC.wr_flag_addr_p1_r_i4.
Duplicate register/latch removal. \Controller_inst/Controller_RHD_FIFO_1/FIFO_1/lscc_fifo_inst/fifo0/_FABRIC.u_fifo/wr_cmpaddr_p1_r_i3 is a one-to-one match with \Controller_inst/Controller_RHD_FIFO_1/FIFO_1/lscc_fifo_inst/fifo0/_FABRIC.u_fifo/MISC.wr_flag_addr_p1_r_i3.
Duplicate register/latch removal. \Controller_inst/Controller_RHD_FIFO_1/FIFO_1/lscc_fifo_inst/fifo0/_FABRIC.u_fifo/wr_cmpaddr_p1_r_i2 is a one-to-one match with \Controller_inst/Controller_RHD_FIFO_1/FIFO_1/lscc_fifo_inst/fifo0/_FABRIC.u_fifo/MISC.wr_flag_addr_p1_r_i2.
Duplicate register/latch removal. \Controller_inst/Controller_RHD_FIFO_1/FIFO_1/lscc_fifo_inst/fifo0/_FABRIC.u_fifo/wr_cmpaddr_p1_r_i1 is a one-to-one match with \Controller_inst/Controller_RHD_FIFO_1/FIFO_1/lscc_fifo_inst/fifo0/_FABRIC.u_fifo/MISC.wr_flag_addr_p1_r_i1.
Duplicate register/latch removal. \Controller_inst/Controller_RHD_FIFO_1/FIFO_1/lscc_fifo_inst/fifo0/_FABRIC.u_fifo/waddr_r_i7 is a one-to-one match with \Controller_inst/Controller_RHD_FIFO_1/FIFO_1/lscc_fifo_inst/fifo0/_FABRIC.u_fifo/MISC.wr_flag_addr_r_i7.
Duplicate register/latch removal. \Controller_inst/Controller_RHD_FIFO_1/FIFO_1/lscc_fifo_inst/fifo0/_FABRIC.u_fifo/waddr_r_i6 is a one-to-one match with \Controller_inst/Controller_RHD_FIFO_1/FIFO_1/lscc_fifo_inst/fifo0/_FABRIC.u_fifo/MISC.wr_flag_addr_r_i6.
Duplicate register/latch removal. \Controller_inst/Controller_RHD_FIFO_1/FIFO_1/lscc_fifo_inst/fifo0/_FABRIC.u_fifo/waddr_r_i5 is a one-to-one match with \Controller_inst/Controller_RHD_FIFO_1/FIFO_1/lscc_fifo_inst/fifo0/_FABRIC.u_fifo/MISC.wr_flag_addr_r_i5.
Duplicate register/latch removal. \Controller_inst/Controller_RHD_FIFO_1/FIFO_1/lscc_fifo_inst/fifo0/_FABRIC.u_fifo/waddr_r_i4 is a one-to-one match with \Controller_inst/Controller_RHD_FIFO_1/FIFO_1/lscc_fifo_inst/fifo0/_FABRIC.u_fifo/MISC.wr_flag_addr_r_i4.
Duplicate register/latch removal. \Controller_inst/Controller_RHD_FIFO_1/FIFO_1/lscc_fifo_inst/fifo0/_FABRIC.u_fifo/waddr_r_i3 is a one-to-one match with \Controller_inst/Controller_RHD_FIFO_1/FIFO_1/lscc_fifo_inst/fifo0/_FABRIC.u_fifo/MISC.wr_flag_addr_r_i3.
Duplicate register/latch removal. \Controller_inst/Controller_RHD_FIFO_1/FIFO_1/lscc_fifo_inst/fifo0/_FABRIC.u_fifo/waddr_r_i2 is a one-to-one match with \Controller_inst/Controller_RHD_FIFO_1/FIFO_1/lscc_fifo_inst/fifo0/_FABRIC.u_fifo/MISC.wr_flag_addr_r_i2.
Duplicate register/latch removal. \Controller_inst/Controller_RHD_FIFO_1/FIFO_1/lscc_fifo_inst/fifo0/_FABRIC.u_fifo/waddr_r_i1 is a one-to-one match with \Controller_inst/Controller_RHD_FIFO_1/FIFO_1/lscc_fifo_inst/fifo0/_FABRIC.u_fifo/MISC.wr_flag_addr_r_i1.
Duplicate register/latch removal. \Controller_inst/Controller_RHD_FIFO_1/FIFO_1/lscc_fifo_inst/fifo0/_FABRIC.u_fifo/full_r is a one-to-one match with \Controller_inst/Controller_RHD_FIFO_1/FIFO_1/lscc_fifo_inst/fifo0/_FABRIC.u_fifo/MISC.full_flag_r.
Duplicate register/latch removal. \Controller_inst/Controller_RHD_FIFO_1/FIFO_1/lscc_fifo_inst/fifo0/_FABRIC.u_fifo/full_mem_r is a one-to-one match with \Controller_inst/Controller_RHD_FIFO_1/FIFO_1/lscc_fifo_inst/fifo0/_FABRIC.u_fifo/full_r.
Duplicate register/latch removal. \Controller_inst/Controller_RHD_FIFO_1/FIFO_1/lscc_fifo_inst/fifo0/_FABRIC.u_fifo/empty_r is a one-to-one match with \Controller_inst/Controller_RHD_FIFO_1/FIFO_1/lscc_fifo_inst/fifo0/_FABRIC.u_fifo/MISC.empty_flag_r.
Duplicate register/latch removal. \Controller_inst/Controller_RHD_FIFO_1/FIFO_1/lscc_fifo_inst/fifo0/_FABRIC.u_fifo/empty_mem_r is a one-to-one match with \Controller_inst/Controller_RHD_FIFO_1/FIFO_1/lscc_fifo_inst/fifo0/_FABRIC.u_fifo/empty_r.
Duplicate register/latch removal. \Controller_inst/Controller_RHD_FIFO_1/FIFO_1/lscc_fifo_inst/fifo0/_FABRIC.u_fifo/wr_addr_p1_r_i0 is a one-to-one match with \Controller_inst/Controller_RHD_FIFO_1/FIFO_1/lscc_fifo_inst/fifo0/_FABRIC.u_fifo/MISC.wr_flag_addr_p1_r_i0.
Duplicate register/latch removal. \Controller_inst/Controller_RHD_FIFO_1/FIFO_1/lscc_fifo_inst/fifo0/_FABRIC.u_fifo/wr_cmpaddr_r_i0 is a one-to-one match with \Controller_inst/Controller_RHD_FIFO_1/FIFO_1/lscc_fifo_inst/fifo0/_FABRIC.u_fifo/MISC.wr_flag_addr_r_i0.
Duplicate register/latch removal. \Controller_inst/Controller_RHD_FIFO_1/FIFO_1/lscc_fifo_inst/fifo0/_FABRIC.u_fifo/wr_addr_p1cmp_r_i1 is a one-to-one match with \Controller_inst/Controller_RHD_FIFO_1/FIFO_1/lscc_fifo_inst/fifo0/_FABRIC.u_fifo/wr_addr_p1_r_i8.
Duplicate register/latch removal. \Controller_inst/Controller_RHD_FIFO_1/FIFO_1/lscc_fifo_inst/fifo0/_FABRIC.u_fifo/waddr_r_i0 is a one-to-one match with \Controller_inst/Controller_RHD_FIFO_1/FIFO_1/lscc_fifo_inst/fifo0/_FABRIC.u_fifo/wr_cmpaddr_r_i0.
Duplicate register/latch removal. \Controller_inst/Controller_RHD_FIFO_1/FIFO_1/lscc_fifo_inst/fifo0/_FABRIC.u_fifo/wr_cmpaddr_p1_r_i0 is a one-to-one match with \Controller_inst/Controller_RHD_FIFO_1/FIFO_1/lscc_fifo_inst/fifo0/_FABRIC.u_fifo/wr_addr_p1_r_i0.
Duplicate register/latch removal. \Controller_inst/Controller_RHD_FIFO_1/FIFO_1/lscc_fifo_inst/fifo0/_FABRIC.u_fifo/rd_addr_p1_r_i0 is a one-to-one match with \Controller_inst/Controller_RHD_FIFO_1/FIFO_1/lscc_fifo_inst/fifo0/_FABRIC.u_fifo/MISC.rd_flag_addr_p1_r_i0.
Duplicate register/latch removal. \Controller_inst/Controller_RHD_FIFO_1/FIFO_1/lscc_fifo_inst/fifo0/_FABRIC.u_fifo/rd_addr_p1cmp_r_i0 is a one-to-one match with \Controller_inst/Controller_RHD_FIFO_1/FIFO_1/lscc_fifo_inst/fifo0/_FABRIC.u_fifo/rd_addr_p1_r_i0.
Duplicate register/latch removal. \Controller_inst/Controller_RHD_FIFO_1/FIFO_1/lscc_fifo_inst/fifo0/_FABRIC.u_fifo/rd_cmpaddr_r_i0 is a one-to-one match with \Controller_inst/Controller_RHD_FIFO_1/FIFO_1/lscc_fifo_inst/fifo0/_FABRIC.u_fifo/MISC.rd_flag_addr_r_i0.
Duplicate register/latch removal. \Controller_inst/Controller_RHD_FIFO_1/FIFO_1/lscc_fifo_inst/fifo0/_FABRIC.u_fifo/raddr_r_i0 is a one-to-one match with \Controller_inst/Controller_RHD_FIFO_1/FIFO_1/lscc_fifo_inst/fifo0/_FABRIC.u_fifo/rd_cmpaddr_r_i0.
Duplicate register/latch removal. \Controller_inst/Controller_RHD_FIFO_1/FIFO_1/lscc_fifo_inst/fifo0/_FABRIC.u_fifo/MISC.rd_flag_addr_p1_r_i8 is a one-to-one match with \Controller_inst/Controller_RHD_FIFO_1/FIFO_1/lscc_fifo_inst/fifo0/_FABRIC.u_fifo/rd_addr_p1_r_i8.
Duplicate register/latch removal. \Controller_inst/Controller_RHD_FIFO_1/FIFO_1/lscc_fifo_inst/fifo0/_FABRIC.u_fifo/MISC.rd_flag_addr_p1_r_i7 is a one-to-one match with \Controller_inst/Controller_RHD_FIFO_1/FIFO_1/lscc_fifo_inst/fifo0/_FABRIC.u_fifo/rd_addr_p1_r_i7.
Duplicate register/latch removal. \Controller_inst/Controller_RHD_FIFO_1/FIFO_1/lscc_fifo_inst/fifo0/_FABRIC.u_fifo/MISC.rd_flag_addr_p1_r_i6 is a one-to-one match with \Controller_inst/Controller_RHD_FIFO_1/FIFO_1/lscc_fifo_inst/fifo0/_FABRIC.u_fifo/rd_addr_p1_r_i6.
Duplicate register/latch removal. \Controller_inst/Controller_RHD_FIFO_1/FIFO_1/lscc_fifo_inst/fifo0/_FABRIC.u_fifo/MISC.rd_flag_addr_p1_r_i5 is a one-to-one match with \Controller_inst/Controller_RHD_FIFO_1/FIFO_1/lscc_fifo_inst/fifo0/_FABRIC.u_fifo/rd_addr_p1_r_i5.
Duplicate register/latch removal. \Controller_inst/Controller_RHD_FIFO_1/FIFO_1/lscc_fifo_inst/fifo0/_FABRIC.u_fifo/MISC.rd_flag_addr_p1_r_i4 is a one-to-one match with \Controller_inst/Controller_RHD_FIFO_1/FIFO_1/lscc_fifo_inst/fifo0/_FABRIC.u_fifo/rd_addr_p1_r_i4.
Duplicate register/latch removal. \Controller_inst/Controller_RHD_FIFO_1/FIFO_1/lscc_fifo_inst/fifo0/_FABRIC.u_fifo/MISC.rd_flag_addr_p1_r_i3 is a one-to-one match with \Controller_inst/Controller_RHD_FIFO_1/FIFO_1/lscc_fifo_inst/fifo0/_FABRIC.u_fifo/rd_addr_p1_r_i3.
Duplicate register/latch removal. \Controller_inst/Controller_RHD_FIFO_1/FIFO_1/lscc_fifo_inst/fifo0/_FABRIC.u_fifo/MISC.rd_flag_addr_p1_r_i2 is a one-to-one match with \Controller_inst/Controller_RHD_FIFO_1/FIFO_1/lscc_fifo_inst/fifo0/_FABRIC.u_fifo/rd_addr_p1_r_i2.
Duplicate register/latch removal. \Controller_inst/Controller_RHD_FIFO_1/FIFO_1/lscc_fifo_inst/fifo0/_FABRIC.u_fifo/MISC.rd_flag_addr_p1_r_i1 is a one-to-one match with \Controller_inst/Controller_RHD_FIFO_1/FIFO_1/lscc_fifo_inst/fifo0/_FABRIC.u_fifo/rd_addr_p1_r_i1.
Duplicate register/latch removal. \Controller_inst/Controller_RHD_FIFO_1/FIFO_1/lscc_fifo_inst/fifo0/_FABRIC.u_fifo/MISC.rd_flag_addr_r_i7 is a one-to-one match with \Controller_inst/Controller_RHD_FIFO_1/FIFO_1/lscc_fifo_inst/fifo0/_FABRIC.u_fifo/rd_cmpaddr_r_i7.
Duplicate register/latch removal. \Controller_inst/Controller_RHD_FIFO_1/FIFO_1/lscc_fifo_inst/fifo0/_FABRIC.u_fifo/MISC.rd_flag_addr_r_i6 is a one-to-one match with \Controller_inst/Controller_RHD_FIFO_1/FIFO_1/lscc_fifo_inst/fifo0/_FABRIC.u_fifo/rd_cmpaddr_r_i6.
Duplicate register/latch removal. \Controller_inst/Controller_RHD_FIFO_1/FIFO_1/lscc_fifo_inst/fifo0/_FABRIC.u_fifo/MISC.rd_flag_addr_r_i5 is a one-to-one match with \Controller_inst/Controller_RHD_FIFO_1/FIFO_1/lscc_fifo_inst/fifo0/_FABRIC.u_fifo/rd_cmpaddr_r_i5.
Duplicate register/latch removal. \Controller_inst/Controller_RHD_FIFO_1/FIFO_1/lscc_fifo_inst/fifo0/_FABRIC.u_fifo/MISC.rd_flag_addr_r_i4 is a one-to-one match with \Controller_inst/Controller_RHD_FIFO_1/FIFO_1/lscc_fifo_inst/fifo0/_FABRIC.u_fifo/rd_cmpaddr_r_i4.
Duplicate register/latch removal. \Controller_inst/Controller_RHD_FIFO_1/FIFO_1/lscc_fifo_inst/fifo0/_FABRIC.u_fifo/MISC.rd_flag_addr_r_i3 is a one-to-one match with \Controller_inst/Controller_RHD_FIFO_1/FIFO_1/lscc_fifo_inst/fifo0/_FABRIC.u_fifo/rd_cmpaddr_r_i3.
Duplicate register/latch removal. \Controller_inst/Controller_RHD_FIFO_1/FIFO_1/lscc_fifo_inst/fifo0/_FABRIC.u_fifo/MISC.rd_flag_addr_r_i2 is a one-to-one match with \Controller_inst/Controller_RHD_FIFO_1/FIFO_1/lscc_fifo_inst/fifo0/_FABRIC.u_fifo/rd_cmpaddr_r_i2.
Duplicate register/latch removal. \Controller_inst/Controller_RHD_FIFO_1/FIFO_1/lscc_fifo_inst/fifo0/_FABRIC.u_fifo/MISC.rd_flag_addr_r_i1 is a one-to-one match with \Controller_inst/Controller_RHD_FIFO_1/FIFO_1/lscc_fifo_inst/fifo0/_FABRIC.u_fifo/rd_cmpaddr_r_i1.
Duplicate register/latch removal. \Controller_inst/Controller_RHD_FIFO_1/FIFO_1/lscc_fifo_inst/fifo0/_FABRIC.u_fifo/MISC.wr_flag_addr_p1_r_i8 is a one-to-one match with \Controller_inst/Controller_RHD_FIFO_1/FIFO_1/lscc_fifo_inst/fifo0/_FABRIC.u_fifo/wr_addr_p1cmp_r_i1.
Duplicate register/latch removal. \Controller_inst/Controller_RHD_FIFO_1/FIFO_1/lscc_fifo_inst/fifo0/_FABRIC.u_fifo/MISC.wr_flag_addr_p1_r_i7 is a one-to-one match with \Controller_inst/Controller_RHD_FIFO_1/FIFO_1/lscc_fifo_inst/fifo0/_FABRIC.u_fifo/wr_addr_p1_r_i7.
Duplicate register/latch removal. \Controller_inst/Controller_RHD_FIFO_1/FIFO_1/lscc_fifo_inst/fifo0/_FABRIC.u_fifo/MISC.wr_flag_addr_p1_r_i6 is a one-to-one match with \Controller_inst/Controller_RHD_FIFO_1/FIFO_1/lscc_fifo_inst/fifo0/_FABRIC.u_fifo/wr_addr_p1_r_i6.
Duplicate register/latch removal. \Controller_inst/Controller_RHD_FIFO_1/FIFO_1/lscc_fifo_inst/fifo0/_FABRIC.u_fifo/MISC.wr_flag_addr_p1_r_i5 is a one-to-one match with \Controller_inst/Controller_RHD_FIFO_1/FIFO_1/lscc_fifo_inst/fifo0/_FABRIC.u_fifo/wr_addr_p1_r_i5.
Duplicate register/latch removal. \Controller_inst/Controller_RHD_FIFO_1/FIFO_1/lscc_fifo_inst/fifo0/_FABRIC.u_fifo/MISC.wr_flag_addr_p1_r_i4 is a one-to-one match with \Controller_inst/Controller_RHD_FIFO_1/FIFO_1/lscc_fifo_inst/fifo0/_FABRIC.u_fifo/wr_addr_p1_r_i4.
Duplicate register/latch removal. \Controller_inst/Controller_RHD_FIFO_1/FIFO_1/lscc_fifo_inst/fifo0/_FABRIC.u_fifo/MISC.wr_flag_addr_p1_r_i3 is a one-to-one match with \Controller_inst/Controller_RHD_FIFO_1/FIFO_1/lscc_fifo_inst/fifo0/_FABRIC.u_fifo/wr_addr_p1_r_i3.
Duplicate register/latch removal. \Controller_inst/Controller_RHD_FIFO_1/FIFO_1/lscc_fifo_inst/fifo0/_FABRIC.u_fifo/MISC.wr_flag_addr_p1_r_i2 is a one-to-one match with \Controller_inst/Controller_RHD_FIFO_1/FIFO_1/lscc_fifo_inst/fifo0/_FABRIC.u_fifo/wr_addr_p1_r_i2.
Duplicate register/latch removal. \Controller_inst/Controller_RHD_FIFO_1/FIFO_1/lscc_fifo_inst/fifo0/_FABRIC.u_fifo/MISC.wr_flag_addr_p1_r_i1 is a one-to-one match with \Controller_inst/Controller_RHD_FIFO_1/FIFO_1/lscc_fifo_inst/fifo0/_FABRIC.u_fifo/wr_addr_p1_r_i1.
Duplicate register/latch removal. \Controller_inst/Controller_RHD_FIFO_1/FIFO_1/lscc_fifo_inst/fifo0/_FABRIC.u_fifo/MISC.wr_flag_addr_r_i7 is a one-to-one match with \Controller_inst/Controller_RHD_FIFO_1/FIFO_1/lscc_fifo_inst/fifo0/_FABRIC.u_fifo/wr_cmpaddr_r_i7.
Duplicate register/latch removal. \Controller_inst/Controller_RHD_FIFO_1/FIFO_1/lscc_fifo_inst/fifo0/_FABRIC.u_fifo/MISC.wr_flag_addr_r_i6 is a one-to-one match with \Controller_inst/Controller_RHD_FIFO_1/FIFO_1/lscc_fifo_inst/fifo0/_FABRIC.u_fifo/wr_cmpaddr_r_i6.
Duplicate register/latch removal. \Controller_inst/Controller_RHD_FIFO_1/FIFO_1/lscc_fifo_inst/fifo0/_FABRIC.u_fifo/MISC.wr_flag_addr_r_i5 is a one-to-one match with \Controller_inst/Controller_RHD_FIFO_1/FIFO_1/lscc_fifo_inst/fifo0/_FABRIC.u_fifo/wr_cmpaddr_r_i5.
Duplicate register/latch removal. \Controller_inst/Controller_RHD_FIFO_1/FIFO_1/lscc_fifo_inst/fifo0/_FABRIC.u_fifo/MISC.wr_flag_addr_r_i4 is a one-to-one match with \Controller_inst/Controller_RHD_FIFO_1/FIFO_1/lscc_fifo_inst/fifo0/_FABRIC.u_fifo/wr_cmpaddr_r_i4.
Duplicate register/latch removal. \Controller_inst/Controller_RHD_FIFO_1/FIFO_1/lscc_fifo_inst/fifo0/_FABRIC.u_fifo/MISC.wr_flag_addr_r_i3 is a one-to-one match with \Controller_inst/Controller_RHD_FIFO_1/FIFO_1/lscc_fifo_inst/fifo0/_FABRIC.u_fifo/wr_cmpaddr_r_i3.
Duplicate register/latch removal. \Controller_inst/Controller_RHD_FIFO_1/FIFO_1/lscc_fifo_inst/fifo0/_FABRIC.u_fifo/MISC.wr_flag_addr_r_i2 is a one-to-one match with \Controller_inst/Controller_RHD_FIFO_1/FIFO_1/lscc_fifo_inst/fifo0/_FABRIC.u_fifo/wr_cmpaddr_r_i2.
Duplicate register/latch removal. \Controller_inst/Controller_RHD_FIFO_1/FIFO_1/lscc_fifo_inst/fifo0/_FABRIC.u_fifo/MISC.wr_flag_addr_r_i1 is a one-to-one match with \Controller_inst/Controller_RHD_FIFO_1/FIFO_1/lscc_fifo_inst/fifo0/_FABRIC.u_fifo/wr_cmpaddr_r_i1.
Duplicate register/latch removal. \Controller_inst/Controller_RHD_FIFO_1/FIFO_1/lscc_fifo_inst/fifo0/_FABRIC.u_fifo/raddr_r_i7 is a one-to-one match with \Controller_inst/Controller_RHD_FIFO_1/FIFO_1/lscc_fifo_inst/fifo0/_FABRIC.u_fifo/MISC.rd_flag_addr_r_i7.
Duplicate register/latch removal. \Controller_inst/Controller_RHD_FIFO_1/FIFO_1/lscc_fifo_inst/fifo0/_FABRIC.u_fifo/raddr_r_i6 is a one-to-one match with \Controller_inst/Controller_RHD_FIFO_1/FIFO_1/lscc_fifo_inst/fifo0/_FABRIC.u_fifo/MISC.rd_flag_addr_r_i6.
Duplicate register/latch removal. \Controller_inst/Controller_RHD_FIFO_1/FIFO_1/lscc_fifo_inst/fifo0/_FABRIC.u_fifo/raddr_r_i5 is a one-to-one match with \Controller_inst/Controller_RHD_FIFO_1/FIFO_1/lscc_fifo_inst/fifo0/_FABRIC.u_fifo/MISC.rd_flag_addr_r_i5.
Duplicate register/latch removal. \Controller_inst/Controller_RHD_FIFO_1/FIFO_1/lscc_fifo_inst/fifo0/_FABRIC.u_fifo/raddr_r_i4 is a one-to-one match with \Controller_inst/Controller_RHD_FIFO_1/FIFO_1/lscc_fifo_inst/fifo0/_FABRIC.u_fifo/MISC.rd_flag_addr_r_i4.
Duplicate register/latch removal. \Controller_inst/Controller_RHD_FIFO_1/FIFO_1/lscc_fifo_inst/fifo0/_FABRIC.u_fifo/raddr_r_i3 is a one-to-one match with \Controller_inst/Controller_RHD_FIFO_1/FIFO_1/lscc_fifo_inst/fifo0/_FABRIC.u_fifo/MISC.rd_flag_addr_r_i3.
Duplicate register/latch removal. \Controller_inst/Controller_RHD_FIFO_1/FIFO_1/lscc_fifo_inst/fifo0/_FABRIC.u_fifo/raddr_r_i2 is a one-to-one match with \Controller_inst/Controller_RHD_FIFO_1/FIFO_1/lscc_fifo_inst/fifo0/_FABRIC.u_fifo/MISC.rd_flag_addr_r_i2.
Duplicate register/latch removal. \Controller_inst/Controller_RHD_FIFO_1/FIFO_1/lscc_fifo_inst/fifo0/_FABRIC.u_fifo/raddr_r_i1 is a one-to-one match with \Controller_inst/Controller_RHD_FIFO_1/FIFO_1/lscc_fifo_inst/fifo0/_FABRIC.u_fifo/MISC.rd_flag_addr_r_i1.
Duplicate register/latch removal. \Controller_inst/Controller_RHD_FIFO_1/FIFO_1/lscc_fifo_inst/fifo0/_FABRIC.u_fifo/rd_addr_p1cmp_r_i8 is a one-to-one match with \Controller_inst/Controller_RHD_FIFO_1/FIFO_1/lscc_fifo_inst/fifo0/_FABRIC.u_fifo/MISC.rd_flag_addr_p1_r_i8.
Duplicate register/latch removal. \Controller_inst/Controller_RHD_FIFO_1/FIFO_1/lscc_fifo_inst/fifo0/_FABRIC.u_fifo/rd_addr_p1cmp_r_i7 is a one-to-one match with \Controller_inst/Controller_RHD_FIFO_1/FIFO_1/lscc_fifo_inst/fifo0/_FABRIC.u_fifo/MISC.rd_flag_addr_p1_r_i7.
Duplicate register/latch removal. \Controller_inst/Controller_RHD_FIFO_1/FIFO_1/lscc_fifo_inst/fifo0/_FABRIC.u_fifo/rd_addr_p1cmp_r_i6 is a one-to-one match with \Controller_inst/Controller_RHD_FIFO_1/FIFO_1/lscc_fifo_inst/fifo0/_FABRIC.u_fifo/MISC.rd_flag_addr_p1_r_i6.
Duplicate register/latch removal. \Controller_inst/Controller_RHD_FIFO_1/FIFO_1/lscc_fifo_inst/fifo0/_FABRIC.u_fifo/rd_addr_p1cmp_r_i5 is a one-to-one match with \Controller_inst/Controller_RHD_FIFO_1/FIFO_1/lscc_fifo_inst/fifo0/_FABRIC.u_fifo/MISC.rd_flag_addr_p1_r_i5.
Duplicate register/latch removal. \Controller_inst/Controller_RHD_FIFO_1/FIFO_1/lscc_fifo_inst/fifo0/_FABRIC.u_fifo/rd_addr_p1cmp_r_i4 is a one-to-one match with \Controller_inst/Controller_RHD_FIFO_1/FIFO_1/lscc_fifo_inst/fifo0/_FABRIC.u_fifo/MISC.rd_flag_addr_p1_r_i4.
Duplicate register/latch removal. \Controller_inst/Controller_RHD_FIFO_1/FIFO_1/lscc_fifo_inst/fifo0/_FABRIC.u_fifo/rd_addr_p1cmp_r_i3 is a one-to-one match with \Controller_inst/Controller_RHD_FIFO_1/FIFO_1/lscc_fifo_inst/fifo0/_FABRIC.u_fifo/MISC.rd_flag_addr_p1_r_i3.
Duplicate register/latch removal. \Controller_inst/Controller_RHD_FIFO_1/FIFO_1/lscc_fifo_inst/fifo0/_FABRIC.u_fifo/rd_addr_p1cmp_r_i2 is a one-to-one match with \Controller_inst/Controller_RHD_FIFO_1/FIFO_1/lscc_fifo_inst/fifo0/_FABRIC.u_fifo/MISC.rd_flag_addr_p1_r_i2.
Duplicate register/latch removal. \Controller_inst/Controller_RHD_FIFO_1/FIFO_1/lscc_fifo_inst/fifo0/_FABRIC.u_fifo/rd_addr_p1cmp_r_i1 is a one-to-one match with \Controller_inst/Controller_RHD_FIFO_1/FIFO_1/lscc_fifo_inst/fifo0/_FABRIC.u_fifo/MISC.rd_flag_addr_p1_r_i1.
Duplicate register/latch removal. \Controller_inst/Controller_RHD_FIFO_1/FIFO_1/lscc_fifo_inst/fifo0/_FABRIC.u_fifo/wr_cmpaddr_p1_r_i7 is a one-to-one match with \Controller_inst/Controller_RHD_FIFO_1/FIFO_1/lscc_fifo_inst/fifo0/_FABRIC.u_fifo/MISC.wr_flag_addr_p1_r_i7.
Duplicate register/latch removal. \Controller_inst/Controller_RHD_FIFO_1/FIFO_1/lscc_fifo_inst/fifo0/_FABRIC.u_fifo/wr_cmpaddr_p1_r_i6 is a one-to-one match with \Controller_inst/Controller_RHD_FIFO_1/FIFO_1/lscc_fifo_inst/fifo0/_FABRIC.u_fifo/MISC.wr_flag_addr_p1_r_i6.
Duplicate register/latch removal. \Controller_inst/Controller_RHD_FIFO_1/FIFO_1/lscc_fifo_inst/fifo0/_FABRIC.u_fifo/wr_cmpaddr_p1_r_i5 is a one-to-one match with \Controller_inst/Controller_RHD_FIFO_1/FIFO_1/lscc_fifo_inst/fifo0/_FABRIC.u_fifo/MISC.wr_flag_addr_p1_r_i5.
Duplicate register/latch removal. \Controller_inst/Controller_RHD_FIFO_1/FIFO_1/lscc_fifo_inst/fifo0/_FABRIC.u_fifo/wr_cmpaddr_p1_r_i4 is a one-to-one match with \Controller_inst/Controller_RHD_FIFO_1/FIFO_1/lscc_fifo_inst/fifo0/_FABRIC.u_fifo/MISC.wr_flag_addr_p1_r_i4.
Duplicate register/latch removal. \Controller_inst/Controller_RHD_FIFO_1/FIFO_1/lscc_fifo_inst/fifo0/_FABRIC.u_fifo/wr_cmpaddr_p1_r_i3 is a one-to-one match with \Controller_inst/Controller_RHD_FIFO_1/FIFO_1/lscc_fifo_inst/fifo0/_FABRIC.u_fifo/MISC.wr_flag_addr_p1_r_i3.
Duplicate register/latch removal. \Controller_inst/Controller_RHD_FIFO_1/FIFO_1/lscc_fifo_inst/fifo0/_FABRIC.u_fifo/wr_cmpaddr_p1_r_i2 is a one-to-one match with \Controller_inst/Controller_RHD_FIFO_1/FIFO_1/lscc_fifo_inst/fifo0/_FABRIC.u_fifo/MISC.wr_flag_addr_p1_r_i2.
Duplicate register/latch removal. \Controller_inst/Controller_RHD_FIFO_1/FIFO_1/lscc_fifo_inst/fifo0/_FABRIC.u_fifo/wr_cmpaddr_p1_r_i1 is a one-to-one match with \Controller_inst/Controller_RHD_FIFO_1/FIFO_1/lscc_fifo_inst/fifo0/_FABRIC.u_fifo/MISC.wr_flag_addr_p1_r_i1.
Duplicate register/latch removal. \Controller_inst/Controller_RHD_FIFO_1/FIFO_1/lscc_fifo_inst/fifo0/_FABRIC.u_fifo/waddr_r_i7 is a one-to-one match with \Controller_inst/Controller_RHD_FIFO_1/FIFO_1/lscc_fifo_inst/fifo0/_FABRIC.u_fifo/MISC.wr_flag_addr_r_i7.
Duplicate register/latch removal. \Controller_inst/Controller_RHD_FIFO_1/FIFO_1/lscc_fifo_inst/fifo0/_FABRIC.u_fifo/waddr_r_i6 is a one-to-one match with \Controller_inst/Controller_RHD_FIFO_1/FIFO_1/lscc_fifo_inst/fifo0/_FABRIC.u_fifo/MISC.wr_flag_addr_r_i6.
Duplicate register/latch removal. \Controller_inst/Controller_RHD_FIFO_1/FIFO_1/lscc_fifo_inst/fifo0/_FABRIC.u_fifo/waddr_r_i5 is a one-to-one match with \Controller_inst/Controller_RHD_FIFO_1/FIFO_1/lscc_fifo_inst/fifo0/_FABRIC.u_fifo/MISC.wr_flag_addr_r_i5.
Duplicate register/latch removal. \Controller_inst/Controller_RHD_FIFO_1/FIFO_1/lscc_fifo_inst/fifo0/_FABRIC.u_fifo/waddr_r_i4 is a one-to-one match with \Controller_inst/Controller_RHD_FIFO_1/FIFO_1/lscc_fifo_inst/fifo0/_FABRIC.u_fifo/MISC.wr_flag_addr_r_i4.
Duplicate register/latch removal. \Controller_inst/Controller_RHD_FIFO_1/FIFO_1/lscc_fifo_inst/fifo0/_FABRIC.u_fifo/waddr_r_i3 is a one-to-one match with \Controller_inst/Controller_RHD_FIFO_1/FIFO_1/lscc_fifo_inst/fifo0/_FABRIC.u_fifo/MISC.wr_flag_addr_r_i3.
Duplicate register/latch removal. \Controller_inst/Controller_RHD_FIFO_1/FIFO_1/lscc_fifo_inst/fifo0/_FABRIC.u_fifo/waddr_r_i2 is a one-to-one match with \Controller_inst/Controller_RHD_FIFO_1/FIFO_1/lscc_fifo_inst/fifo0/_FABRIC.u_fifo/MISC.wr_flag_addr_r_i2.
Duplicate register/latch removal. \Controller_inst/Controller_RHD_FIFO_1/FIFO_1/lscc_fifo_inst/fifo0/_FABRIC.u_fifo/waddr_r_i1 is a one-to-one match with \Controller_inst/Controller_RHD_FIFO_1/FIFO_1/lscc_fifo_inst/fifo0/_FABRIC.u_fifo/MISC.wr_flag_addr_r_i1.
Duplicate register/latch removal. \Controller_inst/Controller_RHD_FIFO_1/FIFO_1/lscc_fifo_inst/fifo0/_FABRIC.u_fifo/full_r is a one-to-one match with \Controller_inst/Controller_RHD_FIFO_1/FIFO_1/lscc_fifo_inst/fifo0/_FABRIC.u_fifo/MISC.full_flag_r.
Duplicate register/latch removal. \Controller_inst/Controller_RHD_FIFO_1/FIFO_1/lscc_fifo_inst/fifo0/_FABRIC.u_fifo/full_mem_r is a one-to-one match with \Controller_inst/Controller_RHD_FIFO_1/FIFO_1/lscc_fifo_inst/fifo0/_FABRIC.u_fifo/full_r.
Duplicate register/latch removal. \Controller_inst/Controller_RHD_FIFO_1/FIFO_1/lscc_fifo_inst/fifo0/_FABRIC.u_fifo/empty_r is a one-to-one match with \Controller_inst/Controller_RHD_FIFO_1/FIFO_1/lscc_fifo_inst/fifo0/_FABRIC.u_fifo/MISC.empty_flag_r.
Duplicate register/latch removal. \Controller_inst/Controller_RHD_FIFO_1/FIFO_1/lscc_fifo_inst/fifo0/_FABRIC.u_fifo/empty_mem_r is a one-to-one match with \Controller_inst/Controller_RHD_FIFO_1/FIFO_1/lscc_fifo_inst/fifo0/_FABRIC.u_fifo/empty_r.
Duplicate register/latch removal. \Controller_inst/Controller_RHD_FIFO_1/FIFO_1/lscc_fifo_inst/fifo0/_FABRIC.u_fifo/wr_addr_p1_r_i0 is a one-to-one match with \Controller_inst/Controller_RHD_FIFO_1/FIFO_1/lscc_fifo_inst/fifo0/_FABRIC.u_fifo/MISC.wr_flag_addr_p1_r_i0.
Duplicate register/latch removal. \Controller_inst/Controller_RHD_FIFO_1/FIFO_1/lscc_fifo_inst/fifo0/_FABRIC.u_fifo/wr_cmpaddr_r_i0 is a one-to-one match with \Controller_inst/Controller_RHD_FIFO_1/FIFO_1/lscc_fifo_inst/fifo0/_FABRIC.u_fifo/MISC.wr_flag_addr_r_i0.
Duplicate register/latch removal. \Controller_inst/Controller_RHD_FIFO_1/FIFO_1/lscc_fifo_inst/fifo0/_FABRIC.u_fifo/wr_addr_p1cmp_r_i1 is a one-to-one match with \Controller_inst/Controller_RHD_FIFO_1/FIFO_1/lscc_fifo_inst/fifo0/_FABRIC.u_fifo/wr_addr_p1_r_i8.
Duplicate register/latch removal. \Controller_inst/Controller_RHD_FIFO_1/FIFO_1/lscc_fifo_inst/fifo0/_FABRIC.u_fifo/waddr_r_i0 is a one-to-one match with \Controller_inst/Controller_RHD_FIFO_1/FIFO_1/lscc_fifo_inst/fifo0/_FABRIC.u_fifo/wr_cmpaddr_r_i0.
Duplicate register/latch removal. \Controller_inst/Controller_RHD_FIFO_1/FIFO_1/lscc_fifo_inst/fifo0/_FABRIC.u_fifo/wr_cmpaddr_p1_r_i0 is a one-to-one match with \Controller_inst/Controller_RHD_FIFO_1/FIFO_1/lscc_fifo_inst/fifo0/_FABRIC.u_fifo/wr_addr_p1_r_i0.
Duplicate register/latch removal. \Controller_inst/Controller_RHD_FIFO_1/FIFO_1/lscc_fifo_inst/fifo0/_FABRIC.u_fifo/rd_addr_p1_r_i0 is a one-to-one match with \Controller_inst/Controller_RHD_FIFO_1/FIFO_1/lscc_fifo_inst/fifo0/_FABRIC.u_fifo/MISC.rd_flag_addr_p1_r_i0.
Duplicate register/latch removal. \Controller_inst/Controller_RHD_FIFO_1/FIFO_1/lscc_fifo_inst/fifo0/_FABRIC.u_fifo/rd_addr_p1cmp_r_i0 is a one-to-one match with \Controller_inst/Controller_RHD_FIFO_1/FIFO_1/lscc_fifo_inst/fifo0/_FABRIC.u_fifo/rd_addr_p1_r_i0.
Duplicate register/latch removal. \Controller_inst/Controller_RHD_FIFO_1/FIFO_1/lscc_fifo_inst/fifo0/_FABRIC.u_fifo/rd_cmpaddr_r_i0 is a one-to-one match with \Controller_inst/Controller_RHD_FIFO_1/FIFO_1/lscc_fifo_inst/fifo0/_FABRIC.u_fifo/MISC.rd_flag_addr_r_i0.
Duplicate register/latch removal. \Controller_inst/Controller_RHD_FIFO_1/FIFO_1/lscc_fifo_inst/fifo0/_FABRIC.u_fifo/raddr_r_i0 is a one-to-one match with \Controller_inst/Controller_RHD_FIFO_1/FIFO_1/lscc_fifo_inst/fifo0/_FABRIC.u_fifo/rd_cmpaddr_r_i0.
Duplicate register/latch removal. \Controller_inst/Controller_RHD_FIFO_1/FIFO_1/lscc_fifo_inst/fifo0/_FABRIC.u_fifo/MISC.rd_flag_addr_p1_r_i8 is a one-to-one match with \Controller_inst/Controller_RHD_FIFO_1/FIFO_1/lscc_fifo_inst/fifo0/_FABRIC.u_fifo/rd_addr_p1_r_i8.
Duplicate register/latch removal. \Controller_inst/Controller_RHD_FIFO_1/FIFO_1/lscc_fifo_inst/fifo0/_FABRIC.u_fifo/MISC.rd_flag_addr_p1_r_i7 is a one-to-one match with \Controller_inst/Controller_RHD_FIFO_1/FIFO_1/lscc_fifo_inst/fifo0/_FABRIC.u_fifo/rd_addr_p1_r_i7.
Duplicate register/latch removal. \Controller_inst/Controller_RHD_FIFO_1/FIFO_1/lscc_fifo_inst/fifo0/_FABRIC.u_fifo/MISC.rd_flag_addr_p1_r_i6 is a one-to-one match with \Controller_inst/Controller_RHD_FIFO_1/FIFO_1/lscc_fifo_inst/fifo0/_FABRIC.u_fifo/rd_addr_p1_r_i6.
Duplicate register/latch removal. \Controller_inst/Controller_RHD_FIFO_1/FIFO_1/lscc_fifo_inst/fifo0/_FABRIC.u_fifo/MISC.rd_flag_addr_p1_r_i5 is a one-to-one match with \Controller_inst/Controller_RHD_FIFO_1/FIFO_1/lscc_fifo_inst/fifo0/_FABRIC.u_fifo/rd_addr_p1_r_i5.
Duplicate register/latch removal. \Controller_inst/Controller_RHD_FIFO_1/FIFO_1/lscc_fifo_inst/fifo0/_FABRIC.u_fifo/MISC.rd_flag_addr_p1_r_i4 is a one-to-one match with \Controller_inst/Controller_RHD_FIFO_1/FIFO_1/lscc_fifo_inst/fifo0/_FABRIC.u_fifo/rd_addr_p1_r_i4.
Duplicate register/latch removal. \Controller_inst/Controller_RHD_FIFO_1/FIFO_1/lscc_fifo_inst/fifo0/_FABRIC.u_fifo/MISC.rd_flag_addr_p1_r_i3 is a one-to-one match with \Controller_inst/Controller_RHD_FIFO_1/FIFO_1/lscc_fifo_inst/fifo0/_FABRIC.u_fifo/rd_addr_p1_r_i3.
Duplicate register/latch removal. \Controller_inst/Controller_RHD_FIFO_1/FIFO_1/lscc_fifo_inst/fifo0/_FABRIC.u_fifo/MISC.rd_flag_addr_p1_r_i2 is a one-to-one match with \Controller_inst/Controller_RHD_FIFO_1/FIFO_1/lscc_fifo_inst/fifo0/_FABRIC.u_fifo/rd_addr_p1_r_i2.
Duplicate register/latch removal. \Controller_inst/Controller_RHD_FIFO_1/FIFO_1/lscc_fifo_inst/fifo0/_FABRIC.u_fifo/MISC.rd_flag_addr_p1_r_i1 is a one-to-one match with \Controller_inst/Controller_RHD_FIFO_1/FIFO_1/lscc_fifo_inst/fifo0/_FABRIC.u_fifo/rd_addr_p1_r_i1.
Duplicate register/latch removal. \Controller_inst/Controller_RHD_FIFO_1/FIFO_1/lscc_fifo_inst/fifo0/_FABRIC.u_fifo/MISC.rd_flag_addr_r_i7 is a one-to-one match with \Controller_inst/Controller_RHD_FIFO_1/FIFO_1/lscc_fifo_inst/fifo0/_FABRIC.u_fifo/rd_cmpaddr_r_i7.
Duplicate register/latch removal. \Controller_inst/Controller_RHD_FIFO_1/FIFO_1/lscc_fifo_inst/fifo0/_FABRIC.u_fifo/MISC.rd_flag_addr_r_i6 is a one-to-one match with \Controller_inst/Controller_RHD_FIFO_1/FIFO_1/lscc_fifo_inst/fifo0/_FABRIC.u_fifo/rd_cmpaddr_r_i6.
Duplicate register/latch removal. \Controller_inst/Controller_RHD_FIFO_1/FIFO_1/lscc_fifo_inst/fifo0/_FABRIC.u_fifo/MISC.rd_flag_addr_r_i5 is a one-to-one match with \Controller_inst/Controller_RHD_FIFO_1/FIFO_1/lscc_fifo_inst/fifo0/_FABRIC.u_fifo/rd_cmpaddr_r_i5.
Duplicate register/latch removal. \Controller_inst/Controller_RHD_FIFO_1/FIFO_1/lscc_fifo_inst/fifo0/_FABRIC.u_fifo/MISC.rd_flag_addr_r_i4 is a one-to-one match with \Controller_inst/Controller_RHD_FIFO_1/FIFO_1/lscc_fifo_inst/fifo0/_FABRIC.u_fifo/rd_cmpaddr_r_i4.
Duplicate register/latch removal. \Controller_inst/Controller_RHD_FIFO_1/FIFO_1/lscc_fifo_inst/fifo0/_FABRIC.u_fifo/MISC.rd_flag_addr_r_i3 is a one-to-one match with \Controller_inst/Controller_RHD_FIFO_1/FIFO_1/lscc_fifo_inst/fifo0/_FABRIC.u_fifo/rd_cmpaddr_r_i3.
Duplicate register/latch removal. \Controller_inst/Controller_RHD_FIFO_1/FIFO_1/lscc_fifo_inst/fifo0/_FABRIC.u_fifo/MISC.rd_flag_addr_r_i2 is a one-to-one match with \Controller_inst/Controller_RHD_FIFO_1/FIFO_1/lscc_fifo_inst/fifo0/_FABRIC.u_fifo/rd_cmpaddr_r_i2.
Duplicate register/latch removal. \Controller_inst/Controller_RHD_FIFO_1/FIFO_1/lscc_fifo_inst/fifo0/_FABRIC.u_fifo/MISC.rd_flag_addr_r_i1 is a one-to-one match with \Controller_inst/Controller_RHD_FIFO_1/FIFO_1/lscc_fifo_inst/fifo0/_FABRIC.u_fifo/rd_cmpaddr_r_i1.
Duplicate register/latch removal. \Controller_inst/Controller_RHD_FIFO_1/FIFO_1/lscc_fifo_inst/fifo0/_FABRIC.u_fifo/MISC.wr_flag_addr_p1_r_i8 is a one-to-one match with \Controller_inst/Controller_RHD_FIFO_1/FIFO_1/lscc_fifo_inst/fifo0/_FABRIC.u_fifo/wr_addr_p1cmp_r_i1.
Duplicate register/latch removal. \Controller_inst/Controller_RHD_FIFO_1/FIFO_1/lscc_fifo_inst/fifo0/_FABRIC.u_fifo/MISC.wr_flag_addr_p1_r_i7 is a one-to-one match with \Controller_inst/Controller_RHD_FIFO_1/FIFO_1/lscc_fifo_inst/fifo0/_FABRIC.u_fifo/wr_addr_p1_r_i7.
Duplicate register/latch removal. \Controller_inst/Controller_RHD_FIFO_1/FIFO_1/lscc_fifo_inst/fifo0/_FABRIC.u_fifo/MISC.wr_flag_addr_p1_r_i6 is a one-to-one match with \Controller_inst/Controller_RHD_FIFO_1/FIFO_1/lscc_fifo_inst/fifo0/_FABRIC.u_fifo/wr_addr_p1_r_i6.
Duplicate register/latch removal. \Controller_inst/Controller_RHD_FIFO_1/FIFO_1/lscc_fifo_inst/fifo0/_FABRIC.u_fifo/MISC.wr_flag_addr_p1_r_i5 is a one-to-one match with \Controller_inst/Controller_RHD_FIFO_1/FIFO_1/lscc_fifo_inst/fifo0/_FABRIC.u_fifo/wr_addr_p1_r_i5.
Duplicate register/latch removal. \Controller_inst/Controller_RHD_FIFO_1/FIFO_1/lscc_fifo_inst/fifo0/_FABRIC.u_fifo/MISC.wr_flag_addr_p1_r_i4 is a one-to-one match with \Controller_inst/Controller_RHD_FIFO_1/FIFO_1/lscc_fifo_inst/fifo0/_FABRIC.u_fifo/wr_addr_p1_r_i4.
Duplicate register/latch removal. \Controller_inst/Controller_RHD_FIFO_1/FIFO_1/lscc_fifo_inst/fifo0/_FABRIC.u_fifo/MISC.wr_flag_addr_p1_r_i3 is a one-to-one match with \Controller_inst/Controller_RHD_FIFO_1/FIFO_1/lscc_fifo_inst/fifo0/_FABRIC.u_fifo/wr_addr_p1_r_i3.
Duplicate register/latch removal. \Controller_inst/Controller_RHD_FIFO_1/FIFO_1/lscc_fifo_inst/fifo0/_FABRIC.u_fifo/MISC.wr_flag_addr_p1_r_i2 is a one-to-one match with \Controller_inst/Controller_RHD_FIFO_1/FIFO_1/lscc_fifo_inst/fifo0/_FABRIC.u_fifo/wr_addr_p1_r_i2.
Duplicate register/latch removal. \Controller_inst/Controller_RHD_FIFO_1/FIFO_1/lscc_fifo_inst/fifo0/_FABRIC.u_fifo/MISC.wr_flag_addr_p1_r_i1 is a one-to-one match with \Controller_inst/Controller_RHD_FIFO_1/FIFO_1/lscc_fifo_inst/fifo0/_FABRIC.u_fifo/wr_addr_p1_r_i1.
Duplicate register/latch removal. \Controller_inst/Controller_RHD_FIFO_1/FIFO_1/lscc_fifo_inst/fifo0/_FABRIC.u_fifo/MISC.wr_flag_addr_r_i7 is a one-to-one match with \Controller_inst/Controller_RHD_FIFO_1/FIFO_1/lscc_fifo_inst/fifo0/_FABRIC.u_fifo/wr_cmpaddr_r_i7.
Duplicate register/latch removal. \Controller_inst/Controller_RHD_FIFO_1/FIFO_1/lscc_fifo_inst/fifo0/_FABRIC.u_fifo/MISC.wr_flag_addr_r_i6 is a one-to-one match with \Controller_inst/Controller_RHD_FIFO_1/FIFO_1/lscc_fifo_inst/fifo0/_FABRIC.u_fifo/wr_cmpaddr_r_i6.
Duplicate register/latch removal. \Controller_inst/Controller_RHD_FIFO_1/FIFO_1/lscc_fifo_inst/fifo0/_FABRIC.u_fifo/MISC.wr_flag_addr_r_i5 is a one-to-one match with \Controller_inst/Controller_RHD_FIFO_1/FIFO_1/lscc_fifo_inst/fifo0/_FABRIC.u_fifo/wr_cmpaddr_r_i5.
Duplicate register/latch removal. \Controller_inst/Controller_RHD_FIFO_1/FIFO_1/lscc_fifo_inst/fifo0/_FABRIC.u_fifo/MISC.wr_flag_addr_r_i4 is a one-to-one match with \Controller_inst/Controller_RHD_FIFO_1/FIFO_1/lscc_fifo_inst/fifo0/_FABRIC.u_fifo/wr_cmpaddr_r_i4.
Duplicate register/latch removal. \Controller_inst/Controller_RHD_FIFO_1/FIFO_1/lscc_fifo_inst/fifo0/_FABRIC.u_fifo/MISC.wr_flag_addr_r_i3 is a one-to-one match with \Controller_inst/Controller_RHD_FIFO_1/FIFO_1/lscc_fifo_inst/fifo0/_FABRIC.u_fifo/wr_cmpaddr_r_i3.
Duplicate register/latch removal. \Controller_inst/Controller_RHD_FIFO_1/FIFO_1/lscc_fifo_inst/fifo0/_FABRIC.u_fifo/MISC.wr_flag_addr_r_i2 is a one-to-one match with \Controller_inst/Controller_RHD_FIFO_1/FIFO_1/lscc_fifo_inst/fifo0/_FABRIC.u_fifo/wr_cmpaddr_r_i2.
Duplicate register/latch removal. \Controller_inst/Controller_RHD_FIFO_1/FIFO_1/lscc_fifo_inst/fifo0/_FABRIC.u_fifo/MISC.wr_flag_addr_r_i1 is a one-to-one match with \Controller_inst/Controller_RHD_FIFO_1/FIFO_1/lscc_fifo_inst/fifo0/_FABRIC.u_fifo/wr_cmpaddr_r_i1.
Duplicate register/latch removal. \Controller_inst/Controller_RHD_FIFO_1/FIFO_1/lscc_fifo_inst/fifo0/_FABRIC.u_fifo/raddr_r_i7 is a one-to-one match with \Controller_inst/Controller_RHD_FIFO_1/FIFO_1/lscc_fifo_inst/fifo0/_FABRIC.u_fifo/MISC.rd_flag_addr_r_i7.
Duplicate register/latch removal. \Controller_inst/Controller_RHD_FIFO_1/FIFO_1/lscc_fifo_inst/fifo0/_FABRIC.u_fifo/raddr_r_i6 is a one-to-one match with \Controller_inst/Controller_RHD_FIFO_1/FIFO_1/lscc_fifo_inst/fifo0/_FABRIC.u_fifo/MISC.rd_flag_addr_r_i6.
Duplicate register/latch removal. \Controller_inst/Controller_RHD_FIFO_1/FIFO_1/lscc_fifo_inst/fifo0/_FABRIC.u_fifo/raddr_r_i5 is a one-to-one match with \Controller_inst/Controller_RHD_FIFO_1/FIFO_1/lscc_fifo_inst/fifo0/_FABRIC.u_fifo/MISC.rd_flag_addr_r_i5.
Duplicate register/latch removal. \Controller_inst/Controller_RHD_FIFO_1/FIFO_1/lscc_fifo_inst/fifo0/_FABRIC.u_fifo/raddr_r_i4 is a one-to-one match with \Controller_inst/Controller_RHD_FIFO_1/FIFO_1/lscc_fifo_inst/fifo0/_FABRIC.u_fifo/MISC.rd_flag_addr_r_i4.
Duplicate register/latch removal. \Controller_inst/Controller_RHD_FIFO_1/FIFO_1/lscc_fifo_inst/fifo0/_FABRIC.u_fifo/raddr_r_i3 is a one-to-one match with \Controller_inst/Controller_RHD_FIFO_1/FIFO_1/lscc_fifo_inst/fifo0/_FABRIC.u_fifo/MISC.rd_flag_addr_r_i3.
Duplicate register/latch removal. \Controller_inst/Controller_RHD_FIFO_1/FIFO_1/lscc_fifo_inst/fifo0/_FABRIC.u_fifo/raddr_r_i2 is a one-to-one match with \Controller_inst/Controller_RHD_FIFO_1/FIFO_1/lscc_fifo_inst/fifo0/_FABRIC.u_fifo/MISC.rd_flag_addr_r_i2.
Duplicate register/latch removal. \Controller_inst/Controller_RHD_FIFO_1/FIFO_1/lscc_fifo_inst/fifo0/_FABRIC.u_fifo/raddr_r_i1 is a one-to-one match with \Controller_inst/Controller_RHD_FIFO_1/FIFO_1/lscc_fifo_inst/fifo0/_FABRIC.u_fifo/MISC.rd_flag_addr_r_i1.
Duplicate register/latch removal. \Controller_inst/Controller_RHD_FIFO_1/FIFO_1/lscc_fifo_inst/fifo0/_FABRIC.u_fifo/rd_addr_p1cmp_r_i8 is a one-to-one match with \Controller_inst/Controller_RHD_FIFO_1/FIFO_1/lscc_fifo_inst/fifo0/_FABRIC.u_fifo/MISC.rd_flag_addr_p1_r_i8.
Duplicate register/latch removal. \Controller_inst/Controller_RHD_FIFO_1/FIFO_1/lscc_fifo_inst/fifo0/_FABRIC.u_fifo/rd_addr_p1cmp_r_i7 is a one-to-one match with \Controller_inst/Controller_RHD_FIFO_1/FIFO_1/lscc_fifo_inst/fifo0/_FABRIC.u_fifo/MISC.rd_flag_addr_p1_r_i7.
Duplicate register/latch removal. \Controller_inst/Controller_RHD_FIFO_1/FIFO_1/lscc_fifo_inst/fifo0/_FABRIC.u_fifo/rd_addr_p1cmp_r_i6 is a one-to-one match with \Controller_inst/Controller_RHD_FIFO_1/FIFO_1/lscc_fifo_inst/fifo0/_FABRIC.u_fifo/MISC.rd_flag_addr_p1_r_i6.
Duplicate register/latch removal. \Controller_inst/Controller_RHD_FIFO_1/FIFO_1/lscc_fifo_inst/fifo0/_FABRIC.u_fifo/rd_addr_p1cmp_r_i5 is a one-to-one match with \Controller_inst/Controller_RHD_FIFO_1/FIFO_1/lscc_fifo_inst/fifo0/_FABRIC.u_fifo/MISC.rd_flag_addr_p1_r_i5.
Duplicate register/latch removal. \Controller_inst/Controller_RHD_FIFO_1/FIFO_1/lscc_fifo_inst/fifo0/_FABRIC.u_fifo/rd_addr_p1cmp_r_i4 is a one-to-one match with \Controller_inst/Controller_RHD_FIFO_1/FIFO_1/lscc_fifo_inst/fifo0/_FABRIC.u_fifo/MISC.rd_flag_addr_p1_r_i4.
Duplicate register/latch removal. \Controller_inst/Controller_RHD_FIFO_1/FIFO_1/lscc_fifo_inst/fifo0/_FABRIC.u_fifo/rd_addr_p1cmp_r_i3 is a one-to-one match with \Controller_inst/Controller_RHD_FIFO_1/FIFO_1/lscc_fifo_inst/fifo0/_FABRIC.u_fifo/MISC.rd_flag_addr_p1_r_i3.
Duplicate register/latch removal. \Controller_inst/Controller_RHD_FIFO_1/FIFO_1/lscc_fifo_inst/fifo0/_FABRIC.u_fifo/rd_addr_p1cmp_r_i2 is a one-to-one match with \Controller_inst/Controller_RHD_FIFO_1/FIFO_1/lscc_fifo_inst/fifo0/_FABRIC.u_fifo/MISC.rd_flag_addr_p1_r_i2.
Duplicate register/latch removal. \Controller_inst/Controller_RHD_FIFO_1/FIFO_1/lscc_fifo_inst/fifo0/_FABRIC.u_fifo/rd_addr_p1cmp_r_i1 is a one-to-one match with \Controller_inst/Controller_RHD_FIFO_1/FIFO_1/lscc_fifo_inst/fifo0/_FABRIC.u_fifo/MISC.rd_flag_addr_p1_r_i1.
Duplicate register/latch removal. \Controller_inst/Controller_RHD_FIFO_1/FIFO_1/lscc_fifo_inst/fifo0/_FABRIC.u_fifo/wr_cmpaddr_p1_r_i7 is a one-to-one match with \Controller_inst/Controller_RHD_FIFO_1/FIFO_1/lscc_fifo_inst/fifo0/_FABRIC.u_fifo/MISC.wr_flag_addr_p1_r_i7.
Duplicate register/latch removal. \Controller_inst/Controller_RHD_FIFO_1/FIFO_1/lscc_fifo_inst/fifo0/_FABRIC.u_fifo/wr_cmpaddr_p1_r_i6 is a one-to-one match with \Controller_inst/Controller_RHD_FIFO_1/FIFO_1/lscc_fifo_inst/fifo0/_FABRIC.u_fifo/MISC.wr_flag_addr_p1_r_i6.
Duplicate register/latch removal. \Controller_inst/Controller_RHD_FIFO_1/FIFO_1/lscc_fifo_inst/fifo0/_FABRIC.u_fifo/wr_cmpaddr_p1_r_i5 is a one-to-one match with \Controller_inst/Controller_RHD_FIFO_1/FIFO_1/lscc_fifo_inst/fifo0/_FABRIC.u_fifo/MISC.wr_flag_addr_p1_r_i5.
Duplicate register/latch removal. \Controller_inst/Controller_RHD_FIFO_1/FIFO_1/lscc_fifo_inst/fifo0/_FABRIC.u_fifo/wr_cmpaddr_p1_r_i4 is a one-to-one match with \Controller_inst/Controller_RHD_FIFO_1/FIFO_1/lscc_fifo_inst/fifo0/_FABRIC.u_fifo/MISC.wr_flag_addr_p1_r_i4.
Duplicate register/latch removal. \Controller_inst/Controller_RHD_FIFO_1/FIFO_1/lscc_fifo_inst/fifo0/_FABRIC.u_fifo/wr_cmpaddr_p1_r_i3 is a one-to-one match with \Controller_inst/Controller_RHD_FIFO_1/FIFO_1/lscc_fifo_inst/fifo0/_FABRIC.u_fifo/MISC.wr_flag_addr_p1_r_i3.
Duplicate register/latch removal. \Controller_inst/Controller_RHD_FIFO_1/FIFO_1/lscc_fifo_inst/fifo0/_FABRIC.u_fifo/wr_cmpaddr_p1_r_i2 is a one-to-one match with \Controller_inst/Controller_RHD_FIFO_1/FIFO_1/lscc_fifo_inst/fifo0/_FABRIC.u_fifo/MISC.wr_flag_addr_p1_r_i2.
Duplicate register/latch removal. \Controller_inst/Controller_RHD_FIFO_1/FIFO_1/lscc_fifo_inst/fifo0/_FABRIC.u_fifo/wr_cmpaddr_p1_r_i1 is a one-to-one match with \Controller_inst/Controller_RHD_FIFO_1/FIFO_1/lscc_fifo_inst/fifo0/_FABRIC.u_fifo/MISC.wr_flag_addr_p1_r_i1.
Duplicate register/latch removal. \Controller_inst/Controller_RHD_FIFO_1/FIFO_1/lscc_fifo_inst/fifo0/_FABRIC.u_fifo/waddr_r_i7 is a one-to-one match with \Controller_inst/Controller_RHD_FIFO_1/FIFO_1/lscc_fifo_inst/fifo0/_FABRIC.u_fifo/MISC.wr_flag_addr_r_i7.
Duplicate register/latch removal. \Controller_inst/Controller_RHD_FIFO_1/FIFO_1/lscc_fifo_inst/fifo0/_FABRIC.u_fifo/waddr_r_i6 is a one-to-one match with \Controller_inst/Controller_RHD_FIFO_1/FIFO_1/lscc_fifo_inst/fifo0/_FABRIC.u_fifo/MISC.wr_flag_addr_r_i6.
Duplicate register/latch removal. \Controller_inst/Controller_RHD_FIFO_1/FIFO_1/lscc_fifo_inst/fifo0/_FABRIC.u_fifo/waddr_r_i5 is a one-to-one match with \Controller_inst/Controller_RHD_FIFO_1/FIFO_1/lscc_fifo_inst/fifo0/_FABRIC.u_fifo/MISC.wr_flag_addr_r_i5.
Duplicate register/latch removal. \Controller_inst/Controller_RHD_FIFO_1/FIFO_1/lscc_fifo_inst/fifo0/_FABRIC.u_fifo/waddr_r_i4 is a one-to-one match with \Controller_inst/Controller_RHD_FIFO_1/FIFO_1/lscc_fifo_inst/fifo0/_FABRIC.u_fifo/MISC.wr_flag_addr_r_i4.
Duplicate register/latch removal. \Controller_inst/Controller_RHD_FIFO_1/FIFO_1/lscc_fifo_inst/fifo0/_FABRIC.u_fifo/waddr_r_i3 is a one-to-one match with \Controller_inst/Controller_RHD_FIFO_1/FIFO_1/lscc_fifo_inst/fifo0/_FABRIC.u_fifo/MISC.wr_flag_addr_r_i3.
Duplicate register/latch removal. \Controller_inst/Controller_RHD_FIFO_1/FIFO_1/lscc_fifo_inst/fifo0/_FABRIC.u_fifo/waddr_r_i2 is a one-to-one match with \Controller_inst/Controller_RHD_FIFO_1/FIFO_1/lscc_fifo_inst/fifo0/_FABRIC.u_fifo/MISC.wr_flag_addr_r_i2.
Duplicate register/latch removal. \Controller_inst/Controller_RHD_FIFO_1/FIFO_1/lscc_fifo_inst/fifo0/_FABRIC.u_fifo/waddr_r_i1 is a one-to-one match with \Controller_inst/Controller_RHD_FIFO_1/FIFO_1/lscc_fifo_inst/fifo0/_FABRIC.u_fifo/MISC.wr_flag_addr_r_i1.
CRITICAL <35001752> - mRegister \Controller_inst/stim_pulse_counter_i0_i4 is stuck at Zero
Duplicate register/latch removal. \Controller_inst/Controller_RHD_FIFO_1/FIFO_1/lscc_fifo_inst/fifo0/_FABRIC.u_fifo/full_r is a one-to-one match with \Controller_inst/Controller_RHD_FIFO_1/FIFO_1/lscc_fifo_inst/fifo0/_FABRIC.u_fifo/MISC.full_flag_r.
Duplicate register/latch removal. \Controller_inst/Controller_RHD_FIFO_1/FIFO_1/lscc_fifo_inst/fifo0/_FABRIC.u_fifo/full_mem_r is a one-to-one match with \Controller_inst/Controller_RHD_FIFO_1/FIFO_1/lscc_fifo_inst/fifo0/_FABRIC.u_fifo/full_r.
Duplicate register/latch removal. \Controller_inst/Controller_RHD_FIFO_1/FIFO_1/lscc_fifo_inst/fifo0/_FABRIC.u_fifo/empty_r is a one-to-one match with \Controller_inst/Controller_RHD_FIFO_1/FIFO_1/lscc_fifo_inst/fifo0/_FABRIC.u_fifo/MISC.empty_flag_r.
Duplicate register/latch removal. \Controller_inst/Controller_RHD_FIFO_1/FIFO_1/lscc_fifo_inst/fifo0/_FABRIC.u_fifo/empty_mem_r is a one-to-one match with \Controller_inst/Controller_RHD_FIFO_1/FIFO_1/lscc_fifo_inst/fifo0/_FABRIC.u_fifo/empty_r.
Duplicate register/latch removal. \Controller_inst/Controller_RHD_FIFO_1/FIFO_1/lscc_fifo_inst/fifo0/_FABRIC.u_fifo/wr_addr_p1_r_i0 is a one-to-one match with \Controller_inst/Controller_RHD_FIFO_1/FIFO_1/lscc_fifo_inst/fifo0/_FABRIC.u_fifo/MISC.wr_flag_addr_p1_r_i0.
Duplicate register/latch removal. \Controller_inst/Controller_RHD_FIFO_1/FIFO_1/lscc_fifo_inst/fifo0/_FABRIC.u_fifo/wr_cmpaddr_r_i0 is a one-to-one match with \Controller_inst/Controller_RHD_FIFO_1/FIFO_1/lscc_fifo_inst/fifo0/_FABRIC.u_fifo/MISC.wr_flag_addr_r_i0.
Duplicate register/latch removal. \Controller_inst/Controller_RHD_FIFO_1/FIFO_1/lscc_fifo_inst/fifo0/_FABRIC.u_fifo/wr_addr_p1cmp_r_i1 is a one-to-one match with \Controller_inst/Controller_RHD_FIFO_1/FIFO_1/lscc_fifo_inst/fifo0/_FABRIC.u_fifo/wr_addr_p1_r_i8.
Duplicate register/latch removal. \Controller_inst/Controller_RHD_FIFO_1/FIFO_1/lscc_fifo_inst/fifo0/_FABRIC.u_fifo/waddr_r_i0 is a one-to-one match with \Controller_inst/Controller_RHD_FIFO_1/FIFO_1/lscc_fifo_inst/fifo0/_FABRIC.u_fifo/wr_cmpaddr_r_i0.
Duplicate register/latch removal. \Controller_inst/Controller_RHD_FIFO_1/FIFO_1/lscc_fifo_inst/fifo0/_FABRIC.u_fifo/wr_cmpaddr_p1_r_i0 is a one-to-one match with \Controller_inst/Controller_RHD_FIFO_1/FIFO_1/lscc_fifo_inst/fifo0/_FABRIC.u_fifo/wr_addr_p1_r_i0.
Duplicate register/latch removal. \Controller_inst/Controller_RHD_FIFO_1/FIFO_1/lscc_fifo_inst/fifo0/_FABRIC.u_fifo/rd_addr_p1_r_i0 is a one-to-one match with \Controller_inst/Controller_RHD_FIFO_1/FIFO_1/lscc_fifo_inst/fifo0/_FABRIC.u_fifo/MISC.rd_flag_addr_p1_r_i0.
Duplicate register/latch removal. \Controller_inst/Controller_RHD_FIFO_1/FIFO_1/lscc_fifo_inst/fifo0/_FABRIC.u_fifo/rd_addr_p1cmp_r_i0 is a one-to-one match with \Controller_inst/Controller_RHD_FIFO_1/FIFO_1/lscc_fifo_inst/fifo0/_FABRIC.u_fifo/rd_addr_p1_r_i0.
Duplicate register/latch removal. \Controller_inst/Controller_RHD_FIFO_1/FIFO_1/lscc_fifo_inst/fifo0/_FABRIC.u_fifo/rd_cmpaddr_r_i0 is a one-to-one match with \Controller_inst/Controller_RHD_FIFO_1/FIFO_1/lscc_fifo_inst/fifo0/_FABRIC.u_fifo/MISC.rd_flag_addr_r_i0.
Duplicate register/latch removal. \Controller_inst/Controller_RHD_FIFO_1/FIFO_1/lscc_fifo_inst/fifo0/_FABRIC.u_fifo/raddr_r_i0 is a one-to-one match with \Controller_inst/Controller_RHD_FIFO_1/FIFO_1/lscc_fifo_inst/fifo0/_FABRIC.u_fifo/rd_cmpaddr_r_i0.
Duplicate register/latch removal. \Controller_inst/Controller_RHD_FIFO_1/FIFO_1/lscc_fifo_inst/fifo0/_FABRIC.u_fifo/MISC.rd_flag_addr_p1_r_i8 is a one-to-one match with \Controller_inst/Controller_RHD_FIFO_1/FIFO_1/lscc_fifo_inst/fifo0/_FABRIC.u_fifo/rd_addr_p1_r_i8.
Duplicate register/latch removal. \Controller_inst/Controller_RHD_FIFO_1/FIFO_1/lscc_fifo_inst/fifo0/_FABRIC.u_fifo/MISC.rd_flag_addr_p1_r_i7 is a one-to-one match with \Controller_inst/Controller_RHD_FIFO_1/FIFO_1/lscc_fifo_inst/fifo0/_FABRIC.u_fifo/rd_addr_p1_r_i7.
Duplicate register/latch removal. \Controller_inst/Controller_RHD_FIFO_1/FIFO_1/lscc_fifo_inst/fifo0/_FABRIC.u_fifo/MISC.rd_flag_addr_p1_r_i6 is a one-to-one match with \Controller_inst/Controller_RHD_FIFO_1/FIFO_1/lscc_fifo_inst/fifo0/_FABRIC.u_fifo/rd_addr_p1_r_i6.
Duplicate register/latch removal. \Controller_inst/Controller_RHD_FIFO_1/FIFO_1/lscc_fifo_inst/fifo0/_FABRIC.u_fifo/MISC.rd_flag_addr_p1_r_i5 is a one-to-one match with \Controller_inst/Controller_RHD_FIFO_1/FIFO_1/lscc_fifo_inst/fifo0/_FABRIC.u_fifo/rd_addr_p1_r_i5.
Duplicate register/latch removal. \Controller_inst/Controller_RHD_FIFO_1/FIFO_1/lscc_fifo_inst/fifo0/_FABRIC.u_fifo/MISC.rd_flag_addr_p1_r_i4 is a one-to-one match with \Controller_inst/Controller_RHD_FIFO_1/FIFO_1/lscc_fifo_inst/fifo0/_FABRIC.u_fifo/rd_addr_p1_r_i4.
Duplicate register/latch removal. \Controller_inst/Controller_RHD_FIFO_1/FIFO_1/lscc_fifo_inst/fifo0/_FABRIC.u_fifo/MISC.rd_flag_addr_p1_r_i3 is a one-to-one match with \Controller_inst/Controller_RHD_FIFO_1/FIFO_1/lscc_fifo_inst/fifo0/_FABRIC.u_fifo/rd_addr_p1_r_i3.
Duplicate register/latch removal. \Controller_inst/Controller_RHD_FIFO_1/FIFO_1/lscc_fifo_inst/fifo0/_FABRIC.u_fifo/MISC.rd_flag_addr_p1_r_i2 is a one-to-one match with \Controller_inst/Controller_RHD_FIFO_1/FIFO_1/lscc_fifo_inst/fifo0/_FABRIC.u_fifo/rd_addr_p1_r_i2.
Duplicate register/latch removal. \Controller_inst/Controller_RHD_FIFO_1/FIFO_1/lscc_fifo_inst/fifo0/_FABRIC.u_fifo/MISC.rd_flag_addr_p1_r_i1 is a one-to-one match with \Controller_inst/Controller_RHD_FIFO_1/FIFO_1/lscc_fifo_inst/fifo0/_FABRIC.u_fifo/rd_addr_p1_r_i1.
Duplicate register/latch removal. \Controller_inst/Controller_RHD_FIFO_1/FIFO_1/lscc_fifo_inst/fifo0/_FABRIC.u_fifo/MISC.rd_flag_addr_r_i7 is a one-to-one match with \Controller_inst/Controller_RHD_FIFO_1/FIFO_1/lscc_fifo_inst/fifo0/_FABRIC.u_fifo/rd_cmpaddr_r_i7.
Duplicate register/latch removal. \Controller_inst/Controller_RHD_FIFO_1/FIFO_1/lscc_fifo_inst/fifo0/_FABRIC.u_fifo/MISC.rd_flag_addr_r_i6 is a one-to-one match with \Controller_inst/Controller_RHD_FIFO_1/FIFO_1/lscc_fifo_inst/fifo0/_FABRIC.u_fifo/rd_cmpaddr_r_i6.
Duplicate register/latch removal. \Controller_inst/Controller_RHD_FIFO_1/FIFO_1/lscc_fifo_inst/fifo0/_FABRIC.u_fifo/MISC.rd_flag_addr_r_i5 is a one-to-one match with \Controller_inst/Controller_RHD_FIFO_1/FIFO_1/lscc_fifo_inst/fifo0/_FABRIC.u_fifo/rd_cmpaddr_r_i5.
Duplicate register/latch removal. \Controller_inst/Controller_RHD_FIFO_1/FIFO_1/lscc_fifo_inst/fifo0/_FABRIC.u_fifo/MISC.rd_flag_addr_r_i4 is a one-to-one match with \Controller_inst/Controller_RHD_FIFO_1/FIFO_1/lscc_fifo_inst/fifo0/_FABRIC.u_fifo/rd_cmpaddr_r_i4.
Duplicate register/latch removal. \Controller_inst/Controller_RHD_FIFO_1/FIFO_1/lscc_fifo_inst/fifo0/_FABRIC.u_fifo/MISC.rd_flag_addr_r_i3 is a one-to-one match with \Controller_inst/Controller_RHD_FIFO_1/FIFO_1/lscc_fifo_inst/fifo0/_FABRIC.u_fifo/rd_cmpaddr_r_i3.
Duplicate register/latch removal. \Controller_inst/Controller_RHD_FIFO_1/FIFO_1/lscc_fifo_inst/fifo0/_FABRIC.u_fifo/MISC.rd_flag_addr_r_i2 is a one-to-one match with \Controller_inst/Controller_RHD_FIFO_1/FIFO_1/lscc_fifo_inst/fifo0/_FABRIC.u_fifo/rd_cmpaddr_r_i2.
Duplicate register/latch removal. \Controller_inst/Controller_RHD_FIFO_1/FIFO_1/lscc_fifo_inst/fifo0/_FABRIC.u_fifo/MISC.rd_flag_addr_r_i1 is a one-to-one match with \Controller_inst/Controller_RHD_FIFO_1/FIFO_1/lscc_fifo_inst/fifo0/_FABRIC.u_fifo/rd_cmpaddr_r_i1.
Duplicate register/latch removal. \Controller_inst/Controller_RHD_FIFO_1/FIFO_1/lscc_fifo_inst/fifo0/_FABRIC.u_fifo/MISC.wr_flag_addr_p1_r_i8 is a one-to-one match with \Controller_inst/Controller_RHD_FIFO_1/FIFO_1/lscc_fifo_inst/fifo0/_FABRIC.u_fifo/wr_addr_p1cmp_r_i1.
Duplicate register/latch removal. \Controller_inst/Controller_RHD_FIFO_1/FIFO_1/lscc_fifo_inst/fifo0/_FABRIC.u_fifo/MISC.wr_flag_addr_p1_r_i7 is a one-to-one match with \Controller_inst/Controller_RHD_FIFO_1/FIFO_1/lscc_fifo_inst/fifo0/_FABRIC.u_fifo/wr_addr_p1_r_i7.
Duplicate register/latch removal. \Controller_inst/Controller_RHD_FIFO_1/FIFO_1/lscc_fifo_inst/fifo0/_FABRIC.u_fifo/MISC.wr_flag_addr_p1_r_i6 is a one-to-one match with \Controller_inst/Controller_RHD_FIFO_1/FIFO_1/lscc_fifo_inst/fifo0/_FABRIC.u_fifo/wr_addr_p1_r_i6.
Duplicate register/latch removal. \Controller_inst/Controller_RHD_FIFO_1/FIFO_1/lscc_fifo_inst/fifo0/_FABRIC.u_fifo/MISC.wr_flag_addr_p1_r_i5 is a one-to-one match with \Controller_inst/Controller_RHD_FIFO_1/FIFO_1/lscc_fifo_inst/fifo0/_FABRIC.u_fifo/wr_addr_p1_r_i5.
Duplicate register/latch removal. \Controller_inst/Controller_RHD_FIFO_1/FIFO_1/lscc_fifo_inst/fifo0/_FABRIC.u_fifo/MISC.wr_flag_addr_p1_r_i4 is a one-to-one match with \Controller_inst/Controller_RHD_FIFO_1/FIFO_1/lscc_fifo_inst/fifo0/_FABRIC.u_fifo/wr_addr_p1_r_i4.
Duplicate register/latch removal. \Controller_inst/Controller_RHD_FIFO_1/FIFO_1/lscc_fifo_inst/fifo0/_FABRIC.u_fifo/MISC.wr_flag_addr_p1_r_i3 is a one-to-one match with \Controller_inst/Controller_RHD_FIFO_1/FIFO_1/lscc_fifo_inst/fifo0/_FABRIC.u_fifo/wr_addr_p1_r_i3.
Duplicate register/latch removal. \Controller_inst/Controller_RHD_FIFO_1/FIFO_1/lscc_fifo_inst/fifo0/_FABRIC.u_fifo/MISC.wr_flag_addr_p1_r_i2 is a one-to-one match with \Controller_inst/Controller_RHD_FIFO_1/FIFO_1/lscc_fifo_inst/fifo0/_FABRIC.u_fifo/wr_addr_p1_r_i2.
Duplicate register/latch removal. \Controller_inst/Controller_RHD_FIFO_1/FIFO_1/lscc_fifo_inst/fifo0/_FABRIC.u_fifo/MISC.wr_flag_addr_p1_r_i1 is a one-to-one match with \Controller_inst/Controller_RHD_FIFO_1/FIFO_1/lscc_fifo_inst/fifo0/_FABRIC.u_fifo/wr_addr_p1_r_i1.
Duplicate register/latch removal. \Controller_inst/Controller_RHD_FIFO_1/FIFO_1/lscc_fifo_inst/fifo0/_FABRIC.u_fifo/MISC.wr_flag_addr_r_i7 is a one-to-one match with \Controller_inst/Controller_RHD_FIFO_1/FIFO_1/lscc_fifo_inst/fifo0/_FABRIC.u_fifo/wr_cmpaddr_r_i7.
Duplicate register/latch removal. \Controller_inst/Controller_RHD_FIFO_1/FIFO_1/lscc_fifo_inst/fifo0/_FABRIC.u_fifo/MISC.wr_flag_addr_r_i6 is a one-to-one match with \Controller_inst/Controller_RHD_FIFO_1/FIFO_1/lscc_fifo_inst/fifo0/_FABRIC.u_fifo/wr_cmpaddr_r_i6.
Duplicate register/latch removal. \Controller_inst/Controller_RHD_FIFO_1/FIFO_1/lscc_fifo_inst/fifo0/_FABRIC.u_fifo/MISC.wr_flag_addr_r_i5 is a one-to-one match with \Controller_inst/Controller_RHD_FIFO_1/FIFO_1/lscc_fifo_inst/fifo0/_FABRIC.u_fifo/wr_cmpaddr_r_i5.
Duplicate register/latch removal. \Controller_inst/Controller_RHD_FIFO_1/FIFO_1/lscc_fifo_inst/fifo0/_FABRIC.u_fifo/MISC.wr_flag_addr_r_i4 is a one-to-one match with \Controller_inst/Controller_RHD_FIFO_1/FIFO_1/lscc_fifo_inst/fifo0/_FABRIC.u_fifo/wr_cmpaddr_r_i4.
Duplicate register/latch removal. \Controller_inst/Controller_RHD_FIFO_1/FIFO_1/lscc_fifo_inst/fifo0/_FABRIC.u_fifo/MISC.wr_flag_addr_r_i3 is a one-to-one match with \Controller_inst/Controller_RHD_FIFO_1/FIFO_1/lscc_fifo_inst/fifo0/_FABRIC.u_fifo/wr_cmpaddr_r_i3.
Duplicate register/latch removal. \Controller_inst/Controller_RHD_FIFO_1/FIFO_1/lscc_fifo_inst/fifo0/_FABRIC.u_fifo/MISC.wr_flag_addr_r_i2 is a one-to-one match with \Controller_inst/Controller_RHD_FIFO_1/FIFO_1/lscc_fifo_inst/fifo0/_FABRIC.u_fifo/wr_cmpaddr_r_i2.
Duplicate register/latch removal. \Controller_inst/Controller_RHD_FIFO_1/FIFO_1/lscc_fifo_inst/fifo0/_FABRIC.u_fifo/MISC.wr_flag_addr_r_i1 is a one-to-one match with \Controller_inst/Controller_RHD_FIFO_1/FIFO_1/lscc_fifo_inst/fifo0/_FABRIC.u_fifo/wr_cmpaddr_r_i1.
Duplicate register/latch removal. \Controller_inst/Controller_RHD_FIFO_1/FIFO_1/lscc_fifo_inst/fifo0/_FABRIC.u_fifo/raddr_r_i7 is a one-to-one match with \Controller_inst/Controller_RHD_FIFO_1/FIFO_1/lscc_fifo_inst/fifo0/_FABRIC.u_fifo/MISC.rd_flag_addr_r_i7.
Duplicate register/latch removal. \Controller_inst/Controller_RHD_FIFO_1/FIFO_1/lscc_fifo_inst/fifo0/_FABRIC.u_fifo/raddr_r_i6 is a one-to-one match with \Controller_inst/Controller_RHD_FIFO_1/FIFO_1/lscc_fifo_inst/fifo0/_FABRIC.u_fifo/MISC.rd_flag_addr_r_i6.
Duplicate register/latch removal. \Controller_inst/Controller_RHD_FIFO_1/FIFO_1/lscc_fifo_inst/fifo0/_FABRIC.u_fifo/raddr_r_i5 is a one-to-one match with \Controller_inst/Controller_RHD_FIFO_1/FIFO_1/lscc_fifo_inst/fifo0/_FABRIC.u_fifo/MISC.rd_flag_addr_r_i5.
Duplicate register/latch removal. \Controller_inst/Controller_RHD_FIFO_1/FIFO_1/lscc_fifo_inst/fifo0/_FABRIC.u_fifo/raddr_r_i4 is a one-to-one match with \Controller_inst/Controller_RHD_FIFO_1/FIFO_1/lscc_fifo_inst/fifo0/_FABRIC.u_fifo/MISC.rd_flag_addr_r_i4.
Duplicate register/latch removal. \Controller_inst/Controller_RHD_FIFO_1/FIFO_1/lscc_fifo_inst/fifo0/_FABRIC.u_fifo/raddr_r_i3 is a one-to-one match with \Controller_inst/Controller_RHD_FIFO_1/FIFO_1/lscc_fifo_inst/fifo0/_FABRIC.u_fifo/MISC.rd_flag_addr_r_i3.
Duplicate register/latch removal. \Controller_inst/Controller_RHD_FIFO_1/FIFO_1/lscc_fifo_inst/fifo0/_FABRIC.u_fifo/raddr_r_i2 is a one-to-one match with \Controller_inst/Controller_RHD_FIFO_1/FIFO_1/lscc_fifo_inst/fifo0/_FABRIC.u_fifo/MISC.rd_flag_addr_r_i2.
Duplicate register/latch removal. \Controller_inst/Controller_RHD_FIFO_1/FIFO_1/lscc_fifo_inst/fifo0/_FABRIC.u_fifo/raddr_r_i1 is a one-to-one match with \Controller_inst/Controller_RHD_FIFO_1/FIFO_1/lscc_fifo_inst/fifo0/_FABRIC.u_fifo/MISC.rd_flag_addr_r_i1.
Duplicate register/latch removal. \Controller_inst/Controller_RHD_FIFO_1/FIFO_1/lscc_fifo_inst/fifo0/_FABRIC.u_fifo/rd_addr_p1cmp_r_i8 is a one-to-one match with \Controller_inst/Controller_RHD_FIFO_1/FIFO_1/lscc_fifo_inst/fifo0/_FABRIC.u_fifo/MISC.rd_flag_addr_p1_r_i8.
Duplicate register/latch removal. \Controller_inst/Controller_RHD_FIFO_1/FIFO_1/lscc_fifo_inst/fifo0/_FABRIC.u_fifo/rd_addr_p1cmp_r_i7 is a one-to-one match with \Controller_inst/Controller_RHD_FIFO_1/FIFO_1/lscc_fifo_inst/fifo0/_FABRIC.u_fifo/MISC.rd_flag_addr_p1_r_i7.
Duplicate register/latch removal. \Controller_inst/Controller_RHD_FIFO_1/FIFO_1/lscc_fifo_inst/fifo0/_FABRIC.u_fifo/rd_addr_p1cmp_r_i6 is a one-to-one match with \Controller_inst/Controller_RHD_FIFO_1/FIFO_1/lscc_fifo_inst/fifo0/_FABRIC.u_fifo/MISC.rd_flag_addr_p1_r_i6.
Duplicate register/latch removal. \Controller_inst/Controller_RHD_FIFO_1/FIFO_1/lscc_fifo_inst/fifo0/_FABRIC.u_fifo/rd_addr_p1cmp_r_i5 is a one-to-one match with \Controller_inst/Controller_RHD_FIFO_1/FIFO_1/lscc_fifo_inst/fifo0/_FABRIC.u_fifo/MISC.rd_flag_addr_p1_r_i5.
Duplicate register/latch removal. \Controller_inst/Controller_RHD_FIFO_1/FIFO_1/lscc_fifo_inst/fifo0/_FABRIC.u_fifo/rd_addr_p1cmp_r_i4 is a one-to-one match with \Controller_inst/Controller_RHD_FIFO_1/FIFO_1/lscc_fifo_inst/fifo0/_FABRIC.u_fifo/MISC.rd_flag_addr_p1_r_i4.
Duplicate register/latch removal. \Controller_inst/Controller_RHD_FIFO_1/FIFO_1/lscc_fifo_inst/fifo0/_FABRIC.u_fifo/rd_addr_p1cmp_r_i3 is a one-to-one match with \Controller_inst/Controller_RHD_FIFO_1/FIFO_1/lscc_fifo_inst/fifo0/_FABRIC.u_fifo/MISC.rd_flag_addr_p1_r_i3.
Duplicate register/latch removal. \Controller_inst/Controller_RHD_FIFO_1/FIFO_1/lscc_fifo_inst/fifo0/_FABRIC.u_fifo/rd_addr_p1cmp_r_i2 is a one-to-one match with \Controller_inst/Controller_RHD_FIFO_1/FIFO_1/lscc_fifo_inst/fifo0/_FABRIC.u_fifo/MISC.rd_flag_addr_p1_r_i2.
Duplicate register/latch removal. \Controller_inst/Controller_RHD_FIFO_1/FIFO_1/lscc_fifo_inst/fifo0/_FABRIC.u_fifo/rd_addr_p1cmp_r_i1 is a one-to-one match with \Controller_inst/Controller_RHD_FIFO_1/FIFO_1/lscc_fifo_inst/fifo0/_FABRIC.u_fifo/MISC.rd_flag_addr_p1_r_i1.
Duplicate register/latch removal. \Controller_inst/Controller_RHD_FIFO_1/FIFO_1/lscc_fifo_inst/fifo0/_FABRIC.u_fifo/wr_cmpaddr_p1_r_i7 is a one-to-one match with \Controller_inst/Controller_RHD_FIFO_1/FIFO_1/lscc_fifo_inst/fifo0/_FABRIC.u_fifo/MISC.wr_flag_addr_p1_r_i7.
Duplicate register/latch removal. \Controller_inst/Controller_RHD_FIFO_1/FIFO_1/lscc_fifo_inst/fifo0/_FABRIC.u_fifo/wr_cmpaddr_p1_r_i6 is a one-to-one match with \Controller_inst/Controller_RHD_FIFO_1/FIFO_1/lscc_fifo_inst/fifo0/_FABRIC.u_fifo/MISC.wr_flag_addr_p1_r_i6.
Duplicate register/latch removal. \Controller_inst/Controller_RHD_FIFO_1/FIFO_1/lscc_fifo_inst/fifo0/_FABRIC.u_fifo/wr_cmpaddr_p1_r_i5 is a one-to-one match with \Controller_inst/Controller_RHD_FIFO_1/FIFO_1/lscc_fifo_inst/fifo0/_FABRIC.u_fifo/MISC.wr_flag_addr_p1_r_i5.
Duplicate register/latch removal. \Controller_inst/Controller_RHD_FIFO_1/FIFO_1/lscc_fifo_inst/fifo0/_FABRIC.u_fifo/wr_cmpaddr_p1_r_i4 is a one-to-one match with \Controller_inst/Controller_RHD_FIFO_1/FIFO_1/lscc_fifo_inst/fifo0/_FABRIC.u_fifo/MISC.wr_flag_addr_p1_r_i4.
Duplicate register/latch removal. \Controller_inst/Controller_RHD_FIFO_1/FIFO_1/lscc_fifo_inst/fifo0/_FABRIC.u_fifo/wr_cmpaddr_p1_r_i3 is a one-to-one match with \Controller_inst/Controller_RHD_FIFO_1/FIFO_1/lscc_fifo_inst/fifo0/_FABRIC.u_fifo/MISC.wr_flag_addr_p1_r_i3.
Duplicate register/latch removal. \Controller_inst/Controller_RHD_FIFO_1/FIFO_1/lscc_fifo_inst/fifo0/_FABRIC.u_fifo/wr_cmpaddr_p1_r_i2 is a one-to-one match with \Controller_inst/Controller_RHD_FIFO_1/FIFO_1/lscc_fifo_inst/fifo0/_FABRIC.u_fifo/MISC.wr_flag_addr_p1_r_i2.
Duplicate register/latch removal. \Controller_inst/Controller_RHD_FIFO_1/FIFO_1/lscc_fifo_inst/fifo0/_FABRIC.u_fifo/wr_cmpaddr_p1_r_i1 is a one-to-one match with \Controller_inst/Controller_RHD_FIFO_1/FIFO_1/lscc_fifo_inst/fifo0/_FABRIC.u_fifo/MISC.wr_flag_addr_p1_r_i1.
Duplicate register/latch removal. \Controller_inst/Controller_RHD_FIFO_1/FIFO_1/lscc_fifo_inst/fifo0/_FABRIC.u_fifo/waddr_r_i7 is a one-to-one match with \Controller_inst/Controller_RHD_FIFO_1/FIFO_1/lscc_fifo_inst/fifo0/_FABRIC.u_fifo/MISC.wr_flag_addr_r_i7.
Duplicate register/latch removal. \Controller_inst/Controller_RHD_FIFO_1/FIFO_1/lscc_fifo_inst/fifo0/_FABRIC.u_fifo/waddr_r_i6 is a one-to-one match with \Controller_inst/Controller_RHD_FIFO_1/FIFO_1/lscc_fifo_inst/fifo0/_FABRIC.u_fifo/MISC.wr_flag_addr_r_i6.
Duplicate register/latch removal. \Controller_inst/Controller_RHD_FIFO_1/FIFO_1/lscc_fifo_inst/fifo0/_FABRIC.u_fifo/waddr_r_i5 is a one-to-one match with \Controller_inst/Controller_RHD_FIFO_1/FIFO_1/lscc_fifo_inst/fifo0/_FABRIC.u_fifo/MISC.wr_flag_addr_r_i5.
Duplicate register/latch removal. \Controller_inst/Controller_RHD_FIFO_1/FIFO_1/lscc_fifo_inst/fifo0/_FABRIC.u_fifo/waddr_r_i4 is a one-to-one match with \Controller_inst/Controller_RHD_FIFO_1/FIFO_1/lscc_fifo_inst/fifo0/_FABRIC.u_fifo/MISC.wr_flag_addr_r_i4.
Duplicate register/latch removal. \Controller_inst/Controller_RHD_FIFO_1/FIFO_1/lscc_fifo_inst/fifo0/_FABRIC.u_fifo/waddr_r_i3 is a one-to-one match with \Controller_inst/Controller_RHD_FIFO_1/FIFO_1/lscc_fifo_inst/fifo0/_FABRIC.u_fifo/MISC.wr_flag_addr_r_i3.
Duplicate register/latch removal. \Controller_inst/Controller_RHD_FIFO_1/FIFO_1/lscc_fifo_inst/fifo0/_FABRIC.u_fifo/waddr_r_i2 is a one-to-one match with \Controller_inst/Controller_RHD_FIFO_1/FIFO_1/lscc_fifo_inst/fifo0/_FABRIC.u_fifo/MISC.wr_flag_addr_r_i2.
Duplicate register/latch removal. \Controller_inst/Controller_RHD_FIFO_1/FIFO_1/lscc_fifo_inst/fifo0/_FABRIC.u_fifo/waddr_r_i1 is a one-to-one match with \Controller_inst/Controller_RHD_FIFO_1/FIFO_1/lscc_fifo_inst/fifo0/_FABRIC.u_fifo/MISC.wr_flag_addr_r_i1.
Duplicate register/latch removal. \Controller_inst/Controller_RHD_FIFO_1/FIFO_1/lscc_fifo_inst/fifo0/_FABRIC.u_fifo/full_r is a one-to-one match with \Controller_inst/Controller_RHD_FIFO_1/FIFO_1/lscc_fifo_inst/fifo0/_FABRIC.u_fifo/MISC.full_flag_r.
Duplicate register/latch removal. \Controller_inst/Controller_RHD_FIFO_1/FIFO_1/lscc_fifo_inst/fifo0/_FABRIC.u_fifo/full_mem_r is a one-to-one match with \Controller_inst/Controller_RHD_FIFO_1/FIFO_1/lscc_fifo_inst/fifo0/_FABRIC.u_fifo/full_r.
Duplicate register/latch removal. \Controller_inst/Controller_RHD_FIFO_1/FIFO_1/lscc_fifo_inst/fifo0/_FABRIC.u_fifo/empty_r is a one-to-one match with \Controller_inst/Controller_RHD_FIFO_1/FIFO_1/lscc_fifo_inst/fifo0/_FABRIC.u_fifo/MISC.empty_flag_r.
Duplicate register/latch removal. \Controller_inst/Controller_RHD_FIFO_1/FIFO_1/lscc_fifo_inst/fifo0/_FABRIC.u_fifo/empty_mem_r is a one-to-one match with \Controller_inst/Controller_RHD_FIFO_1/FIFO_1/lscc_fifo_inst/fifo0/_FABRIC.u_fifo/empty_r.
Duplicate register/latch removal. \Controller_inst/Controller_RHD_FIFO_1/FIFO_1/lscc_fifo_inst/fifo0/_FABRIC.u_fifo/wr_addr_p1_r_i0 is a one-to-one match with \Controller_inst/Controller_RHD_FIFO_1/FIFO_1/lscc_fifo_inst/fifo0/_FABRIC.u_fifo/MISC.wr_flag_addr_p1_r_i0.
Duplicate register/latch removal. \Controller_inst/Controller_RHD_FIFO_1/FIFO_1/lscc_fifo_inst/fifo0/_FABRIC.u_fifo/wr_cmpaddr_r_i0 is a one-to-one match with \Controller_inst/Controller_RHD_FIFO_1/FIFO_1/lscc_fifo_inst/fifo0/_FABRIC.u_fifo/MISC.wr_flag_addr_r_i0.
Duplicate register/latch removal. \Controller_inst/Controller_RHD_FIFO_1/FIFO_1/lscc_fifo_inst/fifo0/_FABRIC.u_fifo/wr_addr_p1cmp_r_i1 is a one-to-one match with \Controller_inst/Controller_RHD_FIFO_1/FIFO_1/lscc_fifo_inst/fifo0/_FABRIC.u_fifo/wr_addr_p1_r_i8.
Duplicate register/latch removal. \Controller_inst/Controller_RHD_FIFO_1/FIFO_1/lscc_fifo_inst/fifo0/_FABRIC.u_fifo/waddr_r_i0 is a one-to-one match with \Controller_inst/Controller_RHD_FIFO_1/FIFO_1/lscc_fifo_inst/fifo0/_FABRIC.u_fifo/wr_cmpaddr_r_i0.
Duplicate register/latch removal. \Controller_inst/Controller_RHD_FIFO_1/FIFO_1/lscc_fifo_inst/fifo0/_FABRIC.u_fifo/wr_cmpaddr_p1_r_i0 is a one-to-one match with \Controller_inst/Controller_RHD_FIFO_1/FIFO_1/lscc_fifo_inst/fifo0/_FABRIC.u_fifo/wr_addr_p1_r_i0.
Duplicate register/latch removal. \Controller_inst/Controller_RHD_FIFO_1/FIFO_1/lscc_fifo_inst/fifo0/_FABRIC.u_fifo/rd_addr_p1_r_i0 is a one-to-one match with \Controller_inst/Controller_RHD_FIFO_1/FIFO_1/lscc_fifo_inst/fifo0/_FABRIC.u_fifo/MISC.rd_flag_addr_p1_r_i0.
Duplicate register/latch removal. \Controller_inst/Controller_RHD_FIFO_1/FIFO_1/lscc_fifo_inst/fifo0/_FABRIC.u_fifo/rd_addr_p1cmp_r_i0 is a one-to-one match with \Controller_inst/Controller_RHD_FIFO_1/FIFO_1/lscc_fifo_inst/fifo0/_FABRIC.u_fifo/rd_addr_p1_r_i0.
Duplicate register/latch removal. \Controller_inst/Controller_RHD_FIFO_1/FIFO_1/lscc_fifo_inst/fifo0/_FABRIC.u_fifo/rd_cmpaddr_r_i0 is a one-to-one match with \Controller_inst/Controller_RHD_FIFO_1/FIFO_1/lscc_fifo_inst/fifo0/_FABRIC.u_fifo/MISC.rd_flag_addr_r_i0.
Duplicate register/latch removal. \Controller_inst/Controller_RHD_FIFO_1/FIFO_1/lscc_fifo_inst/fifo0/_FABRIC.u_fifo/raddr_r_i0 is a one-to-one match with \Controller_inst/Controller_RHD_FIFO_1/FIFO_1/lscc_fifo_inst/fifo0/_FABRIC.u_fifo/rd_cmpaddr_r_i0.
Duplicate register/latch removal. \Controller_inst/Controller_RHD_FIFO_1/FIFO_1/lscc_fifo_inst/fifo0/_FABRIC.u_fifo/MISC.rd_flag_addr_p1_r_i8 is a one-to-one match with \Controller_inst/Controller_RHD_FIFO_1/FIFO_1/lscc_fifo_inst/fifo0/_FABRIC.u_fifo/rd_addr_p1_r_i8.
Duplicate register/latch removal. \Controller_inst/Controller_RHD_FIFO_1/FIFO_1/lscc_fifo_inst/fifo0/_FABRIC.u_fifo/MISC.rd_flag_addr_p1_r_i7 is a one-to-one match with \Controller_inst/Controller_RHD_FIFO_1/FIFO_1/lscc_fifo_inst/fifo0/_FABRIC.u_fifo/rd_addr_p1_r_i7.
Duplicate register/latch removal. \Controller_inst/Controller_RHD_FIFO_1/FIFO_1/lscc_fifo_inst/fifo0/_FABRIC.u_fifo/MISC.rd_flag_addr_p1_r_i6 is a one-to-one match with \Controller_inst/Controller_RHD_FIFO_1/FIFO_1/lscc_fifo_inst/fifo0/_FABRIC.u_fifo/rd_addr_p1_r_i6.
Duplicate register/latch removal. \Controller_inst/Controller_RHD_FIFO_1/FIFO_1/lscc_fifo_inst/fifo0/_FABRIC.u_fifo/MISC.rd_flag_addr_p1_r_i5 is a one-to-one match with \Controller_inst/Controller_RHD_FIFO_1/FIFO_1/lscc_fifo_inst/fifo0/_FABRIC.u_fifo/rd_addr_p1_r_i5.
Duplicate register/latch removal. \Controller_inst/Controller_RHD_FIFO_1/FIFO_1/lscc_fifo_inst/fifo0/_FABRIC.u_fifo/MISC.rd_flag_addr_p1_r_i4 is a one-to-one match with \Controller_inst/Controller_RHD_FIFO_1/FIFO_1/lscc_fifo_inst/fifo0/_FABRIC.u_fifo/rd_addr_p1_r_i4.
Duplicate register/latch removal. \Controller_inst/Controller_RHD_FIFO_1/FIFO_1/lscc_fifo_inst/fifo0/_FABRIC.u_fifo/MISC.rd_flag_addr_p1_r_i3 is a one-to-one match with \Controller_inst/Controller_RHD_FIFO_1/FIFO_1/lscc_fifo_inst/fifo0/_FABRIC.u_fifo/rd_addr_p1_r_i3.
Duplicate register/latch removal. \Controller_inst/Controller_RHD_FIFO_1/FIFO_1/lscc_fifo_inst/fifo0/_FABRIC.u_fifo/MISC.rd_flag_addr_p1_r_i2 is a one-to-one match with \Controller_inst/Controller_RHD_FIFO_1/FIFO_1/lscc_fifo_inst/fifo0/_FABRIC.u_fifo/rd_addr_p1_r_i2.
Duplicate register/latch removal. \Controller_inst/Controller_RHD_FIFO_1/FIFO_1/lscc_fifo_inst/fifo0/_FABRIC.u_fifo/MISC.rd_flag_addr_p1_r_i1 is a one-to-one match with \Controller_inst/Controller_RHD_FIFO_1/FIFO_1/lscc_fifo_inst/fifo0/_FABRIC.u_fifo/rd_addr_p1_r_i1.
Duplicate register/latch removal. \Controller_inst/Controller_RHD_FIFO_1/FIFO_1/lscc_fifo_inst/fifo0/_FABRIC.u_fifo/MISC.rd_flag_addr_r_i7 is a one-to-one match with \Controller_inst/Controller_RHD_FIFO_1/FIFO_1/lscc_fifo_inst/fifo0/_FABRIC.u_fifo/rd_cmpaddr_r_i7.
Duplicate register/latch removal. \Controller_inst/Controller_RHD_FIFO_1/FIFO_1/lscc_fifo_inst/fifo0/_FABRIC.u_fifo/MISC.rd_flag_addr_r_i6 is a one-to-one match with \Controller_inst/Controller_RHD_FIFO_1/FIFO_1/lscc_fifo_inst/fifo0/_FABRIC.u_fifo/rd_cmpaddr_r_i6.
Duplicate register/latch removal. \Controller_inst/Controller_RHD_FIFO_1/FIFO_1/lscc_fifo_inst/fifo0/_FABRIC.u_fifo/MISC.rd_flag_addr_r_i5 is a one-to-one match with \Controller_inst/Controller_RHD_FIFO_1/FIFO_1/lscc_fifo_inst/fifo0/_FABRIC.u_fifo/rd_cmpaddr_r_i5.
Duplicate register/latch removal. \Controller_inst/Controller_RHD_FIFO_1/FIFO_1/lscc_fifo_inst/fifo0/_FABRIC.u_fifo/MISC.rd_flag_addr_r_i4 is a one-to-one match with \Controller_inst/Controller_RHD_FIFO_1/FIFO_1/lscc_fifo_inst/fifo0/_FABRIC.u_fifo/rd_cmpaddr_r_i4.
Duplicate register/latch removal. \Controller_inst/Controller_RHD_FIFO_1/FIFO_1/lscc_fifo_inst/fifo0/_FABRIC.u_fifo/MISC.rd_flag_addr_r_i3 is a one-to-one match with \Controller_inst/Controller_RHD_FIFO_1/FIFO_1/lscc_fifo_inst/fifo0/_FABRIC.u_fifo/rd_cmpaddr_r_i3.
Duplicate register/latch removal. \Controller_inst/Controller_RHD_FIFO_1/FIFO_1/lscc_fifo_inst/fifo0/_FABRIC.u_fifo/MISC.rd_flag_addr_r_i2 is a one-to-one match with \Controller_inst/Controller_RHD_FIFO_1/FIFO_1/lscc_fifo_inst/fifo0/_FABRIC.u_fifo/rd_cmpaddr_r_i2.
Duplicate register/latch removal. \Controller_inst/Controller_RHD_FIFO_1/FIFO_1/lscc_fifo_inst/fifo0/_FABRIC.u_fifo/MISC.rd_flag_addr_r_i1 is a one-to-one match with \Controller_inst/Controller_RHD_FIFO_1/FIFO_1/lscc_fifo_inst/fifo0/_FABRIC.u_fifo/rd_cmpaddr_r_i1.
Duplicate register/latch removal. \Controller_inst/Controller_RHD_FIFO_1/FIFO_1/lscc_fifo_inst/fifo0/_FABRIC.u_fifo/MISC.wr_flag_addr_p1_r_i8 is a one-to-one match with \Controller_inst/Controller_RHD_FIFO_1/FIFO_1/lscc_fifo_inst/fifo0/_FABRIC.u_fifo/wr_addr_p1cmp_r_i1.
Duplicate register/latch removal. \Controller_inst/Controller_RHD_FIFO_1/FIFO_1/lscc_fifo_inst/fifo0/_FABRIC.u_fifo/MISC.wr_flag_addr_p1_r_i7 is a one-to-one match with \Controller_inst/Controller_RHD_FIFO_1/FIFO_1/lscc_fifo_inst/fifo0/_FABRIC.u_fifo/wr_addr_p1_r_i7.
Duplicate register/latch removal. \Controller_inst/Controller_RHD_FIFO_1/FIFO_1/lscc_fifo_inst/fifo0/_FABRIC.u_fifo/MISC.wr_flag_addr_p1_r_i6 is a one-to-one match with \Controller_inst/Controller_RHD_FIFO_1/FIFO_1/lscc_fifo_inst/fifo0/_FABRIC.u_fifo/wr_addr_p1_r_i6.
Duplicate register/latch removal. \Controller_inst/Controller_RHD_FIFO_1/FIFO_1/lscc_fifo_inst/fifo0/_FABRIC.u_fifo/MISC.wr_flag_addr_p1_r_i5 is a one-to-one match with \Controller_inst/Controller_RHD_FIFO_1/FIFO_1/lscc_fifo_inst/fifo0/_FABRIC.u_fifo/wr_addr_p1_r_i5.
Duplicate register/latch removal. \Controller_inst/Controller_RHD_FIFO_1/FIFO_1/lscc_fifo_inst/fifo0/_FABRIC.u_fifo/MISC.wr_flag_addr_p1_r_i4 is a one-to-one match with \Controller_inst/Controller_RHD_FIFO_1/FIFO_1/lscc_fifo_inst/fifo0/_FABRIC.u_fifo/wr_addr_p1_r_i4.
Duplicate register/latch removal. \Controller_inst/Controller_RHD_FIFO_1/FIFO_1/lscc_fifo_inst/fifo0/_FABRIC.u_fifo/MISC.wr_flag_addr_p1_r_i3 is a one-to-one match with \Controller_inst/Controller_RHD_FIFO_1/FIFO_1/lscc_fifo_inst/fifo0/_FABRIC.u_fifo/wr_addr_p1_r_i3.
Duplicate register/latch removal. \Controller_inst/Controller_RHD_FIFO_1/FIFO_1/lscc_fifo_inst/fifo0/_FABRIC.u_fifo/MISC.wr_flag_addr_p1_r_i2 is a one-to-one match with \Controller_inst/Controller_RHD_FIFO_1/FIFO_1/lscc_fifo_inst/fifo0/_FABRIC.u_fifo/wr_addr_p1_r_i2.
Duplicate register/latch removal. \Controller_inst/Controller_RHD_FIFO_1/FIFO_1/lscc_fifo_inst/fifo0/_FABRIC.u_fifo/MISC.wr_flag_addr_p1_r_i1 is a one-to-one match with \Controller_inst/Controller_RHD_FIFO_1/FIFO_1/lscc_fifo_inst/fifo0/_FABRIC.u_fifo/wr_addr_p1_r_i1.
Duplicate register/latch removal. \Controller_inst/Controller_RHD_FIFO_1/FIFO_1/lscc_fifo_inst/fifo0/_FABRIC.u_fifo/MISC.wr_flag_addr_r_i7 is a one-to-one match with \Controller_inst/Controller_RHD_FIFO_1/FIFO_1/lscc_fifo_inst/fifo0/_FABRIC.u_fifo/wr_cmpaddr_r_i7.
Duplicate register/latch removal. \Controller_inst/Controller_RHD_FIFO_1/FIFO_1/lscc_fifo_inst/fifo0/_FABRIC.u_fifo/MISC.wr_flag_addr_r_i6 is a one-to-one match with \Controller_inst/Controller_RHD_FIFO_1/FIFO_1/lscc_fifo_inst/fifo0/_FABRIC.u_fifo/wr_cmpaddr_r_i6.
Duplicate register/latch removal. \Controller_inst/Controller_RHD_FIFO_1/FIFO_1/lscc_fifo_inst/fifo0/_FABRIC.u_fifo/MISC.wr_flag_addr_r_i5 is a one-to-one match with \Controller_inst/Controller_RHD_FIFO_1/FIFO_1/lscc_fifo_inst/fifo0/_FABRIC.u_fifo/wr_cmpaddr_r_i5.
Duplicate register/latch removal. \Controller_inst/Controller_RHD_FIFO_1/FIFO_1/lscc_fifo_inst/fifo0/_FABRIC.u_fifo/MISC.wr_flag_addr_r_i4 is a one-to-one match with \Controller_inst/Controller_RHD_FIFO_1/FIFO_1/lscc_fifo_inst/fifo0/_FABRIC.u_fifo/wr_cmpaddr_r_i4.
Duplicate register/latch removal. \Controller_inst/Controller_RHD_FIFO_1/FIFO_1/lscc_fifo_inst/fifo0/_FABRIC.u_fifo/MISC.wr_flag_addr_r_i3 is a one-to-one match with \Controller_inst/Controller_RHD_FIFO_1/FIFO_1/lscc_fifo_inst/fifo0/_FABRIC.u_fifo/wr_cmpaddr_r_i3.
Duplicate register/latch removal. \Controller_inst/Controller_RHD_FIFO_1/FIFO_1/lscc_fifo_inst/fifo0/_FABRIC.u_fifo/MISC.wr_flag_addr_r_i2 is a one-to-one match with \Controller_inst/Controller_RHD_FIFO_1/FIFO_1/lscc_fifo_inst/fifo0/_FABRIC.u_fifo/wr_cmpaddr_r_i2.
Duplicate register/latch removal. \Controller_inst/Controller_RHD_FIFO_1/FIFO_1/lscc_fifo_inst/fifo0/_FABRIC.u_fifo/MISC.wr_flag_addr_r_i1 is a one-to-one match with \Controller_inst/Controller_RHD_FIFO_1/FIFO_1/lscc_fifo_inst/fifo0/_FABRIC.u_fifo/wr_cmpaddr_r_i1.
Duplicate register/latch removal. \Controller_inst/Controller_RHD_FIFO_1/FIFO_1/lscc_fifo_inst/fifo0/_FABRIC.u_fifo/raddr_r_i7 is a one-to-one match with \Controller_inst/Controller_RHD_FIFO_1/FIFO_1/lscc_fifo_inst/fifo0/_FABRIC.u_fifo/MISC.rd_flag_addr_r_i7.
Duplicate register/latch removal. \Controller_inst/Controller_RHD_FIFO_1/FIFO_1/lscc_fifo_inst/fifo0/_FABRIC.u_fifo/raddr_r_i6 is a one-to-one match with \Controller_inst/Controller_RHD_FIFO_1/FIFO_1/lscc_fifo_inst/fifo0/_FABRIC.u_fifo/MISC.rd_flag_addr_r_i6.
Duplicate register/latch removal. \Controller_inst/Controller_RHD_FIFO_1/FIFO_1/lscc_fifo_inst/fifo0/_FABRIC.u_fifo/raddr_r_i5 is a one-to-one match with \Controller_inst/Controller_RHD_FIFO_1/FIFO_1/lscc_fifo_inst/fifo0/_FABRIC.u_fifo/MISC.rd_flag_addr_r_i5.
Duplicate register/latch removal. \Controller_inst/Controller_RHD_FIFO_1/FIFO_1/lscc_fifo_inst/fifo0/_FABRIC.u_fifo/raddr_r_i4 is a one-to-one match with \Controller_inst/Controller_RHD_FIFO_1/FIFO_1/lscc_fifo_inst/fifo0/_FABRIC.u_fifo/MISC.rd_flag_addr_r_i4.
Duplicate register/latch removal. \Controller_inst/Controller_RHD_FIFO_1/FIFO_1/lscc_fifo_inst/fifo0/_FABRIC.u_fifo/raddr_r_i3 is a one-to-one match with \Controller_inst/Controller_RHD_FIFO_1/FIFO_1/lscc_fifo_inst/fifo0/_FABRIC.u_fifo/MISC.rd_flag_addr_r_i3.
Duplicate register/latch removal. \Controller_inst/Controller_RHD_FIFO_1/FIFO_1/lscc_fifo_inst/fifo0/_FABRIC.u_fifo/raddr_r_i2 is a one-to-one match with \Controller_inst/Controller_RHD_FIFO_1/FIFO_1/lscc_fifo_inst/fifo0/_FABRIC.u_fifo/MISC.rd_flag_addr_r_i2.
Duplicate register/latch removal. \Controller_inst/Controller_RHD_FIFO_1/FIFO_1/lscc_fifo_inst/fifo0/_FABRIC.u_fifo/raddr_r_i1 is a one-to-one match with \Controller_inst/Controller_RHD_FIFO_1/FIFO_1/lscc_fifo_inst/fifo0/_FABRIC.u_fifo/MISC.rd_flag_addr_r_i1.
Duplicate register/latch removal. \Controller_inst/Controller_RHD_FIFO_1/FIFO_1/lscc_fifo_inst/fifo0/_FABRIC.u_fifo/rd_addr_p1cmp_r_i8 is a one-to-one match with \Controller_inst/Controller_RHD_FIFO_1/FIFO_1/lscc_fifo_inst/fifo0/_FABRIC.u_fifo/MISC.rd_flag_addr_p1_r_i8.
Duplicate register/latch removal. \Controller_inst/Controller_RHD_FIFO_1/FIFO_1/lscc_fifo_inst/fifo0/_FABRIC.u_fifo/rd_addr_p1cmp_r_i7 is a one-to-one match with \Controller_inst/Controller_RHD_FIFO_1/FIFO_1/lscc_fifo_inst/fifo0/_FABRIC.u_fifo/MISC.rd_flag_addr_p1_r_i7.
Duplicate register/latch removal. \Controller_inst/Controller_RHD_FIFO_1/FIFO_1/lscc_fifo_inst/fifo0/_FABRIC.u_fifo/rd_addr_p1cmp_r_i6 is a one-to-one match with \Controller_inst/Controller_RHD_FIFO_1/FIFO_1/lscc_fifo_inst/fifo0/_FABRIC.u_fifo/MISC.rd_flag_addr_p1_r_i6.
Duplicate register/latch removal. \Controller_inst/Controller_RHD_FIFO_1/FIFO_1/lscc_fifo_inst/fifo0/_FABRIC.u_fifo/rd_addr_p1cmp_r_i5 is a one-to-one match with \Controller_inst/Controller_RHD_FIFO_1/FIFO_1/lscc_fifo_inst/fifo0/_FABRIC.u_fifo/MISC.rd_flag_addr_p1_r_i5.
Duplicate register/latch removal. \Controller_inst/Controller_RHD_FIFO_1/FIFO_1/lscc_fifo_inst/fifo0/_FABRIC.u_fifo/rd_addr_p1cmp_r_i4 is a one-to-one match with \Controller_inst/Controller_RHD_FIFO_1/FIFO_1/lscc_fifo_inst/fifo0/_FABRIC.u_fifo/MISC.rd_flag_addr_p1_r_i4.
Duplicate register/latch removal. \Controller_inst/Controller_RHD_FIFO_1/FIFO_1/lscc_fifo_inst/fifo0/_FABRIC.u_fifo/rd_addr_p1cmp_r_i3 is a one-to-one match with \Controller_inst/Controller_RHD_FIFO_1/FIFO_1/lscc_fifo_inst/fifo0/_FABRIC.u_fifo/MISC.rd_flag_addr_p1_r_i3.
Duplicate register/latch removal. \Controller_inst/Controller_RHD_FIFO_1/FIFO_1/lscc_fifo_inst/fifo0/_FABRIC.u_fifo/rd_addr_p1cmp_r_i2 is a one-to-one match with \Controller_inst/Controller_RHD_FIFO_1/FIFO_1/lscc_fifo_inst/fifo0/_FABRIC.u_fifo/MISC.rd_flag_addr_p1_r_i2.
Duplicate register/latch removal. \Controller_inst/Controller_RHD_FIFO_1/FIFO_1/lscc_fifo_inst/fifo0/_FABRIC.u_fifo/rd_addr_p1cmp_r_i1 is a one-to-one match with \Controller_inst/Controller_RHD_FIFO_1/FIFO_1/lscc_fifo_inst/fifo0/_FABRIC.u_fifo/MISC.rd_flag_addr_p1_r_i1.
Duplicate register/latch removal. \Controller_inst/Controller_RHD_FIFO_1/FIFO_1/lscc_fifo_inst/fifo0/_FABRIC.u_fifo/wr_cmpaddr_p1_r_i7 is a one-to-one match with \Controller_inst/Controller_RHD_FIFO_1/FIFO_1/lscc_fifo_inst/fifo0/_FABRIC.u_fifo/MISC.wr_flag_addr_p1_r_i7.
Duplicate register/latch removal. \Controller_inst/Controller_RHD_FIFO_1/FIFO_1/lscc_fifo_inst/fifo0/_FABRIC.u_fifo/wr_cmpaddr_p1_r_i6 is a one-to-one match with \Controller_inst/Controller_RHD_FIFO_1/FIFO_1/lscc_fifo_inst/fifo0/_FABRIC.u_fifo/MISC.wr_flag_addr_p1_r_i6.
Duplicate register/latch removal. \Controller_inst/Controller_RHD_FIFO_1/FIFO_1/lscc_fifo_inst/fifo0/_FABRIC.u_fifo/wr_cmpaddr_p1_r_i5 is a one-to-one match with \Controller_inst/Controller_RHD_FIFO_1/FIFO_1/lscc_fifo_inst/fifo0/_FABRIC.u_fifo/MISC.wr_flag_addr_p1_r_i5.
Duplicate register/latch removal. \Controller_inst/Controller_RHD_FIFO_1/FIFO_1/lscc_fifo_inst/fifo0/_FABRIC.u_fifo/wr_cmpaddr_p1_r_i4 is a one-to-one match with \Controller_inst/Controller_RHD_FIFO_1/FIFO_1/lscc_fifo_inst/fifo0/_FABRIC.u_fifo/MISC.wr_flag_addr_p1_r_i4.
Duplicate register/latch removal. \Controller_inst/Controller_RHD_FIFO_1/FIFO_1/lscc_fifo_inst/fifo0/_FABRIC.u_fifo/wr_cmpaddr_p1_r_i3 is a one-to-one match with \Controller_inst/Controller_RHD_FIFO_1/FIFO_1/lscc_fifo_inst/fifo0/_FABRIC.u_fifo/MISC.wr_flag_addr_p1_r_i3.
Duplicate register/latch removal. \Controller_inst/Controller_RHD_FIFO_1/FIFO_1/lscc_fifo_inst/fifo0/_FABRIC.u_fifo/wr_cmpaddr_p1_r_i2 is a one-to-one match with \Controller_inst/Controller_RHD_FIFO_1/FIFO_1/lscc_fifo_inst/fifo0/_FABRIC.u_fifo/MISC.wr_flag_addr_p1_r_i2.
Duplicate register/latch removal. \Controller_inst/Controller_RHD_FIFO_1/FIFO_1/lscc_fifo_inst/fifo0/_FABRIC.u_fifo/wr_cmpaddr_p1_r_i1 is a one-to-one match with \Controller_inst/Controller_RHD_FIFO_1/FIFO_1/lscc_fifo_inst/fifo0/_FABRIC.u_fifo/MISC.wr_flag_addr_p1_r_i1.
Duplicate register/latch removal. \Controller_inst/Controller_RHD_FIFO_1/FIFO_1/lscc_fifo_inst/fifo0/_FABRIC.u_fifo/waddr_r_i7 is a one-to-one match with \Controller_inst/Controller_RHD_FIFO_1/FIFO_1/lscc_fifo_inst/fifo0/_FABRIC.u_fifo/MISC.wr_flag_addr_r_i7.
Duplicate register/latch removal. \Controller_inst/Controller_RHD_FIFO_1/FIFO_1/lscc_fifo_inst/fifo0/_FABRIC.u_fifo/waddr_r_i6 is a one-to-one match with \Controller_inst/Controller_RHD_FIFO_1/FIFO_1/lscc_fifo_inst/fifo0/_FABRIC.u_fifo/MISC.wr_flag_addr_r_i6.
Duplicate register/latch removal. \Controller_inst/Controller_RHD_FIFO_1/FIFO_1/lscc_fifo_inst/fifo0/_FABRIC.u_fifo/waddr_r_i5 is a one-to-one match with \Controller_inst/Controller_RHD_FIFO_1/FIFO_1/lscc_fifo_inst/fifo0/_FABRIC.u_fifo/MISC.wr_flag_addr_r_i5.
Duplicate register/latch removal. \Controller_inst/Controller_RHD_FIFO_1/FIFO_1/lscc_fifo_inst/fifo0/_FABRIC.u_fifo/waddr_r_i4 is a one-to-one match with \Controller_inst/Controller_RHD_FIFO_1/FIFO_1/lscc_fifo_inst/fifo0/_FABRIC.u_fifo/MISC.wr_flag_addr_r_i4.
Duplicate register/latch removal. \Controller_inst/Controller_RHD_FIFO_1/FIFO_1/lscc_fifo_inst/fifo0/_FABRIC.u_fifo/waddr_r_i3 is a one-to-one match with \Controller_inst/Controller_RHD_FIFO_1/FIFO_1/lscc_fifo_inst/fifo0/_FABRIC.u_fifo/MISC.wr_flag_addr_r_i3.
Duplicate register/latch removal. \Controller_inst/Controller_RHD_FIFO_1/FIFO_1/lscc_fifo_inst/fifo0/_FABRIC.u_fifo/waddr_r_i2 is a one-to-one match with \Controller_inst/Controller_RHD_FIFO_1/FIFO_1/lscc_fifo_inst/fifo0/_FABRIC.u_fifo/MISC.wr_flag_addr_r_i2.
Duplicate register/latch removal. \Controller_inst/Controller_RHD_FIFO_1/FIFO_1/lscc_fifo_inst/fifo0/_FABRIC.u_fifo/waddr_r_i1 is a one-to-one match with \Controller_inst/Controller_RHD_FIFO_1/FIFO_1/lscc_fifo_inst/fifo0/_FABRIC.u_fifo/MISC.wr_flag_addr_r_i1.
Duplicate register/latch removal. \Controller_inst/Controller_RHD_FIFO_1/FIFO_1/lscc_fifo_inst/fifo0/_FABRIC.u_fifo/full_r is a one-to-one match with \Controller_inst/Controller_RHD_FIFO_1/FIFO_1/lscc_fifo_inst/fifo0/_FABRIC.u_fifo/MISC.full_flag_r.
Duplicate register/latch removal. \Controller_inst/Controller_RHD_FIFO_1/FIFO_1/lscc_fifo_inst/fifo0/_FABRIC.u_fifo/full_mem_r is a one-to-one match with \Controller_inst/Controller_RHD_FIFO_1/FIFO_1/lscc_fifo_inst/fifo0/_FABRIC.u_fifo/full_r.
Duplicate register/latch removal. \Controller_inst/Controller_RHD_FIFO_1/FIFO_1/lscc_fifo_inst/fifo0/_FABRIC.u_fifo/empty_r is a one-to-one match with \Controller_inst/Controller_RHD_FIFO_1/FIFO_1/lscc_fifo_inst/fifo0/_FABRIC.u_fifo/MISC.empty_flag_r.
Duplicate register/latch removal. \Controller_inst/Controller_RHD_FIFO_1/FIFO_1/lscc_fifo_inst/fifo0/_FABRIC.u_fifo/empty_mem_r is a one-to-one match with \Controller_inst/Controller_RHD_FIFO_1/FIFO_1/lscc_fifo_inst/fifo0/_FABRIC.u_fifo/empty_r.
Duplicate register/latch removal. \Controller_inst/Controller_RHD_FIFO_1/FIFO_1/lscc_fifo_inst/fifo0/_FABRIC.u_fifo/wr_addr_p1_r_i0 is a one-to-one match with \Controller_inst/Controller_RHD_FIFO_1/FIFO_1/lscc_fifo_inst/fifo0/_FABRIC.u_fifo/MISC.wr_flag_addr_p1_r_i0.
Duplicate register/latch removal. \Controller_inst/Controller_RHD_FIFO_1/FIFO_1/lscc_fifo_inst/fifo0/_FABRIC.u_fifo/wr_cmpaddr_r_i0 is a one-to-one match with \Controller_inst/Controller_RHD_FIFO_1/FIFO_1/lscc_fifo_inst/fifo0/_FABRIC.u_fifo/MISC.wr_flag_addr_r_i0.
Duplicate register/latch removal. \Controller_inst/Controller_RHD_FIFO_1/FIFO_1/lscc_fifo_inst/fifo0/_FABRIC.u_fifo/wr_addr_p1cmp_r_i1 is a one-to-one match with \Controller_inst/Controller_RHD_FIFO_1/FIFO_1/lscc_fifo_inst/fifo0/_FABRIC.u_fifo/wr_addr_p1_r_i8.
Duplicate register/latch removal. \Controller_inst/Controller_RHD_FIFO_1/FIFO_1/lscc_fifo_inst/fifo0/_FABRIC.u_fifo/waddr_r_i0 is a one-to-one match with \Controller_inst/Controller_RHD_FIFO_1/FIFO_1/lscc_fifo_inst/fifo0/_FABRIC.u_fifo/wr_cmpaddr_r_i0.
Duplicate register/latch removal. \Controller_inst/Controller_RHD_FIFO_1/FIFO_1/lscc_fifo_inst/fifo0/_FABRIC.u_fifo/wr_cmpaddr_p1_r_i0 is a one-to-one match with \Controller_inst/Controller_RHD_FIFO_1/FIFO_1/lscc_fifo_inst/fifo0/_FABRIC.u_fifo/wr_addr_p1_r_i0.
Duplicate register/latch removal. \Controller_inst/Controller_RHD_FIFO_1/FIFO_1/lscc_fifo_inst/fifo0/_FABRIC.u_fifo/rd_addr_p1_r_i0 is a one-to-one match with \Controller_inst/Controller_RHD_FIFO_1/FIFO_1/lscc_fifo_inst/fifo0/_FABRIC.u_fifo/MISC.rd_flag_addr_p1_r_i0.
Duplicate register/latch removal. \Controller_inst/Controller_RHD_FIFO_1/FIFO_1/lscc_fifo_inst/fifo0/_FABRIC.u_fifo/rd_addr_p1cmp_r_i0 is a one-to-one match with \Controller_inst/Controller_RHD_FIFO_1/FIFO_1/lscc_fifo_inst/fifo0/_FABRIC.u_fifo/rd_addr_p1_r_i0.
Duplicate register/latch removal. \Controller_inst/Controller_RHD_FIFO_1/FIFO_1/lscc_fifo_inst/fifo0/_FABRIC.u_fifo/rd_cmpaddr_r_i0 is a one-to-one match with \Controller_inst/Controller_RHD_FIFO_1/FIFO_1/lscc_fifo_inst/fifo0/_FABRIC.u_fifo/MISC.rd_flag_addr_r_i0.
Duplicate register/latch removal. \Controller_inst/Controller_RHD_FIFO_1/FIFO_1/lscc_fifo_inst/fifo0/_FABRIC.u_fifo/raddr_r_i0 is a one-to-one match with \Controller_inst/Controller_RHD_FIFO_1/FIFO_1/lscc_fifo_inst/fifo0/_FABRIC.u_fifo/rd_cmpaddr_r_i0.
Duplicate register/latch removal. \Controller_inst/Controller_RHD_FIFO_1/FIFO_1/lscc_fifo_inst/fifo0/_FABRIC.u_fifo/MISC.rd_flag_addr_p1_r_i8 is a one-to-one match with \Controller_inst/Controller_RHD_FIFO_1/FIFO_1/lscc_fifo_inst/fifo0/_FABRIC.u_fifo/rd_addr_p1_r_i8.
Duplicate register/latch removal. \Controller_inst/Controller_RHD_FIFO_1/FIFO_1/lscc_fifo_inst/fifo0/_FABRIC.u_fifo/MISC.rd_flag_addr_p1_r_i7 is a one-to-one match with \Controller_inst/Controller_RHD_FIFO_1/FIFO_1/lscc_fifo_inst/fifo0/_FABRIC.u_fifo/rd_addr_p1_r_i7.
Duplicate register/latch removal. \Controller_inst/Controller_RHD_FIFO_1/FIFO_1/lscc_fifo_inst/fifo0/_FABRIC.u_fifo/MISC.rd_flag_addr_p1_r_i6 is a one-to-one match with \Controller_inst/Controller_RHD_FIFO_1/FIFO_1/lscc_fifo_inst/fifo0/_FABRIC.u_fifo/rd_addr_p1_r_i6.
Duplicate register/latch removal. \Controller_inst/Controller_RHD_FIFO_1/FIFO_1/lscc_fifo_inst/fifo0/_FABRIC.u_fifo/MISC.rd_flag_addr_p1_r_i5 is a one-to-one match with \Controller_inst/Controller_RHD_FIFO_1/FIFO_1/lscc_fifo_inst/fifo0/_FABRIC.u_fifo/rd_addr_p1_r_i5.
Duplicate register/latch removal. \Controller_inst/Controller_RHD_FIFO_1/FIFO_1/lscc_fifo_inst/fifo0/_FABRIC.u_fifo/MISC.rd_flag_addr_p1_r_i4 is a one-to-one match with \Controller_inst/Controller_RHD_FIFO_1/FIFO_1/lscc_fifo_inst/fifo0/_FABRIC.u_fifo/rd_addr_p1_r_i4.
Duplicate register/latch removal. \Controller_inst/Controller_RHD_FIFO_1/FIFO_1/lscc_fifo_inst/fifo0/_FABRIC.u_fifo/MISC.rd_flag_addr_p1_r_i3 is a one-to-one match with \Controller_inst/Controller_RHD_FIFO_1/FIFO_1/lscc_fifo_inst/fifo0/_FABRIC.u_fifo/rd_addr_p1_r_i3.
Duplicate register/latch removal. \Controller_inst/Controller_RHD_FIFO_1/FIFO_1/lscc_fifo_inst/fifo0/_FABRIC.u_fifo/MISC.rd_flag_addr_p1_r_i2 is a one-to-one match with \Controller_inst/Controller_RHD_FIFO_1/FIFO_1/lscc_fifo_inst/fifo0/_FABRIC.u_fifo/rd_addr_p1_r_i2.
Duplicate register/latch removal. \Controller_inst/Controller_RHD_FIFO_1/FIFO_1/lscc_fifo_inst/fifo0/_FABRIC.u_fifo/MISC.rd_flag_addr_p1_r_i1 is a one-to-one match with \Controller_inst/Controller_RHD_FIFO_1/FIFO_1/lscc_fifo_inst/fifo0/_FABRIC.u_fifo/rd_addr_p1_r_i1.
Duplicate register/latch removal. \Controller_inst/Controller_RHD_FIFO_1/FIFO_1/lscc_fifo_inst/fifo0/_FABRIC.u_fifo/MISC.rd_flag_addr_r_i7 is a one-to-one match with \Controller_inst/Controller_RHD_FIFO_1/FIFO_1/lscc_fifo_inst/fifo0/_FABRIC.u_fifo/rd_cmpaddr_r_i7.
Duplicate register/latch removal. \Controller_inst/Controller_RHD_FIFO_1/FIFO_1/lscc_fifo_inst/fifo0/_FABRIC.u_fifo/MISC.rd_flag_addr_r_i6 is a one-to-one match with \Controller_inst/Controller_RHD_FIFO_1/FIFO_1/lscc_fifo_inst/fifo0/_FABRIC.u_fifo/rd_cmpaddr_r_i6.
Duplicate register/latch removal. \Controller_inst/Controller_RHD_FIFO_1/FIFO_1/lscc_fifo_inst/fifo0/_FABRIC.u_fifo/MISC.rd_flag_addr_r_i5 is a one-to-one match with \Controller_inst/Controller_RHD_FIFO_1/FIFO_1/lscc_fifo_inst/fifo0/_FABRIC.u_fifo/rd_cmpaddr_r_i5.
Duplicate register/latch removal. \Controller_inst/Controller_RHD_FIFO_1/FIFO_1/lscc_fifo_inst/fifo0/_FABRIC.u_fifo/MISC.rd_flag_addr_r_i4 is a one-to-one match with \Controller_inst/Controller_RHD_FIFO_1/FIFO_1/lscc_fifo_inst/fifo0/_FABRIC.u_fifo/rd_cmpaddr_r_i4.
Duplicate register/latch removal. \Controller_inst/Controller_RHD_FIFO_1/FIFO_1/lscc_fifo_inst/fifo0/_FABRIC.u_fifo/MISC.rd_flag_addr_r_i3 is a one-to-one match with \Controller_inst/Controller_RHD_FIFO_1/FIFO_1/lscc_fifo_inst/fifo0/_FABRIC.u_fifo/rd_cmpaddr_r_i3.
Duplicate register/latch removal. \Controller_inst/Controller_RHD_FIFO_1/FIFO_1/lscc_fifo_inst/fifo0/_FABRIC.u_fifo/MISC.rd_flag_addr_r_i2 is a one-to-one match with \Controller_inst/Controller_RHD_FIFO_1/FIFO_1/lscc_fifo_inst/fifo0/_FABRIC.u_fifo/rd_cmpaddr_r_i2.
Duplicate register/latch removal. \Controller_inst/Controller_RHD_FIFO_1/FIFO_1/lscc_fifo_inst/fifo0/_FABRIC.u_fifo/MISC.rd_flag_addr_r_i1 is a one-to-one match with \Controller_inst/Controller_RHD_FIFO_1/FIFO_1/lscc_fifo_inst/fifo0/_FABRIC.u_fifo/rd_cmpaddr_r_i1.
Duplicate register/latch removal. \Controller_inst/Controller_RHD_FIFO_1/FIFO_1/lscc_fifo_inst/fifo0/_FABRIC.u_fifo/MISC.wr_flag_addr_p1_r_i8 is a one-to-one match with \Controller_inst/Controller_RHD_FIFO_1/FIFO_1/lscc_fifo_inst/fifo0/_FABRIC.u_fifo/wr_addr_p1cmp_r_i1.
Duplicate register/latch removal. \Controller_inst/Controller_RHD_FIFO_1/FIFO_1/lscc_fifo_inst/fifo0/_FABRIC.u_fifo/MISC.wr_flag_addr_p1_r_i7 is a one-to-one match with \Controller_inst/Controller_RHD_FIFO_1/FIFO_1/lscc_fifo_inst/fifo0/_FABRIC.u_fifo/wr_addr_p1_r_i7.
Duplicate register/latch removal. \Controller_inst/Controller_RHD_FIFO_1/FIFO_1/lscc_fifo_inst/fifo0/_FABRIC.u_fifo/MISC.wr_flag_addr_p1_r_i6 is a one-to-one match with \Controller_inst/Controller_RHD_FIFO_1/FIFO_1/lscc_fifo_inst/fifo0/_FABRIC.u_fifo/wr_addr_p1_r_i6.
Duplicate register/latch removal. \Controller_inst/Controller_RHD_FIFO_1/FIFO_1/lscc_fifo_inst/fifo0/_FABRIC.u_fifo/MISC.wr_flag_addr_p1_r_i5 is a one-to-one match with \Controller_inst/Controller_RHD_FIFO_1/FIFO_1/lscc_fifo_inst/fifo0/_FABRIC.u_fifo/wr_addr_p1_r_i5.
Duplicate register/latch removal. \Controller_inst/Controller_RHD_FIFO_1/FIFO_1/lscc_fifo_inst/fifo0/_FABRIC.u_fifo/MISC.wr_flag_addr_p1_r_i4 is a one-to-one match with \Controller_inst/Controller_RHD_FIFO_1/FIFO_1/lscc_fifo_inst/fifo0/_FABRIC.u_fifo/wr_addr_p1_r_i4.
Duplicate register/latch removal. \Controller_inst/Controller_RHD_FIFO_1/FIFO_1/lscc_fifo_inst/fifo0/_FABRIC.u_fifo/MISC.wr_flag_addr_p1_r_i3 is a one-to-one match with \Controller_inst/Controller_RHD_FIFO_1/FIFO_1/lscc_fifo_inst/fifo0/_FABRIC.u_fifo/wr_addr_p1_r_i3.
Duplicate register/latch removal. \Controller_inst/Controller_RHD_FIFO_1/FIFO_1/lscc_fifo_inst/fifo0/_FABRIC.u_fifo/MISC.wr_flag_addr_p1_r_i2 is a one-to-one match with \Controller_inst/Controller_RHD_FIFO_1/FIFO_1/lscc_fifo_inst/fifo0/_FABRIC.u_fifo/wr_addr_p1_r_i2.
Duplicate register/latch removal. \Controller_inst/Controller_RHD_FIFO_1/FIFO_1/lscc_fifo_inst/fifo0/_FABRIC.u_fifo/MISC.wr_flag_addr_p1_r_i1 is a one-to-one match with \Controller_inst/Controller_RHD_FIFO_1/FIFO_1/lscc_fifo_inst/fifo0/_FABRIC.u_fifo/wr_addr_p1_r_i1.
Duplicate register/latch removal. \Controller_inst/Controller_RHD_FIFO_1/FIFO_1/lscc_fifo_inst/fifo0/_FABRIC.u_fifo/MISC.wr_flag_addr_r_i7 is a one-to-one match with \Controller_inst/Controller_RHD_FIFO_1/FIFO_1/lscc_fifo_inst/fifo0/_FABRIC.u_fifo/wr_cmpaddr_r_i7.
Duplicate register/latch removal. \Controller_inst/Controller_RHD_FIFO_1/FIFO_1/lscc_fifo_inst/fifo0/_FABRIC.u_fifo/MISC.wr_flag_addr_r_i6 is a one-to-one match with \Controller_inst/Controller_RHD_FIFO_1/FIFO_1/lscc_fifo_inst/fifo0/_FABRIC.u_fifo/wr_cmpaddr_r_i6.
Duplicate register/latch removal. \Controller_inst/Controller_RHD_FIFO_1/FIFO_1/lscc_fifo_inst/fifo0/_FABRIC.u_fifo/MISC.wr_flag_addr_r_i5 is a one-to-one match with \Controller_inst/Controller_RHD_FIFO_1/FIFO_1/lscc_fifo_inst/fifo0/_FABRIC.u_fifo/wr_cmpaddr_r_i5.
Duplicate register/latch removal. \Controller_inst/Controller_RHD_FIFO_1/FIFO_1/lscc_fifo_inst/fifo0/_FABRIC.u_fifo/MISC.wr_flag_addr_r_i4 is a one-to-one match with \Controller_inst/Controller_RHD_FIFO_1/FIFO_1/lscc_fifo_inst/fifo0/_FABRIC.u_fifo/wr_cmpaddr_r_i4.
Duplicate register/latch removal. \Controller_inst/Controller_RHD_FIFO_1/FIFO_1/lscc_fifo_inst/fifo0/_FABRIC.u_fifo/MISC.wr_flag_addr_r_i3 is a one-to-one match with \Controller_inst/Controller_RHD_FIFO_1/FIFO_1/lscc_fifo_inst/fifo0/_FABRIC.u_fifo/wr_cmpaddr_r_i3.
Duplicate register/latch removal. \Controller_inst/Controller_RHD_FIFO_1/FIFO_1/lscc_fifo_inst/fifo0/_FABRIC.u_fifo/MISC.wr_flag_addr_r_i2 is a one-to-one match with \Controller_inst/Controller_RHD_FIFO_1/FIFO_1/lscc_fifo_inst/fifo0/_FABRIC.u_fifo/wr_cmpaddr_r_i2.
Duplicate register/latch removal. \Controller_inst/Controller_RHD_FIFO_1/FIFO_1/lscc_fifo_inst/fifo0/_FABRIC.u_fifo/MISC.wr_flag_addr_r_i1 is a one-to-one match with \Controller_inst/Controller_RHD_FIFO_1/FIFO_1/lscc_fifo_inst/fifo0/_FABRIC.u_fifo/wr_cmpaddr_r_i1.
Duplicate register/latch removal. \Controller_inst/Controller_RHD_FIFO_1/FIFO_1/lscc_fifo_inst/fifo0/_FABRIC.u_fifo/raddr_r_i7 is a one-to-one match with \Controller_inst/Controller_RHD_FIFO_1/FIFO_1/lscc_fifo_inst/fifo0/_FABRIC.u_fifo/MISC.rd_flag_addr_r_i7.
Duplicate register/latch removal. \Controller_inst/Controller_RHD_FIFO_1/FIFO_1/lscc_fifo_inst/fifo0/_FABRIC.u_fifo/raddr_r_i6 is a one-to-one match with \Controller_inst/Controller_RHD_FIFO_1/FIFO_1/lscc_fifo_inst/fifo0/_FABRIC.u_fifo/MISC.rd_flag_addr_r_i6.
Duplicate register/latch removal. \Controller_inst/Controller_RHD_FIFO_1/FIFO_1/lscc_fifo_inst/fifo0/_FABRIC.u_fifo/raddr_r_i5 is a one-to-one match with \Controller_inst/Controller_RHD_FIFO_1/FIFO_1/lscc_fifo_inst/fifo0/_FABRIC.u_fifo/MISC.rd_flag_addr_r_i5.
Duplicate register/latch removal. \Controller_inst/Controller_RHD_FIFO_1/FIFO_1/lscc_fifo_inst/fifo0/_FABRIC.u_fifo/raddr_r_i4 is a one-to-one match with \Controller_inst/Controller_RHD_FIFO_1/FIFO_1/lscc_fifo_inst/fifo0/_FABRIC.u_fifo/MISC.rd_flag_addr_r_i4.
Duplicate register/latch removal. \Controller_inst/Controller_RHD_FIFO_1/FIFO_1/lscc_fifo_inst/fifo0/_FABRIC.u_fifo/raddr_r_i3 is a one-to-one match with \Controller_inst/Controller_RHD_FIFO_1/FIFO_1/lscc_fifo_inst/fifo0/_FABRIC.u_fifo/MISC.rd_flag_addr_r_i3.
Duplicate register/latch removal. \Controller_inst/Controller_RHD_FIFO_1/FIFO_1/lscc_fifo_inst/fifo0/_FABRIC.u_fifo/raddr_r_i2 is a one-to-one match with \Controller_inst/Controller_RHD_FIFO_1/FIFO_1/lscc_fifo_inst/fifo0/_FABRIC.u_fifo/MISC.rd_flag_addr_r_i2.
Duplicate register/latch removal. \Controller_inst/Controller_RHD_FIFO_1/FIFO_1/lscc_fifo_inst/fifo0/_FABRIC.u_fifo/raddr_r_i1 is a one-to-one match with \Controller_inst/Controller_RHD_FIFO_1/FIFO_1/lscc_fifo_inst/fifo0/_FABRIC.u_fifo/MISC.rd_flag_addr_r_i1.
Duplicate register/latch removal. \Controller_inst/Controller_RHD_FIFO_1/FIFO_1/lscc_fifo_inst/fifo0/_FABRIC.u_fifo/rd_addr_p1cmp_r_i8 is a one-to-one match with \Controller_inst/Controller_RHD_FIFO_1/FIFO_1/lscc_fifo_inst/fifo0/_FABRIC.u_fifo/MISC.rd_flag_addr_p1_r_i8.
Duplicate register/latch removal. \Controller_inst/Controller_RHD_FIFO_1/FIFO_1/lscc_fifo_inst/fifo0/_FABRIC.u_fifo/rd_addr_p1cmp_r_i7 is a one-to-one match with \Controller_inst/Controller_RHD_FIFO_1/FIFO_1/lscc_fifo_inst/fifo0/_FABRIC.u_fifo/MISC.rd_flag_addr_p1_r_i7.
Duplicate register/latch removal. \Controller_inst/Controller_RHD_FIFO_1/FIFO_1/lscc_fifo_inst/fifo0/_FABRIC.u_fifo/rd_addr_p1cmp_r_i6 is a one-to-one match with \Controller_inst/Controller_RHD_FIFO_1/FIFO_1/lscc_fifo_inst/fifo0/_FABRIC.u_fifo/MISC.rd_flag_addr_p1_r_i6.
Duplicate register/latch removal. \Controller_inst/Controller_RHD_FIFO_1/FIFO_1/lscc_fifo_inst/fifo0/_FABRIC.u_fifo/rd_addr_p1cmp_r_i5 is a one-to-one match with \Controller_inst/Controller_RHD_FIFO_1/FIFO_1/lscc_fifo_inst/fifo0/_FABRIC.u_fifo/MISC.rd_flag_addr_p1_r_i5.
Duplicate register/latch removal. \Controller_inst/Controller_RHD_FIFO_1/FIFO_1/lscc_fifo_inst/fifo0/_FABRIC.u_fifo/rd_addr_p1cmp_r_i4 is a one-to-one match with \Controller_inst/Controller_RHD_FIFO_1/FIFO_1/lscc_fifo_inst/fifo0/_FABRIC.u_fifo/MISC.rd_flag_addr_p1_r_i4.
Duplicate register/latch removal. \Controller_inst/Controller_RHD_FIFO_1/FIFO_1/lscc_fifo_inst/fifo0/_FABRIC.u_fifo/rd_addr_p1cmp_r_i3 is a one-to-one match with \Controller_inst/Controller_RHD_FIFO_1/FIFO_1/lscc_fifo_inst/fifo0/_FABRIC.u_fifo/MISC.rd_flag_addr_p1_r_i3.
Duplicate register/latch removal. \Controller_inst/Controller_RHD_FIFO_1/FIFO_1/lscc_fifo_inst/fifo0/_FABRIC.u_fifo/rd_addr_p1cmp_r_i2 is a one-to-one match with \Controller_inst/Controller_RHD_FIFO_1/FIFO_1/lscc_fifo_inst/fifo0/_FABRIC.u_fifo/MISC.rd_flag_addr_p1_r_i2.
Duplicate register/latch removal. \Controller_inst/Controller_RHD_FIFO_1/FIFO_1/lscc_fifo_inst/fifo0/_FABRIC.u_fifo/rd_addr_p1cmp_r_i1 is a one-to-one match with \Controller_inst/Controller_RHD_FIFO_1/FIFO_1/lscc_fifo_inst/fifo0/_FABRIC.u_fifo/MISC.rd_flag_addr_p1_r_i1.
Duplicate register/latch removal. \Controller_inst/Controller_RHD_FIFO_1/FIFO_1/lscc_fifo_inst/fifo0/_FABRIC.u_fifo/wr_cmpaddr_p1_r_i7 is a one-to-one match with \Controller_inst/Controller_RHD_FIFO_1/FIFO_1/lscc_fifo_inst/fifo0/_FABRIC.u_fifo/MISC.wr_flag_addr_p1_r_i7.
Duplicate register/latch removal. \Controller_inst/Controller_RHD_FIFO_1/FIFO_1/lscc_fifo_inst/fifo0/_FABRIC.u_fifo/wr_cmpaddr_p1_r_i6 is a one-to-one match with \Controller_inst/Controller_RHD_FIFO_1/FIFO_1/lscc_fifo_inst/fifo0/_FABRIC.u_fifo/MISC.wr_flag_addr_p1_r_i6.
Duplicate register/latch removal. \Controller_inst/Controller_RHD_FIFO_1/FIFO_1/lscc_fifo_inst/fifo0/_FABRIC.u_fifo/wr_cmpaddr_p1_r_i5 is a one-to-one match with \Controller_inst/Controller_RHD_FIFO_1/FIFO_1/lscc_fifo_inst/fifo0/_FABRIC.u_fifo/MISC.wr_flag_addr_p1_r_i5.
Duplicate register/latch removal. \Controller_inst/Controller_RHD_FIFO_1/FIFO_1/lscc_fifo_inst/fifo0/_FABRIC.u_fifo/wr_cmpaddr_p1_r_i4 is a one-to-one match with \Controller_inst/Controller_RHD_FIFO_1/FIFO_1/lscc_fifo_inst/fifo0/_FABRIC.u_fifo/MISC.wr_flag_addr_p1_r_i4.
Duplicate register/latch removal. \Controller_inst/Controller_RHD_FIFO_1/FIFO_1/lscc_fifo_inst/fifo0/_FABRIC.u_fifo/wr_cmpaddr_p1_r_i3 is a one-to-one match with \Controller_inst/Controller_RHD_FIFO_1/FIFO_1/lscc_fifo_inst/fifo0/_FABRIC.u_fifo/MISC.wr_flag_addr_p1_r_i3.
Duplicate register/latch removal. \Controller_inst/Controller_RHD_FIFO_1/FIFO_1/lscc_fifo_inst/fifo0/_FABRIC.u_fifo/wr_cmpaddr_p1_r_i2 is a one-to-one match with \Controller_inst/Controller_RHD_FIFO_1/FIFO_1/lscc_fifo_inst/fifo0/_FABRIC.u_fifo/MISC.wr_flag_addr_p1_r_i2.
Duplicate register/latch removal. \Controller_inst/Controller_RHD_FIFO_1/FIFO_1/lscc_fifo_inst/fifo0/_FABRIC.u_fifo/wr_cmpaddr_p1_r_i1 is a one-to-one match with \Controller_inst/Controller_RHD_FIFO_1/FIFO_1/lscc_fifo_inst/fifo0/_FABRIC.u_fifo/MISC.wr_flag_addr_p1_r_i1.
Duplicate register/latch removal. \Controller_inst/Controller_RHD_FIFO_1/FIFO_1/lscc_fifo_inst/fifo0/_FABRIC.u_fifo/waddr_r_i7 is a one-to-one match with \Controller_inst/Controller_RHD_FIFO_1/FIFO_1/lscc_fifo_inst/fifo0/_FABRIC.u_fifo/MISC.wr_flag_addr_r_i7.
Duplicate register/latch removal. \Controller_inst/Controller_RHD_FIFO_1/FIFO_1/lscc_fifo_inst/fifo0/_FABRIC.u_fifo/waddr_r_i6 is a one-to-one match with \Controller_inst/Controller_RHD_FIFO_1/FIFO_1/lscc_fifo_inst/fifo0/_FABRIC.u_fifo/MISC.wr_flag_addr_r_i6.
Duplicate register/latch removal. \Controller_inst/Controller_RHD_FIFO_1/FIFO_1/lscc_fifo_inst/fifo0/_FABRIC.u_fifo/waddr_r_i5 is a one-to-one match with \Controller_inst/Controller_RHD_FIFO_1/FIFO_1/lscc_fifo_inst/fifo0/_FABRIC.u_fifo/MISC.wr_flag_addr_r_i5.
Duplicate register/latch removal. \Controller_inst/Controller_RHD_FIFO_1/FIFO_1/lscc_fifo_inst/fifo0/_FABRIC.u_fifo/waddr_r_i4 is a one-to-one match with \Controller_inst/Controller_RHD_FIFO_1/FIFO_1/lscc_fifo_inst/fifo0/_FABRIC.u_fifo/MISC.wr_flag_addr_r_i4.
Duplicate register/latch removal. \Controller_inst/Controller_RHD_FIFO_1/FIFO_1/lscc_fifo_inst/fifo0/_FABRIC.u_fifo/waddr_r_i3 is a one-to-one match with \Controller_inst/Controller_RHD_FIFO_1/FIFO_1/lscc_fifo_inst/fifo0/_FABRIC.u_fifo/MISC.wr_flag_addr_r_i3.
Duplicate register/latch removal. \Controller_inst/Controller_RHD_FIFO_1/FIFO_1/lscc_fifo_inst/fifo0/_FABRIC.u_fifo/waddr_r_i2 is a one-to-one match with \Controller_inst/Controller_RHD_FIFO_1/FIFO_1/lscc_fifo_inst/fifo0/_FABRIC.u_fifo/MISC.wr_flag_addr_r_i2.
Duplicate register/latch removal. \Controller_inst/Controller_RHD_FIFO_1/FIFO_1/lscc_fifo_inst/fifo0/_FABRIC.u_fifo/waddr_r_i1 is a one-to-one match with \Controller_inst/Controller_RHD_FIFO_1/FIFO_1/lscc_fifo_inst/fifo0/_FABRIC.u_fifo/MISC.wr_flag_addr_r_i1.
Duplicate register/latch removal. \Controller_inst/Controller_RHD_FIFO_1/FIFO_1/lscc_fifo_inst/fifo0/_FABRIC.u_fifo/full_r is a one-to-one match with \Controller_inst/Controller_RHD_FIFO_1/FIFO_1/lscc_fifo_inst/fifo0/_FABRIC.u_fifo/MISC.full_flag_r.
Duplicate register/latch removal. \Controller_inst/Controller_RHD_FIFO_1/FIFO_1/lscc_fifo_inst/fifo0/_FABRIC.u_fifo/full_mem_r is a one-to-one match with \Controller_inst/Controller_RHD_FIFO_1/FIFO_1/lscc_fifo_inst/fifo0/_FABRIC.u_fifo/full_r.
Duplicate register/latch removal. \Controller_inst/Controller_RHD_FIFO_1/FIFO_1/lscc_fifo_inst/fifo0/_FABRIC.u_fifo/empty_r is a one-to-one match with \Controller_inst/Controller_RHD_FIFO_1/FIFO_1/lscc_fifo_inst/fifo0/_FABRIC.u_fifo/MISC.empty_flag_r.
Duplicate register/latch removal. \Controller_inst/Controller_RHD_FIFO_1/FIFO_1/lscc_fifo_inst/fifo0/_FABRIC.u_fifo/empty_mem_r is a one-to-one match with \Controller_inst/Controller_RHD_FIFO_1/FIFO_1/lscc_fifo_inst/fifo0/_FABRIC.u_fifo/empty_r.
Duplicate register/latch removal. \Controller_inst/Controller_RHD_FIFO_1/FIFO_1/lscc_fifo_inst/fifo0/_FABRIC.u_fifo/wr_addr_p1_r_i0 is a one-to-one match with \Controller_inst/Controller_RHD_FIFO_1/FIFO_1/lscc_fifo_inst/fifo0/_FABRIC.u_fifo/MISC.wr_flag_addr_p1_r_i0.
Duplicate register/latch removal. \Controller_inst/Controller_RHD_FIFO_1/FIFO_1/lscc_fifo_inst/fifo0/_FABRIC.u_fifo/wr_cmpaddr_r_i0 is a one-to-one match with \Controller_inst/Controller_RHD_FIFO_1/FIFO_1/lscc_fifo_inst/fifo0/_FABRIC.u_fifo/MISC.wr_flag_addr_r_i0.
Duplicate register/latch removal. \Controller_inst/Controller_RHD_FIFO_1/FIFO_1/lscc_fifo_inst/fifo0/_FABRIC.u_fifo/wr_addr_p1cmp_r_i1 is a one-to-one match with \Controller_inst/Controller_RHD_FIFO_1/FIFO_1/lscc_fifo_inst/fifo0/_FABRIC.u_fifo/wr_addr_p1_r_i8.
Duplicate register/latch removal. \Controller_inst/Controller_RHD_FIFO_1/FIFO_1/lscc_fifo_inst/fifo0/_FABRIC.u_fifo/waddr_r_i0 is a one-to-one match with \Controller_inst/Controller_RHD_FIFO_1/FIFO_1/lscc_fifo_inst/fifo0/_FABRIC.u_fifo/wr_cmpaddr_r_i0.
Duplicate register/latch removal. \Controller_inst/Controller_RHD_FIFO_1/FIFO_1/lscc_fifo_inst/fifo0/_FABRIC.u_fifo/wr_cmpaddr_p1_r_i0 is a one-to-one match with \Controller_inst/Controller_RHD_FIFO_1/FIFO_1/lscc_fifo_inst/fifo0/_FABRIC.u_fifo/wr_addr_p1_r_i0.
Duplicate register/latch removal. \Controller_inst/Controller_RHD_FIFO_1/FIFO_1/lscc_fifo_inst/fifo0/_FABRIC.u_fifo/rd_addr_p1_r_i0 is a one-to-one match with \Controller_inst/Controller_RHD_FIFO_1/FIFO_1/lscc_fifo_inst/fifo0/_FABRIC.u_fifo/MISC.rd_flag_addr_p1_r_i0.
Duplicate register/latch removal. \Controller_inst/Controller_RHD_FIFO_1/FIFO_1/lscc_fifo_inst/fifo0/_FABRIC.u_fifo/rd_addr_p1cmp_r_i0 is a one-to-one match with \Controller_inst/Controller_RHD_FIFO_1/FIFO_1/lscc_fifo_inst/fifo0/_FABRIC.u_fifo/rd_addr_p1_r_i0.
Duplicate register/latch removal. \Controller_inst/Controller_RHD_FIFO_1/FIFO_1/lscc_fifo_inst/fifo0/_FABRIC.u_fifo/rd_cmpaddr_r_i0 is a one-to-one match with \Controller_inst/Controller_RHD_FIFO_1/FIFO_1/lscc_fifo_inst/fifo0/_FABRIC.u_fifo/MISC.rd_flag_addr_r_i0.
Duplicate register/latch removal. \Controller_inst/Controller_RHD_FIFO_1/FIFO_1/lscc_fifo_inst/fifo0/_FABRIC.u_fifo/raddr_r_i0 is a one-to-one match with \Controller_inst/Controller_RHD_FIFO_1/FIFO_1/lscc_fifo_inst/fifo0/_FABRIC.u_fifo/rd_cmpaddr_r_i0.
Duplicate register/latch removal. \Controller_inst/Controller_RHD_FIFO_1/FIFO_1/lscc_fifo_inst/fifo0/_FABRIC.u_fifo/MISC.rd_flag_addr_p1_r_i8 is a one-to-one match with \Controller_inst/Controller_RHD_FIFO_1/FIFO_1/lscc_fifo_inst/fifo0/_FABRIC.u_fifo/rd_addr_p1_r_i8.
Duplicate register/latch removal. \Controller_inst/Controller_RHD_FIFO_1/FIFO_1/lscc_fifo_inst/fifo0/_FABRIC.u_fifo/MISC.rd_flag_addr_p1_r_i7 is a one-to-one match with \Controller_inst/Controller_RHD_FIFO_1/FIFO_1/lscc_fifo_inst/fifo0/_FABRIC.u_fifo/rd_addr_p1_r_i7.
Duplicate register/latch removal. \Controller_inst/Controller_RHD_FIFO_1/FIFO_1/lscc_fifo_inst/fifo0/_FABRIC.u_fifo/MISC.rd_flag_addr_p1_r_i6 is a one-to-one match with \Controller_inst/Controller_RHD_FIFO_1/FIFO_1/lscc_fifo_inst/fifo0/_FABRIC.u_fifo/rd_addr_p1_r_i6.
Duplicate register/latch removal. \Controller_inst/Controller_RHD_FIFO_1/FIFO_1/lscc_fifo_inst/fifo0/_FABRIC.u_fifo/MISC.rd_flag_addr_p1_r_i5 is a one-to-one match with \Controller_inst/Controller_RHD_FIFO_1/FIFO_1/lscc_fifo_inst/fifo0/_FABRIC.u_fifo/rd_addr_p1_r_i5.
Duplicate register/latch removal. \Controller_inst/Controller_RHD_FIFO_1/FIFO_1/lscc_fifo_inst/fifo0/_FABRIC.u_fifo/MISC.rd_flag_addr_p1_r_i4 is a one-to-one match with \Controller_inst/Controller_RHD_FIFO_1/FIFO_1/lscc_fifo_inst/fifo0/_FABRIC.u_fifo/rd_addr_p1_r_i4.
Duplicate register/latch removal. \Controller_inst/Controller_RHD_FIFO_1/FIFO_1/lscc_fifo_inst/fifo0/_FABRIC.u_fifo/MISC.rd_flag_addr_p1_r_i3 is a one-to-one match with \Controller_inst/Controller_RHD_FIFO_1/FIFO_1/lscc_fifo_inst/fifo0/_FABRIC.u_fifo/rd_addr_p1_r_i3.
Duplicate register/latch removal. \Controller_inst/Controller_RHD_FIFO_1/FIFO_1/lscc_fifo_inst/fifo0/_FABRIC.u_fifo/MISC.rd_flag_addr_p1_r_i2 is a one-to-one match with \Controller_inst/Controller_RHD_FIFO_1/FIFO_1/lscc_fifo_inst/fifo0/_FABRIC.u_fifo/rd_addr_p1_r_i2.
Duplicate register/latch removal. \Controller_inst/Controller_RHD_FIFO_1/FIFO_1/lscc_fifo_inst/fifo0/_FABRIC.u_fifo/MISC.rd_flag_addr_p1_r_i1 is a one-to-one match with \Controller_inst/Controller_RHD_FIFO_1/FIFO_1/lscc_fifo_inst/fifo0/_FABRIC.u_fifo/rd_addr_p1_r_i1.
Duplicate register/latch removal. \Controller_inst/Controller_RHD_FIFO_1/FIFO_1/lscc_fifo_inst/fifo0/_FABRIC.u_fifo/MISC.rd_flag_addr_r_i7 is a one-to-one match with \Controller_inst/Controller_RHD_FIFO_1/FIFO_1/lscc_fifo_inst/fifo0/_FABRIC.u_fifo/rd_cmpaddr_r_i7.
Duplicate register/latch removal. \Controller_inst/Controller_RHD_FIFO_1/FIFO_1/lscc_fifo_inst/fifo0/_FABRIC.u_fifo/MISC.rd_flag_addr_r_i6 is a one-to-one match with \Controller_inst/Controller_RHD_FIFO_1/FIFO_1/lscc_fifo_inst/fifo0/_FABRIC.u_fifo/rd_cmpaddr_r_i6.
Duplicate register/latch removal. \Controller_inst/Controller_RHD_FIFO_1/FIFO_1/lscc_fifo_inst/fifo0/_FABRIC.u_fifo/MISC.rd_flag_addr_r_i5 is a one-to-one match with \Controller_inst/Controller_RHD_FIFO_1/FIFO_1/lscc_fifo_inst/fifo0/_FABRIC.u_fifo/rd_cmpaddr_r_i5.
Duplicate register/latch removal. \Controller_inst/Controller_RHD_FIFO_1/FIFO_1/lscc_fifo_inst/fifo0/_FABRIC.u_fifo/MISC.rd_flag_addr_r_i4 is a one-to-one match with \Controller_inst/Controller_RHD_FIFO_1/FIFO_1/lscc_fifo_inst/fifo0/_FABRIC.u_fifo/rd_cmpaddr_r_i4.
Duplicate register/latch removal. \Controller_inst/Controller_RHD_FIFO_1/FIFO_1/lscc_fifo_inst/fifo0/_FABRIC.u_fifo/MISC.rd_flag_addr_r_i3 is a one-to-one match with \Controller_inst/Controller_RHD_FIFO_1/FIFO_1/lscc_fifo_inst/fifo0/_FABRIC.u_fifo/rd_cmpaddr_r_i3.
Duplicate register/latch removal. \Controller_inst/Controller_RHD_FIFO_1/FIFO_1/lscc_fifo_inst/fifo0/_FABRIC.u_fifo/MISC.rd_flag_addr_r_i2 is a one-to-one match with \Controller_inst/Controller_RHD_FIFO_1/FIFO_1/lscc_fifo_inst/fifo0/_FABRIC.u_fifo/rd_cmpaddr_r_i2.
Duplicate register/latch removal. \Controller_inst/Controller_RHD_FIFO_1/FIFO_1/lscc_fifo_inst/fifo0/_FABRIC.u_fifo/MISC.rd_flag_addr_r_i1 is a one-to-one match with \Controller_inst/Controller_RHD_FIFO_1/FIFO_1/lscc_fifo_inst/fifo0/_FABRIC.u_fifo/rd_cmpaddr_r_i1.
Duplicate register/latch removal. \Controller_inst/Controller_RHD_FIFO_1/FIFO_1/lscc_fifo_inst/fifo0/_FABRIC.u_fifo/MISC.wr_flag_addr_p1_r_i8 is a one-to-one match with \Controller_inst/Controller_RHD_FIFO_1/FIFO_1/lscc_fifo_inst/fifo0/_FABRIC.u_fifo/wr_addr_p1cmp_r_i1.
Duplicate register/latch removal. \Controller_inst/Controller_RHD_FIFO_1/FIFO_1/lscc_fifo_inst/fifo0/_FABRIC.u_fifo/MISC.wr_flag_addr_p1_r_i7 is a one-to-one match with \Controller_inst/Controller_RHD_FIFO_1/FIFO_1/lscc_fifo_inst/fifo0/_FABRIC.u_fifo/wr_addr_p1_r_i7.
Duplicate register/latch removal. \Controller_inst/Controller_RHD_FIFO_1/FIFO_1/lscc_fifo_inst/fifo0/_FABRIC.u_fifo/MISC.wr_flag_addr_p1_r_i6 is a one-to-one match with \Controller_inst/Controller_RHD_FIFO_1/FIFO_1/lscc_fifo_inst/fifo0/_FABRIC.u_fifo/wr_addr_p1_r_i6.
Duplicate register/latch removal. \Controller_inst/Controller_RHD_FIFO_1/FIFO_1/lscc_fifo_inst/fifo0/_FABRIC.u_fifo/MISC.wr_flag_addr_p1_r_i5 is a one-to-one match with \Controller_inst/Controller_RHD_FIFO_1/FIFO_1/lscc_fifo_inst/fifo0/_FABRIC.u_fifo/wr_addr_p1_r_i5.
Duplicate register/latch removal. \Controller_inst/Controller_RHD_FIFO_1/FIFO_1/lscc_fifo_inst/fifo0/_FABRIC.u_fifo/MISC.wr_flag_addr_p1_r_i4 is a one-to-one match with \Controller_inst/Controller_RHD_FIFO_1/FIFO_1/lscc_fifo_inst/fifo0/_FABRIC.u_fifo/wr_addr_p1_r_i4.
Duplicate register/latch removal. \Controller_inst/Controller_RHD_FIFO_1/FIFO_1/lscc_fifo_inst/fifo0/_FABRIC.u_fifo/MISC.wr_flag_addr_p1_r_i3 is a one-to-one match with \Controller_inst/Controller_RHD_FIFO_1/FIFO_1/lscc_fifo_inst/fifo0/_FABRIC.u_fifo/wr_addr_p1_r_i3.
Duplicate register/latch removal. \Controller_inst/Controller_RHD_FIFO_1/FIFO_1/lscc_fifo_inst/fifo0/_FABRIC.u_fifo/MISC.wr_flag_addr_p1_r_i2 is a one-to-one match with \Controller_inst/Controller_RHD_FIFO_1/FIFO_1/lscc_fifo_inst/fifo0/_FABRIC.u_fifo/wr_addr_p1_r_i2.
Duplicate register/latch removal. \Controller_inst/Controller_RHD_FIFO_1/FIFO_1/lscc_fifo_inst/fifo0/_FABRIC.u_fifo/MISC.wr_flag_addr_p1_r_i1 is a one-to-one match with \Controller_inst/Controller_RHD_FIFO_1/FIFO_1/lscc_fifo_inst/fifo0/_FABRIC.u_fifo/wr_addr_p1_r_i1.
Duplicate register/latch removal. \Controller_inst/Controller_RHD_FIFO_1/FIFO_1/lscc_fifo_inst/fifo0/_FABRIC.u_fifo/MISC.wr_flag_addr_r_i7 is a one-to-one match with \Controller_inst/Controller_RHD_FIFO_1/FIFO_1/lscc_fifo_inst/fifo0/_FABRIC.u_fifo/wr_cmpaddr_r_i7.
Duplicate register/latch removal. \Controller_inst/Controller_RHD_FIFO_1/FIFO_1/lscc_fifo_inst/fifo0/_FABRIC.u_fifo/MISC.wr_flag_addr_r_i6 is a one-to-one match with \Controller_inst/Controller_RHD_FIFO_1/FIFO_1/lscc_fifo_inst/fifo0/_FABRIC.u_fifo/wr_cmpaddr_r_i6.
Duplicate register/latch removal. \Controller_inst/Controller_RHD_FIFO_1/FIFO_1/lscc_fifo_inst/fifo0/_FABRIC.u_fifo/MISC.wr_flag_addr_r_i5 is a one-to-one match with \Controller_inst/Controller_RHD_FIFO_1/FIFO_1/lscc_fifo_inst/fifo0/_FABRIC.u_fifo/wr_cmpaddr_r_i5.
Duplicate register/latch removal. \Controller_inst/Controller_RHD_FIFO_1/FIFO_1/lscc_fifo_inst/fifo0/_FABRIC.u_fifo/MISC.wr_flag_addr_r_i4 is a one-to-one match with \Controller_inst/Controller_RHD_FIFO_1/FIFO_1/lscc_fifo_inst/fifo0/_FABRIC.u_fifo/wr_cmpaddr_r_i4.
Duplicate register/latch removal. \Controller_inst/Controller_RHD_FIFO_1/FIFO_1/lscc_fifo_inst/fifo0/_FABRIC.u_fifo/MISC.wr_flag_addr_r_i3 is a one-to-one match with \Controller_inst/Controller_RHD_FIFO_1/FIFO_1/lscc_fifo_inst/fifo0/_FABRIC.u_fifo/wr_cmpaddr_r_i3.
Duplicate register/latch removal. \Controller_inst/Controller_RHD_FIFO_1/FIFO_1/lscc_fifo_inst/fifo0/_FABRIC.u_fifo/MISC.wr_flag_addr_r_i2 is a one-to-one match with \Controller_inst/Controller_RHD_FIFO_1/FIFO_1/lscc_fifo_inst/fifo0/_FABRIC.u_fifo/wr_cmpaddr_r_i2.
Duplicate register/latch removal. \Controller_inst/Controller_RHD_FIFO_1/FIFO_1/lscc_fifo_inst/fifo0/_FABRIC.u_fifo/MISC.wr_flag_addr_r_i1 is a one-to-one match with \Controller_inst/Controller_RHD_FIFO_1/FIFO_1/lscc_fifo_inst/fifo0/_FABRIC.u_fifo/wr_cmpaddr_r_i1.
Duplicate register/latch removal. \Controller_inst/Controller_RHD_FIFO_1/FIFO_1/lscc_fifo_inst/fifo0/_FABRIC.u_fifo/raddr_r_i7 is a one-to-one match with \Controller_inst/Controller_RHD_FIFO_1/FIFO_1/lscc_fifo_inst/fifo0/_FABRIC.u_fifo/MISC.rd_flag_addr_r_i7.
Duplicate register/latch removal. \Controller_inst/Controller_RHD_FIFO_1/FIFO_1/lscc_fifo_inst/fifo0/_FABRIC.u_fifo/raddr_r_i6 is a one-to-one match with \Controller_inst/Controller_RHD_FIFO_1/FIFO_1/lscc_fifo_inst/fifo0/_FABRIC.u_fifo/MISC.rd_flag_addr_r_i6.
Duplicate register/latch removal. \Controller_inst/Controller_RHD_FIFO_1/FIFO_1/lscc_fifo_inst/fifo0/_FABRIC.u_fifo/raddr_r_i5 is a one-to-one match with \Controller_inst/Controller_RHD_FIFO_1/FIFO_1/lscc_fifo_inst/fifo0/_FABRIC.u_fifo/MISC.rd_flag_addr_r_i5.
Duplicate register/latch removal. \Controller_inst/Controller_RHD_FIFO_1/FIFO_1/lscc_fifo_inst/fifo0/_FABRIC.u_fifo/raddr_r_i4 is a one-to-one match with \Controller_inst/Controller_RHD_FIFO_1/FIFO_1/lscc_fifo_inst/fifo0/_FABRIC.u_fifo/MISC.rd_flag_addr_r_i4.
Duplicate register/latch removal. \Controller_inst/Controller_RHD_FIFO_1/FIFO_1/lscc_fifo_inst/fifo0/_FABRIC.u_fifo/raddr_r_i3 is a one-to-one match with \Controller_inst/Controller_RHD_FIFO_1/FIFO_1/lscc_fifo_inst/fifo0/_FABRIC.u_fifo/MISC.rd_flag_addr_r_i3.
Duplicate register/latch removal. \Controller_inst/Controller_RHD_FIFO_1/FIFO_1/lscc_fifo_inst/fifo0/_FABRIC.u_fifo/raddr_r_i2 is a one-to-one match with \Controller_inst/Controller_RHD_FIFO_1/FIFO_1/lscc_fifo_inst/fifo0/_FABRIC.u_fifo/MISC.rd_flag_addr_r_i2.
Duplicate register/latch removal. \Controller_inst/Controller_RHD_FIFO_1/FIFO_1/lscc_fifo_inst/fifo0/_FABRIC.u_fifo/raddr_r_i1 is a one-to-one match with \Controller_inst/Controller_RHD_FIFO_1/FIFO_1/lscc_fifo_inst/fifo0/_FABRIC.u_fifo/MISC.rd_flag_addr_r_i1.
Duplicate register/latch removal. \Controller_inst/Controller_RHD_FIFO_1/FIFO_1/lscc_fifo_inst/fifo0/_FABRIC.u_fifo/rd_addr_p1cmp_r_i8 is a one-to-one match with \Controller_inst/Controller_RHD_FIFO_1/FIFO_1/lscc_fifo_inst/fifo0/_FABRIC.u_fifo/MISC.rd_flag_addr_p1_r_i8.
Duplicate register/latch removal. \Controller_inst/Controller_RHD_FIFO_1/FIFO_1/lscc_fifo_inst/fifo0/_FABRIC.u_fifo/rd_addr_p1cmp_r_i7 is a one-to-one match with \Controller_inst/Controller_RHD_FIFO_1/FIFO_1/lscc_fifo_inst/fifo0/_FABRIC.u_fifo/MISC.rd_flag_addr_p1_r_i7.
Duplicate register/latch removal. \Controller_inst/Controller_RHD_FIFO_1/FIFO_1/lscc_fifo_inst/fifo0/_FABRIC.u_fifo/rd_addr_p1cmp_r_i6 is a one-to-one match with \Controller_inst/Controller_RHD_FIFO_1/FIFO_1/lscc_fifo_inst/fifo0/_FABRIC.u_fifo/MISC.rd_flag_addr_p1_r_i6.
Duplicate register/latch removal. \Controller_inst/Controller_RHD_FIFO_1/FIFO_1/lscc_fifo_inst/fifo0/_FABRIC.u_fifo/rd_addr_p1cmp_r_i5 is a one-to-one match with \Controller_inst/Controller_RHD_FIFO_1/FIFO_1/lscc_fifo_inst/fifo0/_FABRIC.u_fifo/MISC.rd_flag_addr_p1_r_i5.
Duplicate register/latch removal. \Controller_inst/Controller_RHD_FIFO_1/FIFO_1/lscc_fifo_inst/fifo0/_FABRIC.u_fifo/rd_addr_p1cmp_r_i4 is a one-to-one match with \Controller_inst/Controller_RHD_FIFO_1/FIFO_1/lscc_fifo_inst/fifo0/_FABRIC.u_fifo/MISC.rd_flag_addr_p1_r_i4.
Duplicate register/latch removal. \Controller_inst/Controller_RHD_FIFO_1/FIFO_1/lscc_fifo_inst/fifo0/_FABRIC.u_fifo/rd_addr_p1cmp_r_i3 is a one-to-one match with \Controller_inst/Controller_RHD_FIFO_1/FIFO_1/lscc_fifo_inst/fifo0/_FABRIC.u_fifo/MISC.rd_flag_addr_p1_r_i3.
Duplicate register/latch removal. \Controller_inst/Controller_RHD_FIFO_1/FIFO_1/lscc_fifo_inst/fifo0/_FABRIC.u_fifo/rd_addr_p1cmp_r_i2 is a one-to-one match with \Controller_inst/Controller_RHD_FIFO_1/FIFO_1/lscc_fifo_inst/fifo0/_FABRIC.u_fifo/MISC.rd_flag_addr_p1_r_i2.
Duplicate register/latch removal. \Controller_inst/Controller_RHD_FIFO_1/FIFO_1/lscc_fifo_inst/fifo0/_FABRIC.u_fifo/rd_addr_p1cmp_r_i1 is a one-to-one match with \Controller_inst/Controller_RHD_FIFO_1/FIFO_1/lscc_fifo_inst/fifo0/_FABRIC.u_fifo/MISC.rd_flag_addr_p1_r_i1.
Duplicate register/latch removal. \Controller_inst/Controller_RHD_FIFO_1/FIFO_1/lscc_fifo_inst/fifo0/_FABRIC.u_fifo/wr_cmpaddr_p1_r_i7 is a one-to-one match with \Controller_inst/Controller_RHD_FIFO_1/FIFO_1/lscc_fifo_inst/fifo0/_FABRIC.u_fifo/MISC.wr_flag_addr_p1_r_i7.
Duplicate register/latch removal. \Controller_inst/Controller_RHD_FIFO_1/FIFO_1/lscc_fifo_inst/fifo0/_FABRIC.u_fifo/wr_cmpaddr_p1_r_i6 is a one-to-one match with \Controller_inst/Controller_RHD_FIFO_1/FIFO_1/lscc_fifo_inst/fifo0/_FABRIC.u_fifo/MISC.wr_flag_addr_p1_r_i6.
Duplicate register/latch removal. \Controller_inst/Controller_RHD_FIFO_1/FIFO_1/lscc_fifo_inst/fifo0/_FABRIC.u_fifo/wr_cmpaddr_p1_r_i5 is a one-to-one match with \Controller_inst/Controller_RHD_FIFO_1/FIFO_1/lscc_fifo_inst/fifo0/_FABRIC.u_fifo/MISC.wr_flag_addr_p1_r_i5.
Duplicate register/latch removal. \Controller_inst/Controller_RHD_FIFO_1/FIFO_1/lscc_fifo_inst/fifo0/_FABRIC.u_fifo/wr_cmpaddr_p1_r_i4 is a one-to-one match with \Controller_inst/Controller_RHD_FIFO_1/FIFO_1/lscc_fifo_inst/fifo0/_FABRIC.u_fifo/MISC.wr_flag_addr_p1_r_i4.
Duplicate register/latch removal. \Controller_inst/Controller_RHD_FIFO_1/FIFO_1/lscc_fifo_inst/fifo0/_FABRIC.u_fifo/wr_cmpaddr_p1_r_i3 is a one-to-one match with \Controller_inst/Controller_RHD_FIFO_1/FIFO_1/lscc_fifo_inst/fifo0/_FABRIC.u_fifo/MISC.wr_flag_addr_p1_r_i3.
Duplicate register/latch removal. \Controller_inst/Controller_RHD_FIFO_1/FIFO_1/lscc_fifo_inst/fifo0/_FABRIC.u_fifo/wr_cmpaddr_p1_r_i2 is a one-to-one match with \Controller_inst/Controller_RHD_FIFO_1/FIFO_1/lscc_fifo_inst/fifo0/_FABRIC.u_fifo/MISC.wr_flag_addr_p1_r_i2.
Duplicate register/latch removal. \Controller_inst/Controller_RHD_FIFO_1/FIFO_1/lscc_fifo_inst/fifo0/_FABRIC.u_fifo/wr_cmpaddr_p1_r_i1 is a one-to-one match with \Controller_inst/Controller_RHD_FIFO_1/FIFO_1/lscc_fifo_inst/fifo0/_FABRIC.u_fifo/MISC.wr_flag_addr_p1_r_i1.
Duplicate register/latch removal. \Controller_inst/Controller_RHD_FIFO_1/FIFO_1/lscc_fifo_inst/fifo0/_FABRIC.u_fifo/waddr_r_i7 is a one-to-one match with \Controller_inst/Controller_RHD_FIFO_1/FIFO_1/lscc_fifo_inst/fifo0/_FABRIC.u_fifo/MISC.wr_flag_addr_r_i7.
Duplicate register/latch removal. \Controller_inst/Controller_RHD_FIFO_1/FIFO_1/lscc_fifo_inst/fifo0/_FABRIC.u_fifo/waddr_r_i6 is a one-to-one match with \Controller_inst/Controller_RHD_FIFO_1/FIFO_1/lscc_fifo_inst/fifo0/_FABRIC.u_fifo/MISC.wr_flag_addr_r_i6.
Duplicate register/latch removal. \Controller_inst/Controller_RHD_FIFO_1/FIFO_1/lscc_fifo_inst/fifo0/_FABRIC.u_fifo/waddr_r_i5 is a one-to-one match with \Controller_inst/Controller_RHD_FIFO_1/FIFO_1/lscc_fifo_inst/fifo0/_FABRIC.u_fifo/MISC.wr_flag_addr_r_i5.
Duplicate register/latch removal. \Controller_inst/Controller_RHD_FIFO_1/FIFO_1/lscc_fifo_inst/fifo0/_FABRIC.u_fifo/waddr_r_i4 is a one-to-one match with \Controller_inst/Controller_RHD_FIFO_1/FIFO_1/lscc_fifo_inst/fifo0/_FABRIC.u_fifo/MISC.wr_flag_addr_r_i4.
Duplicate register/latch removal. \Controller_inst/Controller_RHD_FIFO_1/FIFO_1/lscc_fifo_inst/fifo0/_FABRIC.u_fifo/waddr_r_i3 is a one-to-one match with \Controller_inst/Controller_RHD_FIFO_1/FIFO_1/lscc_fifo_inst/fifo0/_FABRIC.u_fifo/MISC.wr_flag_addr_r_i3.
Duplicate register/latch removal. \Controller_inst/Controller_RHD_FIFO_1/FIFO_1/lscc_fifo_inst/fifo0/_FABRIC.u_fifo/waddr_r_i2 is a one-to-one match with \Controller_inst/Controller_RHD_FIFO_1/FIFO_1/lscc_fifo_inst/fifo0/_FABRIC.u_fifo/MISC.wr_flag_addr_r_i2.
Duplicate register/latch removal. \Controller_inst/Controller_RHD_FIFO_1/FIFO_1/lscc_fifo_inst/fifo0/_FABRIC.u_fifo/waddr_r_i1 is a one-to-one match with \Controller_inst/Controller_RHD_FIFO_1/FIFO_1/lscc_fifo_inst/fifo0/_FABRIC.u_fifo/MISC.wr_flag_addr_r_i1.
Duplicate register/latch removal. \Controller_inst/Controller_RHD_FIFO_1/FIFO_1/lscc_fifo_inst/fifo0/_FABRIC.u_fifo/full_r is a one-to-one match with \Controller_inst/Controller_RHD_FIFO_1/FIFO_1/lscc_fifo_inst/fifo0/_FABRIC.u_fifo/MISC.full_flag_r.
Duplicate register/latch removal. \Controller_inst/Controller_RHD_FIFO_1/FIFO_1/lscc_fifo_inst/fifo0/_FABRIC.u_fifo/full_mem_r is a one-to-one match with \Controller_inst/Controller_RHD_FIFO_1/FIFO_1/lscc_fifo_inst/fifo0/_FABRIC.u_fifo/full_r.
Duplicate register/latch removal. \Controller_inst/Controller_RHD_FIFO_1/FIFO_1/lscc_fifo_inst/fifo0/_FABRIC.u_fifo/empty_r is a one-to-one match with \Controller_inst/Controller_RHD_FIFO_1/FIFO_1/lscc_fifo_inst/fifo0/_FABRIC.u_fifo/MISC.empty_flag_r.
Duplicate register/latch removal. \Controller_inst/Controller_RHD_FIFO_1/FIFO_1/lscc_fifo_inst/fifo0/_FABRIC.u_fifo/empty_mem_r is a one-to-one match with \Controller_inst/Controller_RHD_FIFO_1/FIFO_1/lscc_fifo_inst/fifo0/_FABRIC.u_fifo/empty_r.
Duplicate register/latch removal. \Controller_inst/Controller_RHD_FIFO_1/FIFO_1/lscc_fifo_inst/fifo0/_FABRIC.u_fifo/wr_addr_p1_r_i0 is a one-to-one match with \Controller_inst/Controller_RHD_FIFO_1/FIFO_1/lscc_fifo_inst/fifo0/_FABRIC.u_fifo/MISC.wr_flag_addr_p1_r_i0.
Duplicate register/latch removal. \Controller_inst/Controller_RHD_FIFO_1/FIFO_1/lscc_fifo_inst/fifo0/_FABRIC.u_fifo/wr_cmpaddr_r_i0 is a one-to-one match with \Controller_inst/Controller_RHD_FIFO_1/FIFO_1/lscc_fifo_inst/fifo0/_FABRIC.u_fifo/MISC.wr_flag_addr_r_i0.
Duplicate register/latch removal. \Controller_inst/Controller_RHD_FIFO_1/FIFO_1/lscc_fifo_inst/fifo0/_FABRIC.u_fifo/wr_addr_p1cmp_r_i1 is a one-to-one match with \Controller_inst/Controller_RHD_FIFO_1/FIFO_1/lscc_fifo_inst/fifo0/_FABRIC.u_fifo/wr_addr_p1_r_i8.
Duplicate register/latch removal. \Controller_inst/Controller_RHD_FIFO_1/FIFO_1/lscc_fifo_inst/fifo0/_FABRIC.u_fifo/waddr_r_i0 is a one-to-one match with \Controller_inst/Controller_RHD_FIFO_1/FIFO_1/lscc_fifo_inst/fifo0/_FABRIC.u_fifo/wr_cmpaddr_r_i0.
Duplicate register/latch removal. \Controller_inst/Controller_RHD_FIFO_1/FIFO_1/lscc_fifo_inst/fifo0/_FABRIC.u_fifo/wr_cmpaddr_p1_r_i0 is a one-to-one match with \Controller_inst/Controller_RHD_FIFO_1/FIFO_1/lscc_fifo_inst/fifo0/_FABRIC.u_fifo/wr_addr_p1_r_i0.
Duplicate register/latch removal. \Controller_inst/Controller_RHD_FIFO_1/FIFO_1/lscc_fifo_inst/fifo0/_FABRIC.u_fifo/rd_addr_p1_r_i0 is a one-to-one match with \Controller_inst/Controller_RHD_FIFO_1/FIFO_1/lscc_fifo_inst/fifo0/_FABRIC.u_fifo/MISC.rd_flag_addr_p1_r_i0.
Duplicate register/latch removal. \Controller_inst/Controller_RHD_FIFO_1/FIFO_1/lscc_fifo_inst/fifo0/_FABRIC.u_fifo/rd_addr_p1cmp_r_i0 is a one-to-one match with \Controller_inst/Controller_RHD_FIFO_1/FIFO_1/lscc_fifo_inst/fifo0/_FABRIC.u_fifo/rd_addr_p1_r_i0.
Duplicate register/latch removal. \Controller_inst/Controller_RHD_FIFO_1/FIFO_1/lscc_fifo_inst/fifo0/_FABRIC.u_fifo/rd_cmpaddr_r_i0 is a one-to-one match with \Controller_inst/Controller_RHD_FIFO_1/FIFO_1/lscc_fifo_inst/fifo0/_FABRIC.u_fifo/MISC.rd_flag_addr_r_i0.
Duplicate register/latch removal. \Controller_inst/Controller_RHD_FIFO_1/FIFO_1/lscc_fifo_inst/fifo0/_FABRIC.u_fifo/raddr_r_i0 is a one-to-one match with \Controller_inst/Controller_RHD_FIFO_1/FIFO_1/lscc_fifo_inst/fifo0/_FABRIC.u_fifo/rd_cmpaddr_r_i0.
Duplicate register/latch removal. \Controller_inst/Controller_RHD_FIFO_1/FIFO_1/lscc_fifo_inst/fifo0/_FABRIC.u_fifo/MISC.rd_flag_addr_p1_r_i8 is a one-to-one match with \Controller_inst/Controller_RHD_FIFO_1/FIFO_1/lscc_fifo_inst/fifo0/_FABRIC.u_fifo/rd_addr_p1_r_i8.
Duplicate register/latch removal. \Controller_inst/Controller_RHD_FIFO_1/FIFO_1/lscc_fifo_inst/fifo0/_FABRIC.u_fifo/MISC.rd_flag_addr_p1_r_i7 is a one-to-one match with \Controller_inst/Controller_RHD_FIFO_1/FIFO_1/lscc_fifo_inst/fifo0/_FABRIC.u_fifo/rd_addr_p1_r_i7.
Duplicate register/latch removal. \Controller_inst/Controller_RHD_FIFO_1/FIFO_1/lscc_fifo_inst/fifo0/_FABRIC.u_fifo/MISC.rd_flag_addr_p1_r_i6 is a one-to-one match with \Controller_inst/Controller_RHD_FIFO_1/FIFO_1/lscc_fifo_inst/fifo0/_FABRIC.u_fifo/rd_addr_p1_r_i6.
Duplicate register/latch removal. \Controller_inst/Controller_RHD_FIFO_1/FIFO_1/lscc_fifo_inst/fifo0/_FABRIC.u_fifo/MISC.rd_flag_addr_p1_r_i5 is a one-to-one match with \Controller_inst/Controller_RHD_FIFO_1/FIFO_1/lscc_fifo_inst/fifo0/_FABRIC.u_fifo/rd_addr_p1_r_i5.
Duplicate register/latch removal. \Controller_inst/Controller_RHD_FIFO_1/FIFO_1/lscc_fifo_inst/fifo0/_FABRIC.u_fifo/MISC.rd_flag_addr_p1_r_i4 is a one-to-one match with \Controller_inst/Controller_RHD_FIFO_1/FIFO_1/lscc_fifo_inst/fifo0/_FABRIC.u_fifo/rd_addr_p1_r_i4.
Duplicate register/latch removal. \Controller_inst/Controller_RHD_FIFO_1/FIFO_1/lscc_fifo_inst/fifo0/_FABRIC.u_fifo/MISC.rd_flag_addr_p1_r_i3 is a one-to-one match with \Controller_inst/Controller_RHD_FIFO_1/FIFO_1/lscc_fifo_inst/fifo0/_FABRIC.u_fifo/rd_addr_p1_r_i3.
Duplicate register/latch removal. \Controller_inst/Controller_RHD_FIFO_1/FIFO_1/lscc_fifo_inst/fifo0/_FABRIC.u_fifo/MISC.rd_flag_addr_p1_r_i2 is a one-to-one match with \Controller_inst/Controller_RHD_FIFO_1/FIFO_1/lscc_fifo_inst/fifo0/_FABRIC.u_fifo/rd_addr_p1_r_i2.
Duplicate register/latch removal. \Controller_inst/Controller_RHD_FIFO_1/FIFO_1/lscc_fifo_inst/fifo0/_FABRIC.u_fifo/MISC.rd_flag_addr_p1_r_i1 is a one-to-one match with \Controller_inst/Controller_RHD_FIFO_1/FIFO_1/lscc_fifo_inst/fifo0/_FABRIC.u_fifo/rd_addr_p1_r_i1.
Duplicate register/latch removal. \Controller_inst/Controller_RHD_FIFO_1/FIFO_1/lscc_fifo_inst/fifo0/_FABRIC.u_fifo/MISC.rd_flag_addr_r_i7 is a one-to-one match with \Controller_inst/Controller_RHD_FIFO_1/FIFO_1/lscc_fifo_inst/fifo0/_FABRIC.u_fifo/rd_cmpaddr_r_i7.
Duplicate register/latch removal. \Controller_inst/Controller_RHD_FIFO_1/FIFO_1/lscc_fifo_inst/fifo0/_FABRIC.u_fifo/MISC.rd_flag_addr_r_i6 is a one-to-one match with \Controller_inst/Controller_RHD_FIFO_1/FIFO_1/lscc_fifo_inst/fifo0/_FABRIC.u_fifo/rd_cmpaddr_r_i6.
Duplicate register/latch removal. \Controller_inst/Controller_RHD_FIFO_1/FIFO_1/lscc_fifo_inst/fifo0/_FABRIC.u_fifo/MISC.rd_flag_addr_r_i5 is a one-to-one match with \Controller_inst/Controller_RHD_FIFO_1/FIFO_1/lscc_fifo_inst/fifo0/_FABRIC.u_fifo/rd_cmpaddr_r_i5.
Duplicate register/latch removal. \Controller_inst/Controller_RHD_FIFO_1/FIFO_1/lscc_fifo_inst/fifo0/_FABRIC.u_fifo/MISC.rd_flag_addr_r_i4 is a one-to-one match with \Controller_inst/Controller_RHD_FIFO_1/FIFO_1/lscc_fifo_inst/fifo0/_FABRIC.u_fifo/rd_cmpaddr_r_i4.
Duplicate register/latch removal. \Controller_inst/Controller_RHD_FIFO_1/FIFO_1/lscc_fifo_inst/fifo0/_FABRIC.u_fifo/MISC.rd_flag_addr_r_i3 is a one-to-one match with \Controller_inst/Controller_RHD_FIFO_1/FIFO_1/lscc_fifo_inst/fifo0/_FABRIC.u_fifo/rd_cmpaddr_r_i3.
Duplicate register/latch removal. \Controller_inst/Controller_RHD_FIFO_1/FIFO_1/lscc_fifo_inst/fifo0/_FABRIC.u_fifo/MISC.rd_flag_addr_r_i2 is a one-to-one match with \Controller_inst/Controller_RHD_FIFO_1/FIFO_1/lscc_fifo_inst/fifo0/_FABRIC.u_fifo/rd_cmpaddr_r_i2.
Duplicate register/latch removal. \Controller_inst/Controller_RHD_FIFO_1/FIFO_1/lscc_fifo_inst/fifo0/_FABRIC.u_fifo/MISC.rd_flag_addr_r_i1 is a one-to-one match with \Controller_inst/Controller_RHD_FIFO_1/FIFO_1/lscc_fifo_inst/fifo0/_FABRIC.u_fifo/rd_cmpaddr_r_i1.
Duplicate register/latch removal. \Controller_inst/Controller_RHD_FIFO_1/FIFO_1/lscc_fifo_inst/fifo0/_FABRIC.u_fifo/MISC.wr_flag_addr_p1_r_i8 is a one-to-one match with \Controller_inst/Controller_RHD_FIFO_1/FIFO_1/lscc_fifo_inst/fifo0/_FABRIC.u_fifo/wr_addr_p1cmp_r_i1.
Duplicate register/latch removal. \Controller_inst/Controller_RHD_FIFO_1/FIFO_1/lscc_fifo_inst/fifo0/_FABRIC.u_fifo/MISC.wr_flag_addr_p1_r_i7 is a one-to-one match with \Controller_inst/Controller_RHD_FIFO_1/FIFO_1/lscc_fifo_inst/fifo0/_FABRIC.u_fifo/wr_addr_p1_r_i7.
Duplicate register/latch removal. \Controller_inst/Controller_RHD_FIFO_1/FIFO_1/lscc_fifo_inst/fifo0/_FABRIC.u_fifo/MISC.wr_flag_addr_p1_r_i6 is a one-to-one match with \Controller_inst/Controller_RHD_FIFO_1/FIFO_1/lscc_fifo_inst/fifo0/_FABRIC.u_fifo/wr_addr_p1_r_i6.
Duplicate register/latch removal. \Controller_inst/Controller_RHD_FIFO_1/FIFO_1/lscc_fifo_inst/fifo0/_FABRIC.u_fifo/MISC.wr_flag_addr_p1_r_i5 is a one-to-one match with \Controller_inst/Controller_RHD_FIFO_1/FIFO_1/lscc_fifo_inst/fifo0/_FABRIC.u_fifo/wr_addr_p1_r_i5.
Duplicate register/latch removal. \Controller_inst/Controller_RHD_FIFO_1/FIFO_1/lscc_fifo_inst/fifo0/_FABRIC.u_fifo/MISC.wr_flag_addr_p1_r_i4 is a one-to-one match with \Controller_inst/Controller_RHD_FIFO_1/FIFO_1/lscc_fifo_inst/fifo0/_FABRIC.u_fifo/wr_addr_p1_r_i4.
Duplicate register/latch removal. \Controller_inst/Controller_RHD_FIFO_1/FIFO_1/lscc_fifo_inst/fifo0/_FABRIC.u_fifo/MISC.wr_flag_addr_p1_r_i3 is a one-to-one match with \Controller_inst/Controller_RHD_FIFO_1/FIFO_1/lscc_fifo_inst/fifo0/_FABRIC.u_fifo/wr_addr_p1_r_i3.
Duplicate register/latch removal. \Controller_inst/Controller_RHD_FIFO_1/FIFO_1/lscc_fifo_inst/fifo0/_FABRIC.u_fifo/MISC.wr_flag_addr_p1_r_i2 is a one-to-one match with \Controller_inst/Controller_RHD_FIFO_1/FIFO_1/lscc_fifo_inst/fifo0/_FABRIC.u_fifo/wr_addr_p1_r_i2.
Duplicate register/latch removal. \Controller_inst/Controller_RHD_FIFO_1/FIFO_1/lscc_fifo_inst/fifo0/_FABRIC.u_fifo/MISC.wr_flag_addr_p1_r_i1 is a one-to-one match with \Controller_inst/Controller_RHD_FIFO_1/FIFO_1/lscc_fifo_inst/fifo0/_FABRIC.u_fifo/wr_addr_p1_r_i1.
Duplicate register/latch removal. \Controller_inst/Controller_RHD_FIFO_1/FIFO_1/lscc_fifo_inst/fifo0/_FABRIC.u_fifo/MISC.wr_flag_addr_r_i7 is a one-to-one match with \Controller_inst/Controller_RHD_FIFO_1/FIFO_1/lscc_fifo_inst/fifo0/_FABRIC.u_fifo/wr_cmpaddr_r_i7.
Duplicate register/latch removal. \Controller_inst/Controller_RHD_FIFO_1/FIFO_1/lscc_fifo_inst/fifo0/_FABRIC.u_fifo/MISC.wr_flag_addr_r_i6 is a one-to-one match with \Controller_inst/Controller_RHD_FIFO_1/FIFO_1/lscc_fifo_inst/fifo0/_FABRIC.u_fifo/wr_cmpaddr_r_i6.
Duplicate register/latch removal. \Controller_inst/Controller_RHD_FIFO_1/FIFO_1/lscc_fifo_inst/fifo0/_FABRIC.u_fifo/MISC.wr_flag_addr_r_i5 is a one-to-one match with \Controller_inst/Controller_RHD_FIFO_1/FIFO_1/lscc_fifo_inst/fifo0/_FABRIC.u_fifo/wr_cmpaddr_r_i5.
Duplicate register/latch removal. \Controller_inst/Controller_RHD_FIFO_1/FIFO_1/lscc_fifo_inst/fifo0/_FABRIC.u_fifo/MISC.wr_flag_addr_r_i4 is a one-to-one match with \Controller_inst/Controller_RHD_FIFO_1/FIFO_1/lscc_fifo_inst/fifo0/_FABRIC.u_fifo/wr_cmpaddr_r_i4.
Duplicate register/latch removal. \Controller_inst/Controller_RHD_FIFO_1/FIFO_1/lscc_fifo_inst/fifo0/_FABRIC.u_fifo/MISC.wr_flag_addr_r_i3 is a one-to-one match with \Controller_inst/Controller_RHD_FIFO_1/FIFO_1/lscc_fifo_inst/fifo0/_FABRIC.u_fifo/wr_cmpaddr_r_i3.
Duplicate register/latch removal. \Controller_inst/Controller_RHD_FIFO_1/FIFO_1/lscc_fifo_inst/fifo0/_FABRIC.u_fifo/MISC.wr_flag_addr_r_i2 is a one-to-one match with \Controller_inst/Controller_RHD_FIFO_1/FIFO_1/lscc_fifo_inst/fifo0/_FABRIC.u_fifo/wr_cmpaddr_r_i2.
Duplicate register/latch removal. \Controller_inst/Controller_RHD_FIFO_1/FIFO_1/lscc_fifo_inst/fifo0/_FABRIC.u_fifo/MISC.wr_flag_addr_r_i1 is a one-to-one match with \Controller_inst/Controller_RHD_FIFO_1/FIFO_1/lscc_fifo_inst/fifo0/_FABRIC.u_fifo/wr_cmpaddr_r_i1.
Duplicate register/latch removal. \Controller_inst/Controller_RHD_FIFO_1/FIFO_1/lscc_fifo_inst/fifo0/_FABRIC.u_fifo/raddr_r_i7 is a one-to-one match with \Controller_inst/Controller_RHD_FIFO_1/FIFO_1/lscc_fifo_inst/fifo0/_FABRIC.u_fifo/MISC.rd_flag_addr_r_i7.
Duplicate register/latch removal. \Controller_inst/Controller_RHD_FIFO_1/FIFO_1/lscc_fifo_inst/fifo0/_FABRIC.u_fifo/raddr_r_i6 is a one-to-one match with \Controller_inst/Controller_RHD_FIFO_1/FIFO_1/lscc_fifo_inst/fifo0/_FABRIC.u_fifo/MISC.rd_flag_addr_r_i6.
Duplicate register/latch removal. \Controller_inst/Controller_RHD_FIFO_1/FIFO_1/lscc_fifo_inst/fifo0/_FABRIC.u_fifo/raddr_r_i5 is a one-to-one match with \Controller_inst/Controller_RHD_FIFO_1/FIFO_1/lscc_fifo_inst/fifo0/_FABRIC.u_fifo/MISC.rd_flag_addr_r_i5.
Duplicate register/latch removal. \Controller_inst/Controller_RHD_FIFO_1/FIFO_1/lscc_fifo_inst/fifo0/_FABRIC.u_fifo/raddr_r_i4 is a one-to-one match with \Controller_inst/Controller_RHD_FIFO_1/FIFO_1/lscc_fifo_inst/fifo0/_FABRIC.u_fifo/MISC.rd_flag_addr_r_i4.
Duplicate register/latch removal. \Controller_inst/Controller_RHD_FIFO_1/FIFO_1/lscc_fifo_inst/fifo0/_FABRIC.u_fifo/raddr_r_i3 is a one-to-one match with \Controller_inst/Controller_RHD_FIFO_1/FIFO_1/lscc_fifo_inst/fifo0/_FABRIC.u_fifo/MISC.rd_flag_addr_r_i3.
Duplicate register/latch removal. \Controller_inst/Controller_RHD_FIFO_1/FIFO_1/lscc_fifo_inst/fifo0/_FABRIC.u_fifo/raddr_r_i2 is a one-to-one match with \Controller_inst/Controller_RHD_FIFO_1/FIFO_1/lscc_fifo_inst/fifo0/_FABRIC.u_fifo/MISC.rd_flag_addr_r_i2.
Duplicate register/latch removal. \Controller_inst/Controller_RHD_FIFO_1/FIFO_1/lscc_fifo_inst/fifo0/_FABRIC.u_fifo/raddr_r_i1 is a one-to-one match with \Controller_inst/Controller_RHD_FIFO_1/FIFO_1/lscc_fifo_inst/fifo0/_FABRIC.u_fifo/MISC.rd_flag_addr_r_i1.
Duplicate register/latch removal. \Controller_inst/Controller_RHD_FIFO_1/FIFO_1/lscc_fifo_inst/fifo0/_FABRIC.u_fifo/rd_addr_p1cmp_r_i8 is a one-to-one match with \Controller_inst/Controller_RHD_FIFO_1/FIFO_1/lscc_fifo_inst/fifo0/_FABRIC.u_fifo/MISC.rd_flag_addr_p1_r_i8.
Duplicate register/latch removal. \Controller_inst/Controller_RHD_FIFO_1/FIFO_1/lscc_fifo_inst/fifo0/_FABRIC.u_fifo/rd_addr_p1cmp_r_i7 is a one-to-one match with \Controller_inst/Controller_RHD_FIFO_1/FIFO_1/lscc_fifo_inst/fifo0/_FABRIC.u_fifo/MISC.rd_flag_addr_p1_r_i7.
Duplicate register/latch removal. \Controller_inst/Controller_RHD_FIFO_1/FIFO_1/lscc_fifo_inst/fifo0/_FABRIC.u_fifo/rd_addr_p1cmp_r_i6 is a one-to-one match with \Controller_inst/Controller_RHD_FIFO_1/FIFO_1/lscc_fifo_inst/fifo0/_FABRIC.u_fifo/MISC.rd_flag_addr_p1_r_i6.
Duplicate register/latch removal. \Controller_inst/Controller_RHD_FIFO_1/FIFO_1/lscc_fifo_inst/fifo0/_FABRIC.u_fifo/rd_addr_p1cmp_r_i5 is a one-to-one match with \Controller_inst/Controller_RHD_FIFO_1/FIFO_1/lscc_fifo_inst/fifo0/_FABRIC.u_fifo/MISC.rd_flag_addr_p1_r_i5.
Duplicate register/latch removal. \Controller_inst/Controller_RHD_FIFO_1/FIFO_1/lscc_fifo_inst/fifo0/_FABRIC.u_fifo/rd_addr_p1cmp_r_i4 is a one-to-one match with \Controller_inst/Controller_RHD_FIFO_1/FIFO_1/lscc_fifo_inst/fifo0/_FABRIC.u_fifo/MISC.rd_flag_addr_p1_r_i4.
Duplicate register/latch removal. \Controller_inst/Controller_RHD_FIFO_1/FIFO_1/lscc_fifo_inst/fifo0/_FABRIC.u_fifo/rd_addr_p1cmp_r_i3 is a one-to-one match with \Controller_inst/Controller_RHD_FIFO_1/FIFO_1/lscc_fifo_inst/fifo0/_FABRIC.u_fifo/MISC.rd_flag_addr_p1_r_i3.
Duplicate register/latch removal. \Controller_inst/Controller_RHD_FIFO_1/FIFO_1/lscc_fifo_inst/fifo0/_FABRIC.u_fifo/rd_addr_p1cmp_r_i2 is a one-to-one match with \Controller_inst/Controller_RHD_FIFO_1/FIFO_1/lscc_fifo_inst/fifo0/_FABRIC.u_fifo/MISC.rd_flag_addr_p1_r_i2.
Duplicate register/latch removal. \Controller_inst/Controller_RHD_FIFO_1/FIFO_1/lscc_fifo_inst/fifo0/_FABRIC.u_fifo/rd_addr_p1cmp_r_i1 is a one-to-one match with \Controller_inst/Controller_RHD_FIFO_1/FIFO_1/lscc_fifo_inst/fifo0/_FABRIC.u_fifo/MISC.rd_flag_addr_p1_r_i1.
Duplicate register/latch removal. \Controller_inst/Controller_RHD_FIFO_1/FIFO_1/lscc_fifo_inst/fifo0/_FABRIC.u_fifo/wr_cmpaddr_p1_r_i7 is a one-to-one match with \Controller_inst/Controller_RHD_FIFO_1/FIFO_1/lscc_fifo_inst/fifo0/_FABRIC.u_fifo/MISC.wr_flag_addr_p1_r_i7.
Duplicate register/latch removal. \Controller_inst/Controller_RHD_FIFO_1/FIFO_1/lscc_fifo_inst/fifo0/_FABRIC.u_fifo/wr_cmpaddr_p1_r_i6 is a one-to-one match with \Controller_inst/Controller_RHD_FIFO_1/FIFO_1/lscc_fifo_inst/fifo0/_FABRIC.u_fifo/MISC.wr_flag_addr_p1_r_i6.
Duplicate register/latch removal. \Controller_inst/Controller_RHD_FIFO_1/FIFO_1/lscc_fifo_inst/fifo0/_FABRIC.u_fifo/wr_cmpaddr_p1_r_i5 is a one-to-one match with \Controller_inst/Controller_RHD_FIFO_1/FIFO_1/lscc_fifo_inst/fifo0/_FABRIC.u_fifo/MISC.wr_flag_addr_p1_r_i5.
Duplicate register/latch removal. \Controller_inst/Controller_RHD_FIFO_1/FIFO_1/lscc_fifo_inst/fifo0/_FABRIC.u_fifo/wr_cmpaddr_p1_r_i4 is a one-to-one match with \Controller_inst/Controller_RHD_FIFO_1/FIFO_1/lscc_fifo_inst/fifo0/_FABRIC.u_fifo/MISC.wr_flag_addr_p1_r_i4.
Duplicate register/latch removal. \Controller_inst/Controller_RHD_FIFO_1/FIFO_1/lscc_fifo_inst/fifo0/_FABRIC.u_fifo/wr_cmpaddr_p1_r_i3 is a one-to-one match with \Controller_inst/Controller_RHD_FIFO_1/FIFO_1/lscc_fifo_inst/fifo0/_FABRIC.u_fifo/MISC.wr_flag_addr_p1_r_i3.
Duplicate register/latch removal. \Controller_inst/Controller_RHD_FIFO_1/FIFO_1/lscc_fifo_inst/fifo0/_FABRIC.u_fifo/wr_cmpaddr_p1_r_i2 is a one-to-one match with \Controller_inst/Controller_RHD_FIFO_1/FIFO_1/lscc_fifo_inst/fifo0/_FABRIC.u_fifo/MISC.wr_flag_addr_p1_r_i2.
Duplicate register/latch removal. \Controller_inst/Controller_RHD_FIFO_1/FIFO_1/lscc_fifo_inst/fifo0/_FABRIC.u_fifo/wr_cmpaddr_p1_r_i1 is a one-to-one match with \Controller_inst/Controller_RHD_FIFO_1/FIFO_1/lscc_fifo_inst/fifo0/_FABRIC.u_fifo/MISC.wr_flag_addr_p1_r_i1.
Duplicate register/latch removal. \Controller_inst/Controller_RHD_FIFO_1/FIFO_1/lscc_fifo_inst/fifo0/_FABRIC.u_fifo/waddr_r_i7 is a one-to-one match with \Controller_inst/Controller_RHD_FIFO_1/FIFO_1/lscc_fifo_inst/fifo0/_FABRIC.u_fifo/MISC.wr_flag_addr_r_i7.
Duplicate register/latch removal. \Controller_inst/Controller_RHD_FIFO_1/FIFO_1/lscc_fifo_inst/fifo0/_FABRIC.u_fifo/waddr_r_i6 is a one-to-one match with \Controller_inst/Controller_RHD_FIFO_1/FIFO_1/lscc_fifo_inst/fifo0/_FABRIC.u_fifo/MISC.wr_flag_addr_r_i6.
Duplicate register/latch removal. \Controller_inst/Controller_RHD_FIFO_1/FIFO_1/lscc_fifo_inst/fifo0/_FABRIC.u_fifo/waddr_r_i5 is a one-to-one match with \Controller_inst/Controller_RHD_FIFO_1/FIFO_1/lscc_fifo_inst/fifo0/_FABRIC.u_fifo/MISC.wr_flag_addr_r_i5.
Duplicate register/latch removal. \Controller_inst/Controller_RHD_FIFO_1/FIFO_1/lscc_fifo_inst/fifo0/_FABRIC.u_fifo/waddr_r_i4 is a one-to-one match with \Controller_inst/Controller_RHD_FIFO_1/FIFO_1/lscc_fifo_inst/fifo0/_FABRIC.u_fifo/MISC.wr_flag_addr_r_i4.
Duplicate register/latch removal. \Controller_inst/Controller_RHD_FIFO_1/FIFO_1/lscc_fifo_inst/fifo0/_FABRIC.u_fifo/waddr_r_i3 is a one-to-one match with \Controller_inst/Controller_RHD_FIFO_1/FIFO_1/lscc_fifo_inst/fifo0/_FABRIC.u_fifo/MISC.wr_flag_addr_r_i3.
Duplicate register/latch removal. \Controller_inst/Controller_RHD_FIFO_1/FIFO_1/lscc_fifo_inst/fifo0/_FABRIC.u_fifo/waddr_r_i2 is a one-to-one match with \Controller_inst/Controller_RHD_FIFO_1/FIFO_1/lscc_fifo_inst/fifo0/_FABRIC.u_fifo/MISC.wr_flag_addr_r_i2.
Duplicate register/latch removal. \Controller_inst/Controller_RHD_FIFO_1/FIFO_1/lscc_fifo_inst/fifo0/_FABRIC.u_fifo/waddr_r_i1 is a one-to-one match with \Controller_inst/Controller_RHD_FIFO_1/FIFO_1/lscc_fifo_inst/fifo0/_FABRIC.u_fifo/MISC.wr_flag_addr_r_i1.

################### Begin Area Report (top_level)######################
Number of register bits => 2083 of 5280 (39 % )
BB_B => 3
EBR_B => 1
CCU2 => 132
FD1P3XZ => 2083
IB => 8
LUT4 => 1323
OB => 22
PLL_B => 1
################### End Area Report ##################
Number of odd-length carry chains : 9
Number of even-length carry chains : 9

################### Begin Clock Report ######################
Clock Nets
Number of Clocks: 2
  Net : pll_inst/lscc_pll_inst/pll_clk_int, loads : 0
  Net : i_clk_c, loads : 1
Clock Enable Nets
Number of Clock Enables: 0
Highest fanout non-clock nets
Top 10 highest fanout non-clock nets:
  Net : o_reset_c, loads : 1000
  Net : maxfan_replicated_net_999, loads : 1000
  Net : Controller_inst/int_STM32_TX_DV, loads : 535
  Net : Controller_inst/n19743, loads : 512
  Net : Controller_inst/SPI_Master_CS_STM32_1/SPI_Master_1/r_TX_Bit_Count[1], loads : 200
  Net : Controller_inst/SPI_Master_CS_STM32_1/SPI_Master_1/r_TX_Bit_Count[0], loads : 168
  Net : maxfan_replicated_net_1081, loads : 82
  Net : Controller_inst/SPI_Master_CS_STM32_1/SPI_Master_1/r_TX_Bit_Count[2], loads : 73
  Net : Controller_inst/stim_sequence_phase[0], loads : 57
  Net : Controller_inst/stim_burst_counter[1], loads : 53
################### End Clock Report ##################

Peak Memory Usage: 198 MB

--------------------------------------------------------------
Total CPU Time: 17 secs 
Total REAL Time: 18 secs 
--------------------------------------------------------------
Checksum -- synthesis -- netlist: 5b76de43aec1d424e463cea1bd573a16f41e01b1



postsyn -a iCE40UP -p iCE40UP5K -t SG48 -sp High-Performance_1.2V -oc Industrial -top -w -o FPGA_Intan_Driver_impl_1_syn.udb FPGA_Intan_Driver_impl_1.vm -ldc "C:/Users/david/Desktop/WiFi Headstage/WiFiHeadstage V2/FPGA/FPGA_RHS_Driver/impl_1/FPGA_Intan_Driver_impl_1.ldc"
POSTSYN: Post Synthesis Process Radiant Software (64-bit) 2023.2.1.288.0
Command Line: postsyn -a iCE40UP -p iCE40UP5K -t SG48 -sp High-Performance_1.2V -oc Industrial -top -w -o FPGA_Intan_Driver_impl_1_syn.udb -ldc C:/Users/david/Desktop/WiFi Headstage/WiFiHeadstage V2/FPGA/FPGA_RHS_Driver/impl_1/FPGA_Intan_Driver_impl_1.ldc -gui -msgset C:/Users/david/Desktop/WiFi Headstage/WiFiHeadstage V2/FPGA/FPGA_RHS_Driver/promote.xml FPGA_Intan_Driver_impl_1.vm 
   Architecture:     iCE40UP
   Device:           iCE40UP5K
   Package:          SG48
   Performance:      High-Performance_1.2V
Reading input file 'FPGA_Intan_Driver_impl_1.vm' ...
CPU Time to convert: 0.515625
REAL Time to convert: 0
convert PEAK Memory Usage: 65 MB
convert CURRENT Memory Usage: 62 MB
Reading constraint file 'C:/Users/david/Desktop/WiFi Headstage/WiFiHeadstage V2/FPGA/FPGA_RHS_Driver/impl_1/FPGA_Intan_Driver_impl_1.ldc' ...
Removing unused logic ...
Starting design annotation....
WARNING <70001944> - No source clock for
	generated clock	create_generated_clock -name {pll_clk_int} -source [get_pins {pll_inst/lscc_pll_inst/u_PLL_B/REFERENCECLK}] -multiply_by 4 [get_pins {pll_inst/lscc_pll_inst/u_PLL_B/OUTGLOBAL }] .
 
Constraint Summary:
   Total number of constraints: 1
   Total number of constraints dropped: 0
 
Writing output file 'FPGA_Intan_Driver_impl_1_syn.udb'.
POSTSYN finished successfully.
Total CPU Time: 1 secs 
Total REAL Time: 0 secs 
Peak Memory Usage: 65 MB
Checksum -- postsyn: 9f136503231b1bc8654cd531ccfefd8794d16fb



pnmainc -run pnmain "FPGA_Intan_Driver_impl_1_map.tcl"
map:  version Radiant Software (64-bit) 2023.2.1.288.0

Copyright (c) 1991-1994 by NeoCAD Inc. All rights reserved.
Copyright (c) 1995 AT&T Corp.   All rights reserved.
Copyright (c) 1995-2001 Lucent Technologies Inc.  All rights reserved.
Copyright (c) 2001 Agere Systems   All rights reserved.
Copyright (c) 2002-2023 Lattice Semiconductor Corporation,  All rights reserved.

Command line:   map -i FPGA_Intan_Driver_impl_1_syn.udb -pdc C:/Users/david/Desktop/WiFi Headstage/WiFiHeadstage V2/FPGA/FPGA_RHS_Driver/Constrain.pdc -o FPGA_Intan_Driver_impl_1_map.udb -mp FPGA_Intan_Driver_impl_1.mrp -hierrpt -gui -msgset C:/Users/david/Desktop/WiFi Headstage/WiFiHeadstage V2/FPGA/FPGA_RHS_Driver/promote.xml 

Loading device for application GENERIC from file 'itpa08.nph' in environment: C:/lscc/radiant/2023.2/ispfpga.
Package Status:                     Preliminary    Version 1.5.



Design:  top_level
Family:  iCE40UP
Device:  iCE40UP5K
Package: SG48
Performance Grade:  High-Performance_1.2V

INFO <52291017> - Port 'RGB0_OUT' is located on BB_OD pad '39'. Its IO buffer is mapped to BB_OD accordingly. Please notice PULLMODE is not applicable to BB_OD.
INFO <52291017> - Port 'RGB1_OUT' is located on BB_OD pad '40'. Its IO buffer is mapped to BB_OD accordingly. Please notice PULLMODE is not applicable to BB_OD.
INFO <52291017> - Port 'RGB2_OUT' is located on BB_OD pad '41'. Its IO buffer is mapped to BB_OD accordingly. Please notice PULLMODE is not applicable to BB_OD.
Running general design DRC...

WARNING <71003020> - Top module port 'i_RHS_TOP_SPI_MISO_2' does not connect to anything.
WARNING <71003020> - Top module port 'i_RHS_BOTTOM_SPI_MISO_2' does not connect to anything.
WARNING <71003020> - Top module port 'i_RHS_SEL' does not connect to anything.



Design Summary:
   Number of slice registers: 2083 out of  5280 (39%)
   Number of I/O registers:      0 out of   117 (0%)
   Number of LUT4s:           3296 out of  5280 (62%)
      Number of logic LUT4s:             1323
      Number of inserted feedthru LUT4s: 1651
      Number of replicated LUT4s:         58
      Number of ripple logic:            132 (264 LUT4s)
   Number of IO sites used:   33 out of 39 (85%)
      Number of IO sites used for general PIO: 30
      Number of IO sites used for I3C: 0 out of 2 (0%)
      (note: If I3C is not used, its site can be used as general PIO)
      Number of IO sites used for PIO+I3C: 30 out of 36 (83%)
      Number of IO sites used for OD+RGB IO buffers: 3 out of 3 (100%)
      (note: If RGB LED drivers are not used, sites can be used as OD outputs,
       see TN1288 iCE40 LED Driver Usage Guide)
      Number of IO sites used for PIO+I3C+OD+RGB: 33 out of 39 (85%)
   Number of DSPs:             0 out of 8 (0%)
   Number of I2Cs:             0 out of 2 (0%)
   Number of High Speed OSCs:  0 out of 1 (0%)
   Number of Low Speed OSCs:   0 out of 1 (0%)
   Number of RGB PWM:          0 out of 1 (0%)
   Number of RGB Drivers:      0 out of 1 (0%)
   Number of SCL FILTERs:      0 out of 2 (0%)
   Number of SRAMs:            0 out of 4 (0%)
   Number of WARMBOOTs:        0 out of 1 (0%)
   Number of SPIs:             0 out of 2 (0%)
   Number of EBRs:             1 out of 30 (3%)
   Number of PLLs:             1 out of 1 (100%)
   Number of Clocks:  2
      Net pll_clk_int: 2072 loads, 2072 rising, 0 falling (Driver: Pin pll_inst.lscc_pll_inst.u_PLL_B/OUTGLOBAL)
      Net i_clk_c: 1 loads, 1 rising, 0 falling (Driver: Port i_clk)
   Number of Clock Enables:  88
      Net VCC_net: 2 loads, 0 SLICEs
      Net n3: 1 loads, 1 SLICEs
      Net n25: 1 loads, 1 SLICEs
      Net n33469: 4 loads, 4 SLICEs
      Net Controller_inst.n34492: 19 loads, 19 SLICEs
      Net Controller_inst.n19743: 512 loads, 512 SLICEs
      Net Controller_inst.n12275: 5 loads, 5 SLICEs
      Net Controller_inst.n32031: 4 loads, 4 SLICEs
      Net Controller_inst.n32750: 31 loads, 31 SLICEs
      Net Controller_inst.n32000: 4 loads, 4 SLICEs
      Net Controller_inst.n33656: 5 loads, 5 SLICEs
      Net Controller_inst.n33458: 24 loads, 24 SLICEs
      Net Controller_inst.n33505: 1 loads, 1 SLICEs
      Net Controller_inst.n19741: 3 loads, 3 SLICEs
      Net Controller_inst.n45441: 1 loads, 1 SLICEs
      Net Controller_inst.n50063: 1 loads, 1 SLICEs
      Net Controller_inst.int_RHS_READ_TX_DV: 4 loads, 4 SLICEs
      Net Controller_inst.n44751: 1 loads, 1 SLICEs
      Net Controller_inst.n33117: 11 loads, 11 SLICEs
      Net Controller_inst.int_STM32_TX_DV: 512 loads, 512 SLICEs
      Net Controller_inst.n45442: 1 loads, 1 SLICEs
      Net Controller_inst.n32058: 15 loads, 15 SLICEs
      Net Controller_inst.n32029: 15 loads, 15 SLICEs
      Net Controller_inst.n32140: 15 loads, 15 SLICEs
      Net Controller_inst.n32170: 15 loads, 15 SLICEs
      Net Controller_inst.n32200: 15 loads, 15 SLICEs
      Net Controller_inst.n32230: 15 loads, 15 SLICEs
      Net Controller_inst.n32260: 15 loads, 15 SLICEs
      Net Controller_inst.n32290: 15 loads, 15 SLICEs
      Net Controller_inst.n32320: 15 loads, 15 SLICEs
      Net Controller_inst.n32350: 15 loads, 15 SLICEs
      Net Controller_inst.n32380: 15 loads, 15 SLICEs
      Net Controller_inst.n32410: 15 loads, 15 SLICEs
      Net Controller_inst.n32440: 15 loads, 15 SLICEs
      Net Controller_inst.n32470: 15 loads, 15 SLICEs
      Net Controller_inst.n32500: 15 loads, 15 SLICEs
      Net Controller_inst.n32530: 15 loads, 15 SLICEs
      Net Controller_inst.n32560: 15 loads, 15 SLICEs
      Net Controller_inst.n32590: 15 loads, 15 SLICEs
      Net Controller_inst.n32620: 15 loads, 15 SLICEs
      Net Controller_inst.n32650: 15 loads, 15 SLICEs
      Net Controller_inst.n32680: 15 loads, 15 SLICEs
      Net Controller_inst.n4_adj_2256: 32 loads, 32 SLICEs
      Net Controller_inst.n14468: 6 loads, 6 SLICEs
      Net Controller_inst.n31420: 15 loads, 15 SLICEs
      Net Controller_inst.n31390: 15 loads, 15 SLICEs
      Net Controller_inst.n31360: 15 loads, 15 SLICEs
      Net Controller_inst.n31330: 15 loads, 15 SLICEs
      Net Controller_inst.n31300: 15 loads, 15 SLICEs
      Net Controller_inst.n31270: 15 loads, 15 SLICEs
      Net Controller_inst.n31240: 15 loads, 15 SLICEs
      Net Controller_inst.n31210: 15 loads, 15 SLICEs
      Net Controller_inst.n31180: 15 loads, 15 SLICEs
      Net Controller_inst.n32002: 14 loads, 14 SLICEs
      Net Controller_inst.n32033: 15 loads, 15 SLICEs
      Net Controller_inst.int_RHS_STIM_TX_DV: 24 loads, 24 SLICEs
      Net Controller_inst.n14430: 4 loads, 4 SLICEs
      Net Controller_inst.n39288: 1 loads, 1 SLICEs
      Net Controller_inst.n44927: 1 loads, 1 SLICEs
      Net Controller_inst.int_STM32_TX_Ready_N_2195: 1 loads, 1 SLICEs
      Net Controller_inst.n45392: 2 loads, 2 SLICEs
      Net Controller_inst.SPI_Master_CS_STM32_1.n33572: 10 loads, 10 SLICEs
      Net Controller_inst.SPI_Master_CS_STM32_1.n33633: 8 loads, 8 SLICEs
      Net Controller_inst.SPI_Master_CS_STM32_1.n33486: 1 loads, 1 SLICEs
      Net Controller_inst.SPI_Master_CS_STM32_1.SPI_Master_1.n45470: 1 loads, 1 SLICEs
      Net Controller_inst.SPI_Master_CS_STM32_1.SPI_Master_1.n33482: 1 loads, 1 SLICEs
      Net Controller_inst.SPI_Master_CS_STM32_1.SPI_Master_1.n33617: 8 loads, 8 SLICEs
      Net Controller_inst.SPI_Master_CS_STM32_1.SPI_Master_1.n38187: 11 loads, 11 SLICEs
      Net Controller_inst.Controller_RHD_FIFO_2.SPI_Master_CS_1.n33571: 6 loads, 6 SLICEs
      Net Controller_inst.Controller_RHD_FIFO_2.SPI_Master_CS_1.n33601: 8 loads, 8 SLICEs
      Net Controller_inst.Controller_RHD_FIFO_2.SPI_Master_CS_1.n25275: 1 loads, 1 SLICEs
      Net Controller_inst.Controller_RHD_FIFO_2.SPI_Master_CS_1.n46188: 1 loads, 1 SLICEs
      Net Controller_inst.Controller_RHD_FIFO_2.SPI_Master_CS_1.SPI_Master_1.n33473: 1 loads, 1 SLICEs
      Net Controller_inst.Controller_RHD_FIFO_2.SPI_Master_CS_1.SPI_Master_1.n42499: 7 loads, 7 SLICEs
      Net Controller_inst.Controller_RHD_FIFO_2.SPI_Master_CS_1.SPI_Master_1.n33568: 4 loads, 4 SLICEs
      Net Controller_inst.Controller_RHD_FIFO_1.n14478: 16 loads, 16 SLICEs
      Net Controller_inst.Controller_RHD_FIFO_1.SPI_Master_CS_1.n33570: 5 loads, 5 SLICEs
      Net Controller_inst.Controller_RHD_FIFO_1.SPI_Master_CS_1.n33587: 8 loads, 8 SLICEs
      Net Controller_inst.Controller_RHD_FIFO_1.SPI_Master_CS_1.n33477: 1 loads, 1 SLICEs
      Net Controller_inst.Controller_RHD_FIFO_1.SPI_Master_CS_1.int_RHS_READ_TX_Ready_N_2192: 1 loads, 1 SLICEs
      Net Controller_inst.Controller_RHD_FIFO_1.SPI_Master_CS_1.SPI_Master_1.n33471: 1 loads, 1 SLICEs
      Net Controller_inst.Controller_RHD_FIFO_1.SPI_Master_CS_1.SPI_Master_1.n34450: 6 loads, 6 SLICEs
      Net Controller_inst.Controller_RHD_FIFO_1.SPI_Master_CS_1.SPI_Master_1.n33533: 3 loads, 3 SLICEs
      Net Controller_inst.Controller_RHD_FIFO_1.SPI_Master_CS_1.SPI_Master_1.n33543: 4 loads, 4 SLICEs
      Net Controller_inst.Controller_RHD_FIFO_1.FIFO_1.lscc_fifo_inst.fifo0._FABRIC.u_fifo.wr_addr_nxt_w_0__N_1976: 9 loads, 9 SLICEs
      Net Controller_inst.Controller_RHD_FIFO_1.FIFO_1.lscc_fifo_inst.fifo0._FABRIC.u_fifo.rd_addr_nxt_w_0__N_1985: 9 loads, 9 SLICEs
      Net Controller_inst.Controller_RHD_FIFO_1.FIFO_1.lscc_fifo_inst.fifo0._FABRIC.u_fifo.rd_fifo_en_w: 1 loads, 0 SLICEs
      Net Controller_inst.Controller_RHD_FIFO_1.FIFO_1.lscc_fifo_inst.fifo0._FABRIC.u_fifo.wr_fifo_en_w: 1 loads, 0 SLICEs
   Number of LSRs:  4
      Net o_reset_c_N_2170: 2 loads, 2 SLICEs
      Net o_reset_c: 999 loads, 999 SLICEs
      Net maxfan_replicated_net_1081: 81 loads, 81 SLICEs
      Net maxfan_replicated_net_999: 969 loads, 969 SLICEs
   Top 10 highest fanout non-clock nets:
      Net maxfan_replicated_net_999: 1000 loads
      Net o_reset_c: 1000 loads
      Net Controller_inst.int_STM32_TX_DV: 536 loads
      Net Controller_inst.n19743: 512 loads
      Net Controller_inst.SPI_Master_CS_STM32_1.SPI_Master_1.r_TX_Bit_Count[1]: 200 loads
      Net Controller_inst.SPI_Master_CS_STM32_1.SPI_Master_1.r_TX_Bit_Count[0]: 168 loads
      Net VCC_net: 106 loads
      Net maxfan_replicated_net_1081: 82 loads
      Net Controller_inst.SPI_Master_CS_STM32_1.SPI_Master_1.r_TX_Bit_Count[2]: 73 loads
      Net stim_burst_counter[1]: 62 loads
Running physical design DRC...

WARNING <71003020> - Top module port 'i_RHS_TOP_SPI_MISO_2' does not connect to anything.
WARNING <71003020> - Top module port 'i_RHS_BOTTOM_SPI_MISO_2' does not connect to anything.
WARNING <71003020> - Top module port 'i_RHS_SEL' does not connect to anything.
 


   Number of warnings:  6
   Number of errors:    0

Constraint Summary:
   Total number of constraints: 26
   Total number of constraints dropped: 0


Total CPU Time: 2 secs  
Total REAL Time: 2 secs  
Peak Memory Usage: 114 MB

Checksum -- map: c476f3dd8fb77e45a6b2751c2f3cb3545fcfc50f
Thank you for using Radiant. Total CPU/Elapsed time: 0 secs /2 secs 

pnmainc -run pnmain "FPGA_Intan_Driver_impl_1_par.tcl"

Lattice Place and Route Report for Design "FPGA_Intan_Driver_impl_1_map.udb"
Fri Aug  7 15:18:06 2026

PAR: Place And Route Radiant Software (64-bit) 2023.2.1.288.0.
Command Line: par -w -t 1 -cores 1 -hsp m -exp parPathBased=ON \
	FPGA_Intan_Driver_impl_1_map.udb FPGA_Intan_Driver_impl_1_par.dir/5_1.udb 

Loading FPGA_Intan_Driver_impl_1_map.udb ...
Loading device for application GENERIC from file 'itpa08.nph' in environment: C:/lscc/radiant/2023.2/ispfpga.
Package Status:                     Preliminary    Version 1.5.
Performance Hardware Data Status:   Advanced       Version 1.0.



Design:  top_level
Family:  iCE40UP
Device:  iCE40UP5K
Package: SG48
Performance Grade:   High-Performance_1.2V
WARNING <77001032> - Unable to find the instance/port 'i_RHS_SEL' in the constraint 'ldc_set_location -site {4} [get_ports i_RHS_SEL]'
WARNING <77001031> - In the constraint 'ldc_set_location -site {4} [get_ports i_RHS_SEL]', the locate object is not specified
WARNING <77001032> - Unable to find the instance/port 'i_RHS_BOTTOM_SPI_MISO_2' in the constraint 'ldc_set_location -site {9} [get_ports i_RHS_BOTTOM_SPI_MISO_2]'
WARNING <77001031> - In the constraint 'ldc_set_location -site {9} [get_ports i_RHS_BOTTOM_SPI_MISO_2]', the locate object is not specified
WARNING <70001944> - No source clock for
	generated clock	create_generated_clock -name {pll_clk_int} -source [get_pins {pll_inst/lscc_pll_inst/u_PLL_B/REFERENCECLK}] -multiply_by 4 [get_pins {pll_inst/lscc_pll_inst/u_PLL_B/OUTGLOBAL }] .
WARNING <77001032> - Unable to find the instance/port 'i_RHS_SEL' in the constraint 'ldc_set_location -site {4} [get_ports i_RHS_SEL]'
WARNING <77001031> - In the constraint 'ldc_set_location -site {4} [get_ports i_RHS_SEL]', the locate object is not specified
WARNING <77001032> - Unable to find the instance/port 'i_RHS_BOTTOM_SPI_MISO_2' in the constraint 'ldc_set_location -site {9} [get_ports i_RHS_BOTTOM_SPI_MISO_2]'
WARNING <77001031> - In the constraint 'ldc_set_location -site {9} [get_ports i_RHS_BOTTOM_SPI_MISO_2]', the locate object is not specified

WARNING: Database constraint "create_generated_clock -name {pll_clk_int} -source [get_pins pll_inst.lscc_pll_inst.u_PLL_B/REFERENCECLK] -multiply_by 4 [get_pins pll_inst.lscc_pll_inst.u_PLL_B/OUTGLOBAL]" does not have corresponding timing constraint. Please check if the resource objects of the constraint are valid carefully!
WARNING <71003020> - Top module port 'i_RHS_TOP_SPI_MISO_2' does not connect to anything.
WARNING <71003020> - Top module port 'i_RHS_BOTTOM_SPI_MISO_2' does not connect to anything.
WARNING <71003020> - Top module port 'i_RHS_SEL' does not connect to anything.
WARNING <71003020> - Top module port 'i_RHS_TOP_SPI_MISO_2' does not connect to anything.
WARNING <71003020> - Top module port 'i_RHS_BOTTOM_SPI_MISO_2' does not connect to anything.
WARNING <71003020> - Top module port 'i_RHS_SEL' does not connect to anything.
WARNING <71003020> - Top module port 'i_RHS_TOP_SPI_MISO_2' does not connect to anything.
WARNING <71003020> - Top module port 'i_RHS_BOTTOM_SPI_MISO_2' does not connect to anything.
WARNING <71003020> - Top module port 'i_RHS_SEL' does not connect to anything.
WARNING <71003020> - Top module port 'i_RHS_TOP_SPI_MISO_2' does not connect to anything.
WARNING <71003020> - Top module port 'i_RHS_BOTTOM_SPI_MISO_2' does not connect to anything.
WARNING <71003020> - Top module port 'i_RHS_SEL' does not connect to anything.
Number of Signals: 5636
Number of Connections: 15273
Device utilization summary:

   SLICE (est.)    1752/2640         66% used
     LUT           3296/5280         62% used
     REG           2083/5280         39% used
   PIO               30/56           54% used
                     30/36           83% bonded
   IOLOGIC            0/56            0% used
   DSP                0/8             0% used
   I2C                0/2             0% used
   HFOSC              0/1             0% used
   LFOSC              0/1             0% used
   LEDDA_IP           0/1             0% used
   RGBA_DRV           0/1             0% used
   FILTER             0/2             0% used
   SRAM               0/4             0% used
   WARMBOOT           0/1             0% used
   SPI                0/2             0% used
   EBR                1/30            3% used
   PLL                1/1           100% used
   RGBOUTBUF          0/3             0% used
   I3C                0/2             0% used
   OPENDRAIN          3/3           100% used

Pin Constraint Summary:
   20 out of 30 pins locked (66% locked).
.
.............
Finished Placer Phase 0 (HIER). CPU time: 4 secs , REAL time: 5 secs 


................
Finished Placer Phase 0 (AP).  CPU time: 7 secs , REAL time: 8 secs 

Starting Placer Phase 1. CPU time: 7 secs , REAL time: 8 secs 
..  ..
....................

Placer score = 609291.

Device SLICE utilization summary after final SLICE packing:
   SLICE           1733/2640         65% used

WARNING <70001944> - No source clock for
	generated clock	create_generated_clock -name {pll_clk_int} -source [get_pins {pll_inst/lscc_pll_inst/u_PLL_B/REFERENCECLK}] -multiply_by 4 [get_pins {pll_inst/lscc_pll_inst/u_PLL_B/OUTGLOBAL }] .
WARNING <77001032> - Unable to find the instance/port 'i_RHS_SEL' in the constraint 'ldc_set_location -site {4} [get_ports i_RHS_SEL]'
WARNING <77001031> - In the constraint 'ldc_set_location -site {4} [get_ports i_RHS_SEL]', the locate object is not specified
WARNING <77001032> - Unable to find the instance/port 'i_RHS_BOTTOM_SPI_MISO_2' in the constraint 'ldc_set_location -site {9} [get_ports i_RHS_BOTTOM_SPI_MISO_2]'
WARNING <77001031> - In the constraint 'ldc_set_location -site {9} [get_ports i_RHS_BOTTOM_SPI_MISO_2]', the locate object is not specified
Finished Placer Phase 1. CPU time: 27 secs , REAL time: 28 secs 

Starting Placer Phase 2.
.

Placer score =  673940
Finished Placer Phase 2.  CPU time: 27 secs , REAL time: 29 secs 


------------------ Clock Report ------------------

Global Clocks :
  PRIMARY "pll_clk_int" from OUTGLOBAL on comp "pll_inst.lscc_pll_inst.u_PLL_B" on site "PLL_R13C32", clk load = 1142, ce load = 0, sr load = 0
  PRIMARY "o_reset_c" from Q1 on comp "Controller_inst.SLICE_3142" on site "R12C26A", clk load = 0, ce load = 0, sr load = 531
  PRIMARY "maxfan_replicated_net_999" from Q1 on comp "SLICE_135" on site "R12C7D", clk load = 0, ce load = 0, sr load = 538
  PRIMARY "Controller_inst.n19743" from F1 on comp "Controller_inst.SLICE_2754" on site "R16C2A", clk load = 0, ce load = 275, sr load = 0
  PRIMARY "Controller_inst.int_STM32_TX_DV" from Q1 on comp "Controller_inst.SLICE_2209" on site "R17C26A", clk load = 0, ce load = 259, sr load = 0

  PRIMARY  : 5 out of 8 (62%)

--------------- End of Clock Report ---------------


I/O Usage Summary (final):
   30 out of 56 (53.6%) I/O sites used.
   30 out of 36 (83.3%) bonded I/O sites used.
   Number of I/O components: 30; differential: 0
   Number of Vref pins used: 0

I/O Bank Usage Summary:
+----------+----------------+------------+------------+------------+
| I/O Bank | Usage          | Bank Vccio | Bank Vref1 | Bank Vref2 |
+----------+----------------+------------+------------+------------+
| 0        | 13 / 14 ( 92%) | 3.3V       |            |            |
| 1        | 9 / 14 ( 64%)  | 3.3V       |            |            |
| 2        | 8 / 8 (100%)   | 3.3V       |            |            |
+----------+----------------+------------+------------+------------+

Total Placer CPU time: 27 secs , REAL time: 29 secs 


Checksum -- place: b6ceae21a7c59ccb7735e944fd0625d6ded7b9
Writing design to file FPGA_Intan_Driver_impl_1_par.dir/5_1.udb ...

WARNING <77001032> - Unable to find the instance/port 'i_RHS_SEL' in the constraint 'ldc_set_location -site {4} [get_ports i_RHS_SEL]'
WARNING <77001031> - In the constraint 'ldc_set_location -site {4} [get_ports i_RHS_SEL]', the locate object is not specified
WARNING <77001032> - Unable to find the instance/port 'i_RHS_BOTTOM_SPI_MISO_2' in the constraint 'ldc_set_location -site {9} [get_ports i_RHS_BOTTOM_SPI_MISO_2]'
WARNING <77001031> - In the constraint 'ldc_set_location -site {9} [get_ports i_RHS_BOTTOM_SPI_MISO_2]', the locate object is not specified

Start NBR router at 15:18:35 08/07/26

*****************************************************************
Info: NBR allows conflicts(one node used by more than one signal)
      in the earlier iterations. In each iteration, it tries to  
      solve the conflicts while keeping the critical connections 
      routed as short as possible. The routing process is said to
      be completed when no conflicts exist and all connections   
      are routed.                                                
Note: NBR uses a different method to calculate timing slacks. The
      worst slack and total negative slack may not be the same as
      that in timing report. You should always run the timing    
      tool to verify your design.                                
*****************************************************************

Starting routing resource preassignment
Preassignment Summary:
--------------------------------------------------------------------------------
2310 connections routed with dedicated routing resources
5 global clock signals routed
5055 connections routed (of 12564 total) (40.23%)
---------------------------------------------------------
Clock routing summary:
Primary clocks (5 used out of 8 available):
#0  Signal "maxfan_replicated_net_999"
       Control loads: 538   out of   538 routed (100.00%)
       Data    loads: 0     out of    31 routed (  0.00%)
#1  Signal "Controller_inst.int_STM32_TX_DV"
       Control loads: 259   out of   259 routed (100.00%)
       Data    loads: 0     out of    24 routed (  0.00%)
#4  Signal "o_reset_c"
       Control loads: 531   out of   531 routed (100.00%)
       Data    loads: 0     out of     1 routed (  0.00%)
#5  Signal "Controller_inst.n19743"
       Control loads: 275   out of   275 routed (100.00%)
#7  Signal "pll_clk_int"
       Clock   loads: 1142  out of  1142 routed (100.00%)
Other clocks:
    Signal "i_clk_c"
       Clock   loads: 1     out of     1 routed (100.00%)
    Signal "pll_inst.lscc_pll_inst.feedback_w"
       Clock   loads: 1     out of     1 routed (100.00%)
---------------------------------------------------------
--------------------------------------------------------------------------------
Completed routing resource preassignment
WARNING <70001944> - No source clock for
	generated clock	create_generated_clock -name {pll_clk_int} -source [get_pins {pll_inst/lscc_pll_inst/u_PLL_B/REFERENCECLK}] -multiply_by 4 [get_pins {pll_inst/lscc_pll_inst/u_PLL_B/OUTGLOBAL }] .
    TimerIf::skewscore 0

Start NBR section for initial routing at 15:18:37 08/07/26
Level 4, iteration 1
+++++++++++++++++++++++++++++++++++++++++++++++++++++++++++++++++++
Routing in Serial Mode ......
+++++++++++++++++++++++++++++++++++++++++++++++++++++++++++++++++++
194(0.07%) conflicts; 0(0.00%) untouched conn; 0 (nbr) score; 0 (nbr) score; real time: 14 secs 

Info: Initial congestion level at 75.00% usage is 0
Info: Initial congestion area  at 75.00% usage is 0 (0.00%)

Start NBR section for normal routing at 15:18:49 08/07/26
Level 4, iteration 1
20(0.01%) conflicts; 0(0.00%) untouched conn; 0 (nbr) score; 0 (nbr) score; real time: 14 secs 
Level 4, iteration 2
15(0.01%) conflicts; 0(0.00%) untouched conn; 0 (nbr) score; 0 (nbr) score; real time: 14 secs 
Level 4, iteration 3
3(0.00%) conflicts; 0(0.00%) untouched conn; 0 (nbr) score; 0 (nbr) score; real time: 14 secs 
Level 4, iteration 4
3(0.00%) conflicts; 0(0.00%) untouched conn; 0 (nbr) score; 0 (nbr) score; real time: 14 secs 
Level 4, iteration 5
0(0.00%) conflict; 0(0.00%) untouched conn; 0 (nbr) score; 0 (nbr) score; real time: 15 secs 

Start NBR section for post-routing at 15:18:50 08/07/26

End NBR router with 0 unrouted connection
WARNING <70001944> - No source clock for
	generated clock	create_generated_clock -name {pll_clk_int} -source [get_pins {pll_inst/lscc_pll_inst/u_PLL_B/REFERENCECLK}] -multiply_by 4 [get_pins {pll_inst/lscc_pll_inst/u_PLL_B/OUTGLOBAL }] .
Requested speed is the same as database speed
Changing speed to m;   changing temperature to -40
Changing speed to 6;   changing temperature to 100

Checksum -- route: 140307654c14e267127a273fc47e8a4fd9e904c5

Total CPU time 16 secs 
Total REAL time: 17 secs 
Completely routed.
End of route.  12564 routed (100.00%); 0 unrouted.

Writing design to file FPGA_Intan_Driver_impl_1_par.dir/5_1.udb ...


PAR_SUMMARY::Run status = Completed
PAR_SUMMARY::Number of unrouted conns = 0
PAR_SUMMARY::Estimated worst slack<setup/<ns>> = <n/a>
PAR_SUMMARY::Timing score<setup/<ns>> = <n/a>
PAR_SUMMARY::Estimated worst slack<hold/<ns>> = <n/a>
PAR_SUMMARY::Timing score<hold/<ns>> = <n/a>
PAR_SUMMARY::Number of errors = 0

Note: user must run 'timing' for timing closure signoff.

Total CPU  Time: 45 secs 
Total REAL Time: 47 secs 
Peak Memory Usage: 191.35 MB


par done!

Copyright (c) 1991-1994 by NeoCAD Inc. All rights reserved.
Copyright (c) 1995 AT&T Corp.   All rights reserved.
Copyright (c) 1995-2001 Lucent Technologies Inc.  All rights reserved.
Copyright (c) 2001 Agere Systems   All rights reserved.
Copyright (c) 2002-2023 Lattice Semiconductor Corporation,  All rights reserved.
Thank you for using Radiant. Total CPU/Elapsed time: 0 secs /47 secs 

timing -sethld -v 10 -u 10 -endpoints 10 -nperend 1 -sp High-Performance_1.2V -hsp m   -pwrprd -html -rpt "FPGA_Intan_Driver_impl_1.twr" "FPGA_Intan_Driver_impl_1.udb" 
timing -sethld -v 10 -u 10 -endpoints 10 -nperend 1 -sp High-Performance_1.2V -hsp m -pwrprd -html -rpt FPGA_Intan_Driver_impl_1.twr FPGA_Intan_Driver_impl_1.udb -gui -msgset C:/Users/david/Desktop/WiFi Headstage/WiFiHeadstage V2/FPGA/FPGA_RHS_Driver/promote.xml
Starting design reading...
Loading device for application GENERIC from file 'itpa08.nph' in environment: C:/lscc/radiant/2023.2/ispfpga.
Package Status:                     Preliminary    Version 1.5.
Performance Hardware Data Status:   Advanced       Version 1.0.
Loading udb::Database ...
Design:  top_level
Family:  iCE40UP
Device:  iCE40UP5K
Package: SG48
Performance Grade:   High-Performance_1.2V



Successfully loading udb, 0.20 seconds

Initializing timer
Starting design annotation....
WARNING <70001944> - No source clock for
	generated clock	create_generated_clock -name {pll_clk_int} -source [get_pins {pll_inst/lscc_pll_inst/u_PLL_B/REFERENCECLK}] -multiply_by 4 [get_pins {pll_inst/lscc_pll_inst/u_PLL_B/OUTGLOBAL }] .
High-Performance_1.2V

Starting full timing analysis...
Performance Hardware Data Status:   Advanced       Version 1.0.
Connections ignored  1142  counted  11279  covered  0
Changing speed to m;   changing temperature to -40

STA Runtime and Peak Memory Usage :
Total CPU Time: 6 secs 
Total REAL Time: 7 secs 
Peak Memory Usage: 139 MB

 6.507672s wall, 6.234375s user + 0.125000s system = 6.359375s CPU (97.7%)


tmcheck -par "FPGA_Intan_Driver_impl_1.par" 

pnmainc -run pnmain "FPGA_Intan_Driver_impl_1_bit.tcl"
Loading FPGA_Intan_Driver_impl_1.udb ...
Loading device for application GENERIC from file 'itpa08.nph' in environment: C:/lscc/radiant/2023.2/ispfpga.
Package Status:                     Preliminary    Version 1.5.
Performance Hardware Data Status:   Advanced       Version 1.0.



Design:  top_level
Family:  iCE40UP
Device:  iCE40UP5K
Package: SG48
Performance Grade:   High-Performance_1.2V
WARNING <77001032> - bitgen: Unable to find the instance/port 'i_RHS_SEL' in the constraint 'ldc_set_location -site {4} [get_ports i_RHS_SEL]'

WARNING <77001031> - bitgen: In the constraint 'ldc_set_location -site {4} [get_ports i_RHS_SEL]', the locate object is not specified

WARNING <77001032> - bitgen: Unable to find the instance/port 'i_RHS_BOTTOM_SPI_MISO_2' in the constraint 'ldc_set_location -site {9} [get_ports i_RHS_BOTTOM_SPI_MISO_2]'

WARNING <77001031> - bitgen: In the constraint 'ldc_set_location -site {9} [get_ports i_RHS_BOTTOM_SPI_MISO_2]', the locate object is not specified

Successfully loading design udb and device data from disks and to up-layer in CPU time: 0 secs , REAL time: 0 secs 



BITGEN: Bitstream Generator Radiant Software (64-bit) 2023.2.1.288.0
Copyright (c) 1991-1994 by NeoCAD Inc. All rights reserved.
Copyright (c) 1995 AT&T Corp.   All rights reserved.
Copyright (c) 1995-2001 Lucent Technologies Inc.  All rights reserved.
Copyright (c) 2001 Agere Systems   All rights reserved.
Copyright (c) 2002-2023 Lattice Semiconductor Corporation,  All rights reserved.


Running DRC.
DRC detected 0 errors and 0 warnings.

Preference Summary:
+---------------------------------+---------------------------------+
|  Preference                     |  Current Setting                |
+---------------------------------+---------------------------------+
 *  Default setting.
 ** The specified setting matches the default setting.


Creating bit map...
Saving bit stream in "C:/Users/david/Desktop/WiFi Headstage/WiFiHeadstage V2/FPGA/FPGA_RHS_Driver/impl_1/FPGA_Intan_Driver_impl_1.bin".
Bitstream generation complete!

Total CPU Time: 1 secs 
Total REAL Time: 2 secs 
Peak Memory Usage: 152 MB

Thank you for using Radiant. Total CPU/Elapsed time: 0 secs /2 secs 

ibisgen "FPGA_Intan_Driver_impl_1.udb" "C:/lscc/radiant/2023.2/cae_library/ibis/iCE40UP.ibs"
IBIS Models Generator: Lattice Radiant Software (64-bit) 2023.2.1.288.0

Fri Aug  7 15:19:08 2026

Loading FPGA_Intan_Driver_impl_1.udb ...
Loading device for application GENERIC from file 'itpa08.nph' in environment: C:/lscc/radiant/2023.2/ispfpga.
Package Status:                     Preliminary    Version 1.5.
Performance Hardware Data Status:   Advanced       Version 1.0.



Design:  top_level
Family:  iCE40UP
Device:  iCE40UP5K
Package: SG48
Performance Grade:   High-Performance_1.2V
WARNING <77001032> - Unable to find the instance/port 'i_RHS_SEL' in the constraint 'ldc_set_location -site {4} [get_ports i_RHS_SEL]'
WARNING <77001031> - In the constraint 'ldc_set_location -site {4} [get_ports i_RHS_SEL]', the locate object is not specified
WARNING <77001032> - Unable to find the instance/port 'i_RHS_BOTTOM_SPI_MISO_2' in the constraint 'ldc_set_location -site {9} [get_ports i_RHS_BOTTOM_SPI_MISO_2]'
WARNING <77001031> - In the constraint 'ldc_set_location -site {9} [get_ports i_RHS_BOTTOM_SPI_MISO_2]', the locate object is not specified
Successfully loading design udb and device data from disks and to up-layer in CPU time: 0 secs , REAL time: 0 secs 

Created design models.


Generating: C:\Users\david\Desktop\WiFi Headstage\WiFiHeadstage V2\FPGA\FPGA_RHS_Driver\impl_1\IBIS\FPGA_Intan_Driver_impl_1.ibs


INFO <1191031> - Design IBIS models are generated for board level analysis.

backanno "FPGA_Intan_Driver_impl_1.udb"  -o "FPGA_Intan_Driver_impl_1_vo.vo"      -sp "High-Performance_1.2V"  -w -neg
backanno: version Radiant Software (64-bit) 2023.2.1.288.0
Copyright (c) 1991-1994 by NeoCAD Inc. All rights reserved.
Copyright (c) 1995 AT&T Corp.   All rights reserved.
Copyright (c) 1995-2001 Lucent Technologies Inc.  All rights reserved.
Copyright (c) 2001 Agere Systems   All rights reserved.
Copyright (c) 2002-2023 Lattice Semiconductor Corporation,  All rights reserved.

Loading device for application GENERIC from file 'itpa08.nph' in environment: C:/lscc/radiant/2023.2/ispfpga.
Package Status:                     Preliminary    Version 1.5.
Loading udb::Database ...
Design:  top_level
Family:  iCE40UP
Device:  iCE40UP5K
Package: SG48
Performance Grade:   High-Performance_1.2V
Performance Hardware Data Status:   Advanced       Version 1.0.



Writing a verilog netlist based on the FPGA_Intan_Driver_impl_1 design file.

Writing Verilog netlist to file FPGA_Intan_Driver_impl_1_vo.vo
Writing SDF timing to file FPGA_Intan_Driver_impl_1_vo.sdf
Backanno finished with 0 posted error messages.
Total CPU Time: 7 secs 
Total REAL Time: 8 secs 
Peak Memory Usage: 207 MB
